{
  "properties": {
    "connectionReferences": {
      "shared_commondataserviceforapps_1": {
        "runtimeSource": "embedded",
        "connection": {
          "connectionReferenceLogicalName": "ikam_DataverseSAConnRef"
        },
        "api": {
          "name": "shared_commondataserviceforapps"
        }
      }
    },
    "definition": {
      "$schema": "https://schema.management.azure.com/providers/Microsoft.Logic/schemas/2016-06-01/workflowdefinition.json#",
      "contentVersion": "1.0.0.0",
      "parameters": {
        "$connections": {
          "defaultValue": {},
          "type": "Object"
        },
        "$authentication": {
          "defaultValue": {},
          "type": "SecureObject"
        }
      },
      "triggers": {
        "When__Category_Location_Map_is_created_": {
          "metadata": {
            "operationMetadataId": "adf36b3b-124e-45aa-9b4d-93a9ec0ea4bf"
          },
          "type": "OpenApiConnectionWebhook",
          "inputs": {
            "host": {
              "connectionName": "shared_commondataserviceforapps_1",
              "operationId": "SubscribeWebhookTrigger",
              "apiId": "/providers/Microsoft.PowerApps/apis/shared_commondataserviceforapps"
            },
            "parameters": {
              "subscriptionRequest/message": 4,
              "subscriptionRequest/entityname": "ikam_assetlocationmap",
              "subscriptionRequest/scope": 4,
              "subscriptionRequest/filteringattributes": "ikam_officelocation,ikam_name,ikam_assettype",
              "subscriptionRequest/filterexpression": "ikam_name ne 'Other'"
            },
            "authentication": "@parameters('$authentication')"
          }
        }
      },
      "actions": {
        "Get_IT_Team": {
          "runAfter": {
            "Condition": [
              "Succeeded"
            ]
          },
          "metadata": {
            "operationMetadataId": "b6314be6-b905-4c8e-b00e-ed07fe9ca68b"
          },
          "type": "OpenApiConnection",
          "inputs": {
            "host": {
              "connectionName": "shared_commondataserviceforapps_1",
              "operationId": "ListRecords",
              "apiId": "/providers/Microsoft.PowerApps/apis/shared_commondataserviceforapps"
            },
            "parameters": {
              "entityName": "teams",
              "$filter": "_ikam_location_value eq @{triggerOutputs()?['body/_ikam_officelocation_value']}  and ikam_role eq @{variables('varRole')}"
            },
            "authentication": "@parameters('$authentication')"
          }
        },
        "Apply_to_each": {
          "foreach": "@outputs('Get_IT_Team')?['body/value']",
          "actions": {
            "Update_a_row": {
              "runAfter": {},
              "metadata": {
                "operationMetadataId": "7372239d-e0b8-4427-8251-f3c791002261"
              },
              "type": "OpenApiConnection",
              "inputs": {
                "host": {
                  "connectionName": "shared_commondataserviceforapps_1",
                  "operationId": "UpdateRecord",
                  "apiId": "/providers/Microsoft.PowerApps/apis/shared_commondataserviceforapps"
                },
                "parameters": {
                  "entityName": "ikam_assetlocationmaps",
                  "recordId": "@triggerOutputs()?['body/ikam_assetlocationmapid']",
                  "item/ownerid@odata.bind": "teams(@{items('Apply_to_each')?['teamid']})"
                },
                "authentication": "@parameters('$authentication')"
              }
            }
          },
          "runAfter": {
            "Get_IT_Team": [
              "Succeeded"
            ]
          },
          "metadata": {
            "operationMetadataId": "d94649a6-16a1-46a7-8bfe-97c71028a123"
          },
          "type": "Foreach"
        },
        "Initialize_variable": {
          "runAfter": {},
          "metadata": {
            "operationMetadataId": "a9e111f7-b20f-4be7-a0ce-75a1a7e10684"
          },
          "type": "InitializeVariable",
          "inputs": {
            "variables": [
              {
                "name": "varRole",
                "type": "integer"
              }
            ]
          }
        },
        "Condition": {
          "actions": {
            "Set_variable": {
              "runAfter": {},
              "metadata": {
                "operationMetadataId": "f0d05a63-f772-4ebd-a741-d72ccda57b3e"
              },
              "type": "SetVariable",
              "inputs": {
                "name": "varRole",
                "value": 989100003
              }
            }
          },
          "runAfter": {
            "Initialize_variable": [
              "Succeeded"
            ]
          },
          "else": {
            "actions": {
              "Set_variable_2": {
                "runAfter": {},
                "metadata": {
                  "operationMetadataId": "8034ef4f-b862-45ea-8e5e-04ee5cae6565"
                },
                "type": "SetVariable",
                "inputs": {
                  "name": "varRole",
                  "value": 989100001
                }
              }
            }
          },
          "expression": {
            "equals": [
              "@triggerOutputs()?['body/ikam_assettype']",
              989100001
            ]
          },
          "metadata": {
            "operationMetadataId": "00d19dee-765a-4992-b0a6-ab0f1f935c80"
          },
          "type": "If"
        }
      },
      "outputs": {}
    },
    "templateName": ""
  },
  "schemaVersion": "1.0.0.0"
}