{
  "properties": {
    "connectionReferences": {
      "shared_commondataserviceforapps_1": {
        "runtimeSource": "embedded",
        "connection": {
          "connectionReferenceLogicalName": "ikam_DataverseSAConnRef"
        },
        "api": {
          "name": "shared_commondataserviceforapps"
        }
      }
    },
    "definition": {
      "$schema": "https://schema.management.azure.com/providers/Microsoft.Logic/schemas/2016-06-01/workflowdefinition.json#",
      "contentVersion": "1.0.0.0",
      "parameters": {
        "$connections": {
          "defaultValue": {},
          "type": "Object"
        },
        "$authentication": {
          "defaultValue": {},
          "type": "SecureObject"
        }
      },
      "triggers": {
        "manual": {
          "metadata": {
            "operationMetadataId": "bde6f6f1-a593-49b3-8a83-08973032e7f0"
          },
          "type": "Request",
          "kind": "Button",
          "inputs": {
            "schema": {
              "type": "object",
              "properties": {},
              "required": []
            }
          }
        }
      },
      "actions": {
        "List_Parent_Assets": {
          "runAfter": {
            "Compose": [
              "Succeeded"
            ]
          },
          "metadata": {
            "operationMetadataId": "7d09a62c-5d75-4830-bf84-37a48715011f"
          },
          "type": "OpenApiConnection",
          "inputs": {
            "host": {
              "connectionName": "shared_commondataserviceforapps_1",
              "operationId": "ListRecords",
              "apiId": "/providers/Microsoft.PowerApps/apis/shared_commondataserviceforapps"
            },
            "parameters": {
              "entityName": "ikam_assetinventories",
              "$select": "ikam_batchid,ikam_name,ikam_bulkrecords,ikam_assetinventoryid,_ikam_assetinventory_selfid_value",
              "$filter": "statuscode eq 989100007 and ikam_batchid eq null"
            },
            "authentication": {
              "type": "Raw",
              "value": "@json(decodeBase64(triggerOutputs().headers['X-MS-APIM-Tokens']))['$ConnectionKey']"
            }
          }
        },
        "Condition": {
          "actions": {
            "Apply_to_each_2": {
              "foreach": "@outputs('List_Parent_Assets')?['body/value']",
              "actions": {
                "List_Child_Assets": {
                  "runAfter": {},
                  "metadata": {
                    "operationMetadataId": "b53f1c8c-6651-466f-8741-00ac1aec3dde"
                  },
                  "type": "OpenApiConnection",
                  "inputs": {
                    "host": {
                      "connectionName": "shared_commondataserviceforapps_1",
                      "operationId": "ListRecords",
                      "apiId": "/providers/Microsoft.PowerApps/apis/shared_commondataserviceforapps"
                    },
                    "parameters": {
                      "entityName": "ikam_assetinventories",
                      "$select": "ikam_batchid,ikam_name,ikam_bulkrecords,ikam_assetinventoryid,_ikam_assetinventory_selfid_value",
                      "$filter": "_ikam_assetinventory_selfid_value eq '@{items('Apply_to_each_2')?['ikam_assetinventoryid']}'"
                    },
                    "authentication": {
                      "type": "Raw",
                      "value": "@json(decodeBase64(triggerOutputs().headers['X-MS-APIM-Tokens']))['$ConnectionKey']"
                    }
                  }
                },
                "Condition_2": {
                  "actions": {
                    "Apply_to_each_3": {
                      "foreach": "@outputs('List_Child_Assets')?['body/value']",
                      "actions": {
                        "Update_Batch_ID_Child": {
                          "runAfter": {},
                          "metadata": {
                            "operationMetadataId": "fde321eb-987d-4a6c-afd1-b775f46b3262"
                          },
                          "type": "OpenApiConnection",
                          "inputs": {
                            "host": {
                              "connectionName": "shared_commondataserviceforapps_1",
                              "operationId": "UpdateRecord",
                              "apiId": "/providers/Microsoft.PowerApps/apis/shared_commondataserviceforapps"
                            },
                            "parameters": {
                              "entityName": "ikam_assetinventories",
                              "recordId": "@items('Apply_to_each_3')?['ikam_assetinventoryid']",
                              "item/ikam_batchid": "@body('Format_number')"
                            },
                            "authentication": {
                              "type": "Raw",
                              "value": "@json(decodeBase64(triggerOutputs().headers['X-MS-APIM-Tokens']))['$ConnectionKey']"
                            }
                          }
                        }
                      },
                      "runAfter": {},
                      "metadata": {
                        "operationMetadataId": "23b9bde7-fd4e-405f-841b-2b23b2dfefde"
                      },
                      "type": "Foreach"
                    }
                  },
                  "runAfter": {
                    "Format_number": [
                      "Succeeded"
                    ]
                  },
                  "expression": {
                    "greater": [
                      "@length(outputs('List_Child_Assets')?['body/value'])",
                      0
                    ]
                  },
                  "metadata": {
                    "operationMetadataId": "d2ce47d4-19ff-4e50-897f-d2fdc4290a71"
                  },
                  "type": "If"
                },
                "Format_number": {
                  "runAfter": {
                    "List_Child_Assets": [
                      "Succeeded"
                    ]
                  },
                  "metadata": {
                    "operationMetadataId": "f93f767e-1f79-4d1f-af0e-5c7361a6231d"
                  },
                  "type": "Expression",
                  "kind": "FormatNumber",
                  "inputs": {
                    "number": "@variables('varParentAssetNumber')",
                    "format": "B-@{variables('varParentAssetNumber')}"
                  }
                },
                "Increase_Batch_ID": {
                  "runAfter": {
                    "Update_Batch_ID_Parent": [
                      "Succeeded"
                    ]
                  },
                  "metadata": {
                    "operationMetadataId": "297368fa-ce78-4acb-bfab-78f307d882b1"
                  },
                  "type": "IncrementVariable",
                  "inputs": {
                    "name": "varParentAssetNumber",
                    "value": 1
                  }
                },
                "Update_Batch_ID_Parent": {
                  "runAfter": {
                    "Condition_2": [
                      "Succeeded"
                    ]
                  },
                  "metadata": {
                    "operationMetadataId": "d439799d-f776-4cd9-a21f-dd4c4148cde1"
                  },
                  "type": "OpenApiConnection",
                  "inputs": {
                    "host": {
                      "connectionName": "shared_commondataserviceforapps_1",
                      "operationId": "UpdateRecord",
                      "apiId": "/providers/Microsoft.PowerApps/apis/shared_commondataserviceforapps"
                    },
                    "parameters": {
                      "entityName": "ikam_assetinventories",
                      "recordId": "@items('Apply_to_each_2')?['ikam_assetinventoryid']",
                      "item/ikam_batchid": "@body('Format_number')"
                    },
                    "authentication": {
                      "type": "Raw",
                      "value": "@json(decodeBase64(triggerOutputs().headers['X-MS-APIM-Tokens']))['$ConnectionKey']"
                    }
                  }
                }
              },
              "runAfter": {
                "Condition_3": [
                  "Succeeded"
                ]
              },
              "metadata": {
                "operationMetadataId": "e6f0387b-863f-4969-b301-1ebb8f541dea"
              },
              "type": "Foreach"
            },
            "Condition_3": {
              "actions": {
                "Set_batch_ID_2": {
                  "runAfter": {},
                  "metadata": {
                    "operationMetadataId": "776ec7b8-d46d-47eb-8467-fc6a4d541937"
                  },
                  "type": "SetVariable",
                  "inputs": {
                    "name": "varParentAssetNumber",
                    "value": "@outputs('Compose')?['BID']"
                  }
                },
                "Increment_variable": {
                  "runAfter": {
                    "Set_batch_ID_2": [
                      "Succeeded"
                    ]
                  },
                  "metadata": {
                    "operationMetadataId": "a7bbb6c2-e560-42fd-9c91-249b848ae5a3"
                  },
                  "type": "IncrementVariable",
                  "inputs": {
                    "name": "varParentAssetNumber",
                    "value": 1
                  }
                }
              },
              "runAfter": {},
              "else": {
                "actions": {
                  "Set_batch_ID": {
                    "runAfter": {},
                    "metadata": {
                      "operationMetadataId": "776ec7b8-d46d-47eb-8467-fc6a4d541937"
                    },
                    "type": "SetVariable",
                    "inputs": {
                      "name": "varParentAssetNumber",
                      "value": 1
                    }
                  }
                }
              },
              "expression": {
                "greater": [
                  "@outputs('Compose')?['BID']",
                  0
                ]
              },
              "metadata": {
                "operationMetadataId": "2f2b812a-44ec-4c9b-b199-03d1cf206165"
              },
              "type": "If"
            }
          },
          "runAfter": {
            "Initialize_variable": [
              "Succeeded"
            ]
          },
          "expression": {
            "greater": [
              "@length(outputs('List_Parent_Assets')?['body/value'])",
              0
            ]
          },
          "metadata": {
            "operationMetadataId": "66561cd3-e9ba-4859-af69-b8d989c3ecf9"
          },
          "type": "If"
        },
        "Initialize_variable": {
          "runAfter": {
            "List_Parent_Assets": [
              "Succeeded"
            ]
          },
          "metadata": {
            "operationMetadataId": "b7197071-dec5-4577-a173-64c4fc8a9bc5"
          },
          "type": "InitializeVariable",
          "inputs": {
            "variables": [
              {
                "name": "varParentAssetNumber",
                "type": "integer"
              }
            ]
          }
        },
        "List_rows": {
          "runAfter": {},
          "metadata": {
            "operationMetadataId": "e2e4100b-62d7-479e-86e8-f180d3f762a1"
          },
          "type": "OpenApiConnection",
          "inputs": {
            "host": {
              "connectionName": "shared_commondataserviceforapps_1",
              "operationId": "ListRecords",
              "apiId": "/providers/Microsoft.PowerApps/apis/shared_commondataserviceforapps"
            },
            "parameters": {
              "entityName": "ikam_assetinventories",
              "$select": "ikam_batchid,ikam_name,ikam_bulkrecords,ikam_assetinventoryid,_ikam_assetinventory_selfid_value",
              "$filter": "statuscode eq 989100007 and ikam_batchid ne null"
            },
            "authentication": {
              "type": "Raw",
              "value": "@json(decodeBase64(triggerOutputs().headers['X-MS-APIM-Tokens']))['$ConnectionKey']"
            }
          }
        },
        "Compose": {
          "runAfter": {
            "Select": [
              "Succeeded"
            ]
          },
          "metadata": {
            "operationMetadataId": "ca3c9484-6265-489c-83ee-660e6eaf95e5"
          },
          "type": "Compose",
          "inputs": "@last(sort(body('Select'),'BID'))"
        },
        "Select": {
          "runAfter": {
            "List_rows": [
              "Succeeded"
            ]
          },
          "metadata": {
            "operationMetadataId": "418f18fc-6601-4635-8b25-cd473c98f578"
          },
          "type": "Select",
          "inputs": {
            "from": "@outputs('List_rows')?['body/value']",
            "select": {
              "BID": "@int(split(item()['ikam_batchid'],'-')[1])"
            }
          }
        }
      }
    },
    "templateName": ""
  },
  "schemaVersion": "1.0.0.0"
}