{
  "properties": {
    "connectionReferences": {
      "shared_commondataserviceforapps_1": {
        "runtimeSource": "embedded",
        "connection": {
          "connectionReferenceLogicalName": "ikam_DataverseSAConnRef"
        },
        "api": {
          "name": "shared_commondataserviceforapps"
        }
      },
      "shared_commondataserviceforapps_2": {
        "runtimeSource": "embedded",
        "connection": {
          "connectionReferenceLogicalName": "ikam_DataverseSAConnRef"
        },
        "api": {
          "name": "shared_commondataserviceforapps"
        }
      }
    },
    "definition": {
      "$schema": "https://schema.management.azure.com/providers/Microsoft.Logic/schemas/2016-06-01/workflowdefinition.json#",
      "contentVersion": "1.0.0.0",
      "parameters": {
        "$connections": {
          "defaultValue": {},
          "type": "Object"
        },
        "$authentication": {
          "defaultValue": {},
          "type": "SecureObject"
        }
      },
      "triggers": {
        "manual": {
          "metadata": {
            "operationMetadataId": "1a1149eb-5bf4-4933-a9c8-010009688689"
          },
          "type": "Request",
          "kind": "Button",
          "inputs": {
            "schema": {
              "type": "object",
              "properties": {},
              "required": []
            }
          }
        }
      },
      "actions": {
        "List_rows_2": {
          "runAfter": {
            "List_rows_4": [
              "Succeeded"
            ]
          },
          "metadata": {
            "operationMetadataId": "14562108-04c9-4c5f-a72e-4861fcbc770b"
          },
          "type": "OpenApiConnection",
          "inputs": {
            "host": {
              "connectionName": "shared_commondataserviceforapps_1",
              "operationId": "ListRecords",
              "apiId": "/providers/Microsoft.PowerApps/apis/shared_commondataserviceforapps"
            },
            "parameters": {
              "entityName": "ikam_assetinventories",
              "$select": "ikam_assetinventoryid,ikam_officelocation",
              "fetchXml": "<fetch version=\"1.0\" output-format=\"xml-platform\" mapping=\"logical\" distinct=\"false\">\n<entity name=\"ikam_assetinventory\">\n<attribute name=\"ikam_assetinventoryid\"/>\n<attribute name=\"ikam_officelocation\"/>\n<filter type=\"and\">\n<condition attribute=\"owneridname\" operator=\"like\" value=\"%Admin%\"/>\n</filter>\n</entity>\n</fetch>"
            },
            "authentication": {
              "type": "Raw",
              "value": "@json(decodeBase64(triggerOutputs().headers['X-MS-APIM-Tokens']))['$ConnectionKey']"
            }
          }
        },
        "Select": {
          "runAfter": {
            "Filter_array_4": [
              "Succeeded"
            ]
          },
          "metadata": {
            "operationMetadataId": "59cc7c20-3222-4b59-97fc-35e14cecd8e2"
          },
          "type": "Select",
          "inputs": {
            "from": "@body('Filter_array_4')",
            "select": {
              "OffLoc": "@item()?['_ikam_officelocation_value']"
            }
          }
        },
        "Initialize_variable": {
          "runAfter": {
            "Select": [
              "Succeeded"
            ]
          },
          "metadata": {
            "operationMetadataId": "3b6d5bc9-7c86-43e3-82ef-536d8a6f6ae5"
          },
          "type": "InitializeVariable",
          "inputs": {
            "variables": [
              {
                "name": "varOffArray",
                "type": "array",
                "value": "@union(body('Select'),body('Select'))"
              }
            ]
          }
        },
        "Apply_to_each_2": {
          "foreach": "@variables('varOffArray')",
          "actions": {
            "Get_IT_Team_2": {
              "runAfter": {},
              "metadata": {
                "operationMetadataId": "b6314be6-b905-4c8e-b00e-ed07fe9ca68b"
              },
              "type": "OpenApiConnection",
              "inputs": {
                "host": {
                  "connectionName": "shared_commondataserviceforapps_1",
                  "operationId": "ListRecords",
                  "apiId": "/providers/Microsoft.PowerApps/apis/shared_commondataserviceforapps"
                },
                "parameters": {
                  "entityName": "teams",
                  "$filter": "_ikam_location_value eq  @{items('Apply_to_each_2')?['OffLoc']} and  ikam_role eq 989100001"
                },
                "authentication": {
                  "type": "Raw",
                  "value": "@json(decodeBase64(triggerOutputs().headers['X-MS-APIM-Tokens']))['$ConnectionKey']"
                }
              }
            },
            "Filter_array": {
              "runAfter": {
                "Compose_4": [
                  "Succeeded"
                ]
              },
              "metadata": {
                "operationMetadataId": "9f103f93-5ad3-4b90-8fe4-42d713a7590a"
              },
              "type": "Query",
              "inputs": {
                "from": "@body('Filter_array_4')",
                "where": "@equals(item()?['_ikam_officelocation_value'], items('Apply_to_each_2')?['OffLoc'])"
              }
            },
            "Apply_to_each_4": {
              "foreach": "@body('Filter_array')",
              "actions": {
                "Perform_an_unbound_action_2": {
                  "runAfter": {},
                  "metadata": {
                    "operationMetadataId": "29ac56e2-beca-4050-a443-894fd4f80564"
                  },
                  "type": "OpenApiConnection",
                  "inputs": {
                    "host": {
                      "connectionName": "shared_commondataserviceforapps_2",
                      "operationId": "PerformUnboundAction",
                      "apiId": "/providers/Microsoft.PowerApps/apis/shared_commondataserviceforapps"
                    },
                    "parameters": {
                      "actionName": "GrantAccess",
                      "item/Target": "/ikam_assetinventories/@{items('Apply_to_each_4')?['ikam_assetinventoryid']}",
                      "item/PrincipalAccess": "@outputs('Compose_4')"
                    },
                    "authentication": {
                      "type": "Raw",
                      "value": "@json(decodeBase64(triggerOutputs().headers['X-MS-APIM-Tokens']))['$ConnectionKey']"
                    }
                  }
                }
              },
              "runAfter": {
                "Filter_array": [
                  "Succeeded"
                ]
              },
              "metadata": {
                "operationMetadataId": "1ffc3a08-9aee-4b12-8626-0f00e3452a8d"
              },
              "type": "Foreach"
            },
            "Compose_4": {
              "runAfter": {
                "Get_IT_Team_2": [
                  "Succeeded"
                ]
              },
              "metadata": {
                "operationMetadataId": "dde00e90-fc2b-48af-b29b-c4237ec469d3"
              },
              "type": "Compose",
              "inputs": {
                "Principal": {
                  "teamid": "@{outputs('Get_IT_Team_2')?['body/value'][0]?['teamid']}",
                  "@{variables('At')}odata.type": "Microsoft.Dynamics.CRM.team"
                },
                "AccessMask": "ReadAccess,WriteAccess,AppendAccess,AppendToAccess"
              }
            }
          },
          "runAfter": {
            "Initialize_variable": [
              "Succeeded"
            ]
          },
          "metadata": {
            "operationMetadataId": "d559b71f-21dc-46c4-b391-4c8e61401a48"
          },
          "type": "Foreach"
        },
        "List_rows": {
          "runAfter": {
            "List_rows_3": [
              "Succeeded"
            ]
          },
          "metadata": {
            "operationMetadataId": "14562108-04c9-4c5f-a72e-4861fcbc770b"
          },
          "type": "OpenApiConnection",
          "inputs": {
            "host": {
              "connectionName": "shared_commondataserviceforapps_1",
              "operationId": "ListRecords",
              "apiId": "/providers/Microsoft.PowerApps/apis/shared_commondataserviceforapps"
            },
            "parameters": {
              "entityName": "ikam_assetinventories",
              "$select": "ikam_assetinventoryid,ikam_officelocation",
              "fetchXml": "<fetch version=\"1.0\" output-format=\"xml-platform\" mapping=\"logical\" distinct=\"false\">\n<entity name=\"ikam_assetinventory\">\n<attribute name=\"ikam_assetinventoryid\"/>\n<attribute name=\"ikam_officelocation\"/>\n<filter type=\"and\">\n<condition attribute=\"owneridname\" operator=\"like\" value=\"%IT%\"/>\n</filter>\n</entity>\n</fetch>"
            },
            "authentication": {
              "type": "Raw",
              "value": "@json(decodeBase64(triggerOutputs().headers['X-MS-APIM-Tokens']))['$ConnectionKey']"
            }
          }
        },
        "Initialize_variable_3": {
          "runAfter": {},
          "metadata": {
            "operationMetadataId": "d69caa27-f47a-4394-a8ec-a51ac411fa75"
          },
          "type": "InitializeVariable",
          "inputs": {
            "variables": [
              {
                "name": "At",
                "type": "string",
                "value": "@"
              }
            ]
          }
        },
        "Select_2": {
          "runAfter": {
            "Filter_array_3": [
              "Succeeded"
            ]
          },
          "metadata": {
            "operationMetadataId": "59cc7c20-3222-4b59-97fc-35e14cecd8e2"
          },
          "type": "Select",
          "inputs": {
            "from": "@body('Filter_array_3')",
            "select": {
              "OffLoc": "@item()?['_ikam_officelocation_value']"
            }
          }
        },
        "Initialize_variable_4": {
          "runAfter": {
            "Select_2": [
              "Succeeded"
            ]
          },
          "metadata": {
            "operationMetadataId": "3b6d5bc9-7c86-43e3-82ef-536d8a6f6ae5"
          },
          "type": "InitializeVariable",
          "inputs": {
            "variables": [
              {
                "name": "varOffArray1",
                "type": "array",
                "value": "@union(body('Select_2'), body('Select_2'))"
              }
            ]
          }
        },
        "Apply_to_each": {
          "foreach": "@variables('varOffArray1')",
          "actions": {
            "Get_IT_Team": {
              "runAfter": {},
              "metadata": {
                "operationMetadataId": "b6314be6-b905-4c8e-b00e-ed07fe9ca68b"
              },
              "type": "OpenApiConnection",
              "inputs": {
                "host": {
                  "connectionName": "shared_commondataserviceforapps_1",
                  "operationId": "ListRecords",
                  "apiId": "/providers/Microsoft.PowerApps/apis/shared_commondataserviceforapps"
                },
                "parameters": {
                  "entityName": "teams",
                  "$filter": "_ikam_location_value eq  @{items('Apply_to_each')?['OffLoc']} and  ikam_role eq 989100003"
                },
                "authentication": {
                  "type": "Raw",
                  "value": "@json(decodeBase64(triggerOutputs().headers['X-MS-APIM-Tokens']))['$ConnectionKey']"
                }
              }
            },
            "Filter_array_2": {
              "runAfter": {
                "Compose": [
                  "Succeeded"
                ]
              },
              "metadata": {
                "operationMetadataId": "9f103f93-5ad3-4b90-8fe4-42d713a7590a"
              },
              "type": "Query",
              "inputs": {
                "from": "@body('Filter_array_3')",
                "where": "@equals(item()?['_ikam_officelocation_value'], items('Apply_to_each')?['OffLoc'])"
              }
            },
            "Apply_to_each_3": {
              "foreach": "@body('Filter_array_2')",
              "actions": {
                "Perform_an_unbound_action": {
                  "runAfter": {},
                  "metadata": {
                    "operationMetadataId": "29ac56e2-beca-4050-a443-894fd4f80564"
                  },
                  "type": "OpenApiConnection",
                  "inputs": {
                    "host": {
                      "connectionName": "shared_commondataserviceforapps_2",
                      "operationId": "PerformUnboundAction",
                      "apiId": "/providers/Microsoft.PowerApps/apis/shared_commondataserviceforapps"
                    },
                    "parameters": {
                      "actionName": "GrantAccess",
                      "item/Target": "/ikam_assetinventories/@{items('Apply_to_each_3')?['ikam_assetinventoryid']}",
                      "item/PrincipalAccess": "@outputs('Compose')"
                    },
                    "authentication": {
                      "type": "Raw",
                      "value": "@json(decodeBase64(triggerOutputs().headers['X-MS-APIM-Tokens']))['$ConnectionKey']"
                    }
                  }
                }
              },
              "runAfter": {
                "Filter_array_2": [
                  "Succeeded"
                ]
              },
              "metadata": {
                "operationMetadataId": "1ffc3a08-9aee-4b12-8626-0f00e3452a8d"
              },
              "type": "Foreach"
            },
            "Compose": {
              "runAfter": {
                "Get_IT_Team": [
                  "Succeeded"
                ]
              },
              "metadata": {
                "operationMetadataId": "dde00e90-fc2b-48af-b29b-c4237ec469d3"
              },
              "type": "Compose",
              "inputs": {
                "Principal": {
                  "teamid": "@{outputs('Get_IT_Team')?['body/value'][0]?['teamid']}",
                  "@{variables('At')}odata.type": "Microsoft.Dynamics.CRM.team"
                },
                "AccessMask": "ReadAccess,WriteAccess,AppendAccess,AppendToAccess"
              }
            }
          },
          "runAfter": {
            "Initialize_variable_4": [
              "Succeeded"
            ]
          },
          "metadata": {
            "operationMetadataId": "d559b71f-21dc-46c4-b391-4c8e61401a48"
          },
          "type": "Foreach"
        },
        "List_rows_3": {
          "runAfter": {
            "Initialize_variable_3": [
              "Succeeded"
            ]
          },
          "metadata": {
            "operationMetadataId": "05995aed-3aee-4e78-963d-31f9254cb7af"
          },
          "type": "OpenApiConnection",
          "inputs": {
            "host": {
              "connectionName": "shared_commondataserviceforapps_1",
              "operationId": "ListRecords",
              "apiId": "/providers/Microsoft.PowerApps/apis/shared_commondataserviceforapps"
            },
            "parameters": {
              "entityName": "ikam_assetinventories",
              "$select": "ikam_assetinventoryid,ikam_officelocation",
              "fetchXml": "<fetch version=\"1.0\" output-format=\"xml-platform\" mapping=\"logical\" distinct=\"true\">\n<entity name=\"ikam_assetinventory\">\n<attribute name=\"ikam_assetinventoryid\"/>\n<attribute name=\"ikam_officelocation\"/>\n<link-entity name=\"principalobjectaccess\" from=\"objectid\" to=\"ikam_assetinventoryid\" link-type=\"inner\" alias=\"aa\"/>\n<filter type=\"and\">\n<condition entityname=\"aa\" attribute=\"accessrightsmask\" operator=\"ne\" value=\"0\"/>\n</filter>\n</entity>\n</fetch>"
            },
            "authentication": {
              "type": "Raw",
              "value": "@json(decodeBase64(triggerOutputs().headers['X-MS-APIM-Tokens']))['$ConnectionKey']"
            }
          }
        },
        "List_rows_4": {
          "runAfter": {
            "Initialize_variable_3": [
              "Succeeded"
            ]
          },
          "metadata": {
            "operationMetadataId": "05995aed-3aee-4e78-963d-31f9254cb7af"
          },
          "type": "OpenApiConnection",
          "inputs": {
            "host": {
              "connectionName": "shared_commondataserviceforapps_1",
              "operationId": "ListRecords",
              "apiId": "/providers/Microsoft.PowerApps/apis/shared_commondataserviceforapps"
            },
            "parameters": {
              "entityName": "ikam_assetinventories",
              "$select": "ikam_assetinventoryid,ikam_officelocation",
              "fetchXml": "<fetch version=\"1.0\" output-format=\"xml-platform\" mapping=\"logical\" distinct=\"true\">\n<entity name=\"ikam_assetinventory\">\n<attribute name=\"ikam_assetinventoryid\"/>\n<attribute name=\"ikam_officelocation\"/>\n<link-entity name=\"principalobjectaccess\" from=\"objectid\" to=\"ikam_assetinventoryid\" link-type=\"inner\" alias=\"aa\"/>\n<filter type=\"and\">\n<condition entityname=\"aa\" attribute=\"accessrightsmask\" operator=\"ne\" value=\"0\"/>\n</filter>\n</entity>\n</fetch>"
            },
            "authentication": {
              "type": "Raw",
              "value": "@json(decodeBase64(triggerOutputs().headers['X-MS-APIM-Tokens']))['$ConnectionKey']"
            }
          }
        },
        "Filter_array_3": {
          "runAfter": {
            "List_rows": [
              "Succeeded"
            ]
          },
          "metadata": {
            "operationMetadataId": "123b4a73-74ea-4e07-95c3-12dbefc93777"
          },
          "type": "Query",
          "inputs": {
            "from": "@outputs('List_rows')?['body/value']",
            "where": "@not(contains(outputs('List_rows_3')?['body/value'], item()))"
          }
        },
        "Filter_array_4": {
          "runAfter": {
            "List_rows_2": [
              "Succeeded"
            ]
          },
          "metadata": {
            "operationMetadataId": "123b4a73-74ea-4e07-95c3-12dbefc93777"
          },
          "type": "Query",
          "inputs": {
            "from": "@outputs('List_rows_2')?['body/value']",
            "where": "@not(contains(outputs('List_rows_4')?['body/value'], item()))"
          }
        }
      },
      "outputs": {}
    },
    "templateName": ""
  },
  "schemaVersion": "1.0.0.0"
}