{
  "properties": {
    "connectionReferences": {
      "shared_commondataserviceforapps_1": {
        "impersonation": {
          "source": "invoker"
        },
        "runtimeSource": "embedded",
        "connection": {
          "connectionReferenceLogicalName": "ikam_DataverseSAConnRef"
        },
        "api": {
          "name": "shared_commondataserviceforapps"
        }
      }
    },
    "definition": {
      "$schema": "https://schema.management.azure.com/providers/Microsoft.Logic/schemas/2016-06-01/workflowdefinition.json#",
      "contentVersion": "1.0.0.0",
      "parameters": {
        "$connections": {
          "defaultValue": {},
          "type": "Object"
        },
        "$authentication": {
          "defaultValue": {},
          "type": "SecureObject"
        }
      },
      "triggers": {
        "When_a_row_is_added,_modified_or_deleted": {
          "metadata": {
            "operationMetadataId": "1d1a7704-b681-4a27-b8d8-264b8840466d"
          },
          "type": "OpenApiConnectionWebhook",
          "inputs": {
            "host": {
              "connectionName": "shared_commondataserviceforapps_1",
              "operationId": "SubscribeWebhookTrigger",
              "apiId": "/providers/Microsoft.PowerApps/apis/shared_commondataserviceforapps"
            },
            "parameters": {
              "subscriptionRequest/message": 1,
              "subscriptionRequest/entityname": "ikam_assetinventory",
              "subscriptionRequest/scope": 4,
              "subscriptionRequest/filterexpression": "ikam_bulkrecords eq 989100000 and ikam_source ne 989100000"
            },
            "authentication": "@parameters('$authentication')"
          }
        }
      },
      "actions": {
        "Do_until": {
          "actions": {
            "Add_a_new_row": {
              "runAfter": {},
              "metadata": {
                "operationMetadataId": "6bc33ef9-1a15-423d-8109-4a28ecfe9c2b"
              },
              "type": "OpenApiConnection",
              "inputs": {
                "host": {
                  "connectionName": "shared_commondataserviceforapps_1",
                  "operationId": "CreateRecord",
                  "apiId": "/providers/Microsoft.PowerApps/apis/shared_commondataserviceforapps"
                },
                "parameters": {
                  "entityName": "ikam_assetinventories",
                  "item/ikam_assettype@odata.bind": "ikam_assetcategories(@{triggerOutputs()?['body/_ikam_assettype_value']})",
                  "item/ikam_assetfor": "@triggerOutputs()?['body/ikam_assetfor']",
                  "item/ikam_company@odata.bind": "ikam_assetcompanies(@{triggerOutputs()?['body/_ikam_company_value']})",
                  "item/ikam_manufacturer": "@triggerOutputs()?['body/ikam_manufacturer']",
                  "item/ikam_officelocation@odata.bind": "ikam_assetofficelocations(@{triggerOutputs()?['body/_ikam_officelocation_value']})",
                  "item/ikam_purchasedate": "@triggerOutputs()?['body/ikam_purchasedate']",
                  "item/ikam_assetcode": "@triggerOutputs()?['body/ikam_assetcode']",
                  "item/statuscode": 1,
                  "item/ikam_condition": "@triggerOutputs()?['body/ikam_condition']",
                  "item/ikam_costcenter@odata.bind": "@if(equals(triggerOutputs()?['body/_ikam_costcenter_value'], null),null, concat('ikam_assetcostcenters(',triggerOutputs()?['body/_ikam_costcenter_value'],')'))",
                  "item/ikam_depreciationdate": "@triggerOutputs()?['body/ikam_depreciationdate']",
                  "item/ikam_description": "@triggerOutputs()?['body/ikam_description']",
                  "item/transactioncurrencyid@odata.bind": "transactioncurrencies(@{triggerOutputs()?['body/_transactioncurrencyid_value']})",
                  "item/ikam_modelnumber": "@triggerOutputs()?['body/ikam_modelnumber']",
                  "item/ikam_AssetInventory_selfId@odata.bind": "ikam_assetinventories(@{triggerOutputs()?['body/ikam_assetinventoryid']})",
                  "item/ikam_serialno": "@triggerOutputs()?['body/ikam_serialno']",
                  "item/ikam_fixedssset": "@triggerOutputs()?['body/ikam_fixedssset']",
                  "item/ikam_cost": "@triggerOutputs()?['body/ikam_cost']",
                  "item/ikam_life": "@triggerOutputs()?['body/ikam_life']"
                },
                "authentication": "@parameters('$authentication')"
              }
            },
            "Increment_variable": {
              "runAfter": {
                "Add_a_new_row": [
                  "Succeeded"
                ]
              },
              "metadata": {
                "operationMetadataId": "88cdea56-00cc-4605-9bd5-ee7a75c4d622"
              },
              "type": "IncrementVariable",
              "inputs": {
                "name": "varCounter",
                "value": 1
              }
            }
          },
          "runAfter": {
            "Initialize_variable": [
              "Succeeded"
            ]
          },
          "expression": "@equals(variables('varCounter'), triggerOutputs()?['body/ikam_quantity'])",
          "limit": {
            "count": 1000,
            "timeout": "PT1H"
          },
          "metadata": {
            "operationMetadataId": "84fcb330-190b-4326-9f14-506032dee284"
          },
          "type": "Until"
        },
        "Initialize_variable": {
          "runAfter": {},
          "metadata": {
            "operationMetadataId": "ea332508-7c35-40b6-9ebd-b74dc2200eca"
          },
          "type": "InitializeVariable",
          "inputs": {
            "variables": [
              {
                "name": "varCounter",
                "type": "integer",
                "value": 0
              }
            ]
          }
        },
        "Update_a_row": {
          "runAfter": {
            "Do_until": [
              "Succeeded"
            ]
          },
          "metadata": {
            "operationMetadataId": "13d4c2d6-76c2-4508-959e-0cccfdba5c82"
          },
          "type": "OpenApiConnection",
          "inputs": {
            "host": {
              "connectionName": "shared_commondataserviceforapps_1",
              "operationId": "UpdateRecord",
              "apiId": "/providers/Microsoft.PowerApps/apis/shared_commondataserviceforapps"
            },
            "parameters": {
              "entityName": "ikam_assetinventories",
              "recordId": "@triggerOutputs()?['body/ikam_assetinventoryid']",
              "item/statuscode": 989100007,
              "item/statecode": 1
            },
            "authentication": "@parameters('$authentication')"
          }
        }
      },
      "outputs": {}
    },
    "templateName": ""
  },
  "schemaVersion": "1.0.0.0"
}