{
  "properties": {
    "connectionReferences": {
      "shared_commondataserviceforapps_1": {
        "runtimeSource": "embedded",
        "connection": {
          "connectionReferenceLogicalName": "ikam_DataverseSAConnRef"
        },
        "api": {
          "name": "shared_commondataserviceforapps"
        }
      }
    },
    "definition": {
      "$schema": "https://schema.management.azure.com/providers/Microsoft.Logic/schemas/2016-06-01/workflowdefinition.json#",
      "contentVersion": "1.0.0.0",
      "parameters": {
        "$connections": {
          "defaultValue": {},
          "type": "Object"
        },
        "$authentication": {
          "defaultValue": {},
          "type": "SecureObject"
        }
      },
      "triggers": {
        "When_a_row_is_added,_modified_or_deleted": {
          "metadata": {
            "operationMetadataId": "47eaddd9-72cb-49e2-b93e-72130b53962e"
          },
          "type": "OpenApiConnectionWebhook",
          "inputs": {
            "host": {
              "connectionName": "shared_commondataserviceforapps_1",
              "operationId": "SubscribeWebhookTrigger",
              "apiId": "/providers/Microsoft.PowerApps/apis/shared_commondataserviceforapps"
            },
            "parameters": {
              "subscriptionRequest/message": 4,
              "subscriptionRequest/entityname": "ikam_employee",
              "subscriptionRequest/scope": 4,
              "subscriptionRequest/filteringattributes": "ikam_name"
            },
            "authentication": "@parameters('$authentication')"
          }
        }
      },
      "actions": {
        "Condition_3": {
          "actions": {
            "HTTP_2": {
              "runAfter": {},
              "metadata": {
                "operationMetadataId": "418656ee-c2ba-4c8e-8a29-be5fa25b69ac"
              },
              "type": "Http",
              "inputs": {
                "method": "GET",
                "uri": "https://graph.microsoft.com/v1.0/users?$filter=(mailNickname eq '@{triggerOutputs()?['body/ikam_name']}')&$select=employeeId,userId,mail,mailNickname",
                "authentication": {
                  "type": "ActiveDirectoryOAuth",
                  "authority": "https://login.microsoft.com",
                  "tenant": "a33c6ac4-a52e-45c5-af07-b972df9bd004",
                  "audience": "https://graph.microsoft.com",
                  "clientId": "03bd0295-496e-4418-97f7-efa2be6ef7af",
                  "secret": "KCF8Q~zsk6MCz4Asp~_XTy1L.q9swpYKqAtS_cJp"
                }
              }
            },
            "Condition": {
              "actions": {
                "Condition_2": {
                  "actions": {
                    "Update_a_row": {
                      "runAfter": {},
                      "metadata": {
                        "operationMetadataId": "811c0395-cfc9-41a4-87ae-c047c0a50bbb"
                      },
                      "type": "OpenApiConnection",
                      "inputs": {
                        "host": {
                          "connectionName": "shared_commondataserviceforapps_1",
                          "operationId": "UpdateRecord",
                          "apiId": "/providers/Microsoft.PowerApps/apis/shared_commondataserviceforapps"
                        },
                        "parameters": {
                          "entityName": "ikam_employees",
                          "recordId": "@triggerOutputs()?['body/ikam_employeeid']",
                          "item/ikam_emplid": "@body('HTTP_2')?['value']?[0]?['employeeId']",
                          "item/ikam_mail": "@body('HTTP_2')?['value']?[0]?['mail']",
                          "item/ikam_validity": 989100000
                        },
                        "authentication": "@parameters('$authentication')"
                      }
                    }
                  },
                  "runAfter": {},
                  "expression": {
                    "not": {
                      "equals": [
                        "@body('HTTP_2')?['value']?[0]?['mail']",
                        "@null"
                      ]
                    }
                  },
                  "metadata": {
                    "operationMetadataId": "3796697e-2b4a-4aea-87fe-1c4691bb84a4"
                  },
                  "type": "If"
                }
              },
              "runAfter": {
                "HTTP_2": [
                  "Succeeded"
                ]
              },
              "else": {
                "actions": {
                  "Update_a_row_2": {
                    "runAfter": {},
                    "metadata": {
                      "operationMetadataId": "811c0395-cfc9-41a4-87ae-c047c0a50bbb"
                    },
                    "type": "OpenApiConnection",
                    "inputs": {
                      "host": {
                        "connectionName": "shared_commondataserviceforapps_1",
                        "operationId": "UpdateRecord",
                        "apiId": "/providers/Microsoft.PowerApps/apis/shared_commondataserviceforapps"
                      },
                      "parameters": {
                        "entityName": "ikam_employees",
                        "recordId": "@triggerOutputs()?['body/ikam_employeeid']",
                        "item/ikam_emplid": "@null",
                        "item/ikam_mail": "@null",
                        "item/ikam_validity": "@null"
                      },
                      "authentication": "@parameters('$authentication')"
                    }
                  }
                }
              },
              "expression": {
                "equals": [
                  "@length(body('HTTP_2')?['value'])",
                  1
                ]
              },
              "metadata": {
                "operationMetadataId": "079b39c5-5c78-4936-927b-d2b47b72a1df"
              },
              "type": "If"
            }
          },
          "runAfter": {},
          "expression": {
            "equals": [
              "@workflow()['tags']['environmentName']",
              "4f7a37ab-5a05-490a-adf0-b5c5e8b64892"
            ]
          },
          "metadata": {
            "operationMetadataId": "714f42d5-573b-43c6-93d8-c2ce07b15d08"
          },
          "type": "If"
        }
      }
    },
    "templateName": ""
  },
  "schemaVersion": "1.0.0.0"
}