{
  "properties": {
    "connectionReferences": {
      "shared_commondataserviceforapps_1": {
        "runtimeSource": "embedded",
        "connection": {
          "connectionReferenceLogicalName": "ikam_DataverseSAConnRef"
        },
        "api": {
          "name": "shared_commondataserviceforapps"
        }
      },
      "shared_commondataserviceforapps": {
        "runtimeSource": "embedded",
        "connection": {
          "connectionReferenceLogicalName": "ikam_DataverseSAConnRef"
        },
        "api": {
          "name": "shared_commondataserviceforapps"
        }
      },
      "shared_office365_1": {
        "runtimeSource": "embedded",
        "connection": {
          "connectionReferenceLogicalName": "ikam_sharedoffice365_87502"
        },
        "api": {
          "name": "shared_office365"
        }
      }
    },
    "definition": {
      "$schema": "https://schema.management.azure.com/providers/Microsoft.Logic/schemas/2016-06-01/workflowdefinition.json#",
      "contentVersion": "1.0.0.0",
      "parameters": {
        "$connections": {
          "defaultValue": {},
          "type": "Object"
        },
        "$authentication": {
          "defaultValue": {},
          "type": "SecureObject"
        }
      },
      "triggers": {
        "When_a_row_is_added,_modified_or_deleted": {
          "metadata": {
            "operationMetadataId": "9b1d0222-672a-40a1-91a1-effe9dbbd0bb"
          },
          "type": "OpenApiConnectionWebhook",
          "inputs": {
            "host": {
              "connectionName": "shared_commondataserviceforapps_1",
              "operationId": "SubscribeWebhookTrigger",
              "apiId": "/providers/Microsoft.PowerApps/apis/shared_commondataserviceforapps"
            },
            "parameters": {
              "subscriptionRequest/message": 3,
              "subscriptionRequest/entityname": "ikam_assignedassets",
              "subscriptionRequest/scope": 4,
              "subscriptionRequest/filteringattributes": "ikam_returnedstatus"
            },
            "authentication": "@parameters('$authentication')"
          },
          "conditions": [
            {
              "expression": "@equals(triggerOutputs()?['body/ikam_requesttype'],989100004)"
            },
            {
              "expression": "@equals(triggerOutputs()?['body/ikam_returnedstatus'],989100000)"
            }
          ]
        }
      },
      "actions": {
        "Condition": {
          "actions": {
            "Get_CoWorker": {
              "runAfter": {},
              "metadata": {
                "operationMetadataId": "7f19e830-5b8f-4ec8-a2c3-e0731bdb0a64"
              },
              "type": "OpenApiConnection",
              "inputs": {
                "host": {
                  "connectionName": "shared_commondataserviceforapps_1",
                  "operationId": "GetItem",
                  "apiId": "/providers/Microsoft.PowerApps/apis/shared_commondataserviceforapps"
                },
                "parameters": {
                  "entityName": "ikam_employees",
                  "recordId": "@triggerOutputs()?['body/_ikam_employee_value']"
                },
                "authentication": "@parameters('$authentication')"
              }
            },
            "Get_Asset_Inventory": {
              "runAfter": {
                "Get_CoWorker": [
                  "Succeeded"
                ]
              },
              "metadata": {
                "operationMetadataId": "785a4d6e-ec95-435c-95de-87aa99f016ea"
              },
              "type": "OpenApiConnection",
              "inputs": {
                "host": {
                  "connectionName": "shared_commondataserviceforapps_1",
                  "operationId": "GetItem",
                  "apiId": "/providers/Microsoft.PowerApps/apis/shared_commondataserviceforapps"
                },
                "parameters": {
                  "entityName": "ikam_assetinventories",
                  "recordId": "@triggerOutputs()?['body/_ikam_assetinventory_value']"
                },
                "authentication": "@parameters('$authentication')"
              }
            },
            "Asset_for_CoWorker": {
              "actions": {
                "Compose": {
                  "runAfter": {},
                  "metadata": {
                    "operationMetadataId": "87287d93-9ed2-40e0-ad4b-c20320d9ac61"
                  },
                  "type": "Compose",
                  "inputs": "<style>\nTable {\n  font-family: Arial, Helvetica, sans-serif;\n  background-color: #EEEEEE;\n  border-collapse: collapse;\n  width: 100%;\n}\nTable td, Table th {\n  border: 1px solid #ddd;\n  padding: 3px 3px;\n}\nTable th {\n  font-size: 15px;\n  font-weight: bold;\n  padding-top: 12px;\n  padding-bottom: 12px;\n  text-align: center;\n  background-color: #1C6EA4;\n  color: white;\n}\n</style>"
                },
                "Create_HTML_table": {
                  "runAfter": {
                    "Compose": [
                      "Succeeded"
                    ]
                  },
                  "metadata": {
                    "operationMetadataId": "5f8f3b6e-691a-4615-abd5-969b9571b017"
                  },
                  "type": "Table",
                  "inputs": {
                    "from": [
                      "@body('Get_Asset_Inventory')"
                    ],
                    "format": "HTML",
                    "columns": [
                      {
                        "header": "Asset ID",
                        "value": "@item()?['ikam_name']"
                      },
                      {
                        "header": "Serial number",
                        "value": "@item()?['ikam_serialno']"
                      },
                      {
                        "header": "Asset Code",
                        "value": "@item()?['ikam_assetcode']"
                      },
                      {
                        "header": "Model",
                        "value": "@item()?['ikam_modelnumber']"
                      },
                      {
                        "header": "Asset Category",
                        "value": "@item()?['_ikam_assettype_value@OData.Community.Display.V1.FormattedValue']"
                      }
                    ]
                  }
                },
                "Prev_Request_Type_Is_Assign": {
                  "actions": {
                    "Is_Fixed_Asset": {
                      "actions": {
                        "Get_Finance_Team_Email": {
                          "runAfter": {},
                          "metadata": {
                            "operationMetadataId": "cd65cccd-7f18-4732-b6d5-4f9217ed002e"
                          },
                          "type": "OpenApiConnection",
                          "inputs": {
                            "host": {
                              "connectionName": "shared_commondataserviceforapps",
                              "operationId": "ListRecords",
                              "apiId": "/providers/Microsoft.PowerApps/apis/shared_commondataserviceforapps"
                            },
                            "parameters": {
                              "entityName": "teams",
                              "$filter": "_ikam_location_value eq @{outputs('Get_Asset_Inventory')?['body/_ikam_officelocation_value']} and ikam_role eq 989100006"
                            },
                            "authentication": "@parameters('$authentication')"
                          }
                        },
                        "Notify_CoWorker_and_Finance_Team": {
                          "runAfter": {
                            "Join": [
                              "Succeeded"
                            ]
                          },
                          "metadata": {
                            "operationMetadataId": "5974425f-728f-4b49-b627-02f7cef566c8"
                          },
                          "type": "OpenApiConnection",
                          "inputs": {
                            "host": {
                              "connectionName": "shared_office365_1",
                              "operationId": "SendEmailV2",
                              "apiId": "/providers/Microsoft.PowerApps/apis/shared_office365"
                            },
                            "parameters": {
                              "emailMessage/To": "@{outputs('Get_CoWorker')?['body/ikam_mail']};@{body('Join')}",
                              "emailMessage/Subject": "@{outputs('Get_Asset_Inventory')?['body/ikam_name']} | Fixed Asset_@{triggerOutputs()?['body/_ikam_requesttype_label']} | Asset Management",
                              "emailMessage/Body": "<p>Hello,<br>\n<br>\nPlease notice that Co-worker ID: @{outputs('Get_CoWorker')?['body/ikam_name']} has returned following asset(s) on @{formatDateTime(triggerOutputs()?['body/ikam_returneddate'],'yyyy-M-d')}.<br>\n<br>\n@{outputs('Compose')}@{body('Create_HTML_table')}<br>\n<br>\n<br>\nBest regards,<br>\nAsset Management System</p>",
                              "emailMessage/Importance": "Normal"
                            },
                            "authentication": "@parameters('$authentication')"
                          }
                        },
                        "Apply_to_each_2": {
                          "foreach": "@outputs('Get_Finance_Team_Email')?['body/value']",
                          "actions": {
                            "Condition_2": {
                              "actions": {
                                "Append_to_array_variable": {
                                  "runAfter": {},
                                  "metadata": {
                                    "operationMetadataId": "307e3350-eae8-4ee2-975d-556551d9a722"
                                  },
                                  "type": "AppendToArrayVariable",
                                  "inputs": {
                                    "name": "varEmailDLs",
                                    "value": "@items('Apply_to_each_2')?['emailaddress']"
                                  }
                                }
                              },
                              "runAfter": {},
                              "expression": {
                                "not": {
                                  "equals": [
                                    "@items('Apply_to_each_2')?['emailaddress']",
                                    "@null"
                                  ]
                                }
                              },
                              "metadata": {
                                "operationMetadataId": "843f7276-7f08-458b-b8f3-097898b7a51d"
                              },
                              "type": "If"
                            }
                          },
                          "runAfter": {
                            "Get_Finance_Team_Email": [
                              "Succeeded"
                            ]
                          },
                          "metadata": {
                            "operationMetadataId": "658549b0-46ca-4e86-a7d7-3e73d6a830f5"
                          },
                          "type": "Foreach"
                        },
                        "Join": {
                          "runAfter": {
                            "Apply_to_each_2": [
                              "Succeeded"
                            ]
                          },
                          "metadata": {
                            "operationMetadataId": "c9871399-5a7e-4097-9fd6-36a942ac42ce"
                          },
                          "type": "Join",
                          "inputs": {
                            "from": "@variables('varEmailDLs')",
                            "joinWith": ";"
                          }
                        }
                      },
                      "runAfter": {},
                      "else": {
                        "actions": {
                          "Notify_CoWorker": {
                            "runAfter": {},
                            "metadata": {
                              "operationMetadataId": "a2d6e807-9d30-4c43-ad83-731a384a4b85"
                            },
                            "type": "OpenApiConnection",
                            "inputs": {
                              "host": {
                                "connectionName": "shared_office365_1",
                                "operationId": "SendEmailV2",
                                "apiId": "/providers/Microsoft.PowerApps/apis/shared_office365"
                              },
                              "parameters": {
                                "emailMessage/To": "@outputs('Get_CoWorker')?['body/ikam_mail']",
                                "emailMessage/Subject": "@{outputs('Get_Asset_Inventory')?['body/ikam_name']} | NonFixed Asset_@{triggerOutputs()?['body/_ikam_requesttype_label']} | Asset Management",
                                "emailMessage/Body": "<p>Hello,<br>\n<br>\nPlease notice that Co-worker: @{outputs('Get_CoWorker')?['body/ikam_name']} has returned following asset(s) on @{formatDateTime(triggerOutputs()?['body/ikam_returneddate'],'yyyy-M-d')}.<br>\n<br>\n@{outputs('Compose')}@{body('Create_HTML_table')}<br>\n<br>\n<br>\nBest regards,<br>\nAsset Management System</p>",
                                "emailMessage/Importance": "Normal"
                              },
                              "authentication": "@parameters('$authentication')"
                            }
                          }
                        }
                      },
                      "expression": {
                        "equals": [
                          "@outputs('Get_Asset_Inventory')?['body/ikam_fixedssset']",
                          989100001
                        ]
                      },
                      "metadata": {
                        "operationMetadataId": "705c0a5e-c94c-49b8-b334-c4991799c1d9"
                      },
                      "type": "If"
                    }
                  },
                  "runAfter": {
                    "Create_HTML_table": [
                      "Succeeded"
                    ]
                  },
                  "else": {
                    "actions": {
                      "Prev_Request_Type_is_Borrow": {
                        "actions": {
                          "Notify_CoWorker_2": {
                            "runAfter": {},
                            "metadata": {
                              "operationMetadataId": "a2d6e807-9d30-4c43-ad83-731a384a4b85"
                            },
                            "type": "OpenApiConnection",
                            "inputs": {
                              "host": {
                                "connectionName": "shared_office365_1",
                                "operationId": "SendEmailV2",
                                "apiId": "/providers/Microsoft.PowerApps/apis/shared_office365"
                              },
                              "parameters": {
                                "emailMessage/To": "@outputs('Get_CoWorker')?['body/ikam_mail']",
                                "emailMessage/Subject": "@{outputs('Get_Asset_Inventory')?['body/ikam_name']} | @{triggerOutputs()?['body/_ikam_requesttype_label']}_Completed | Asset Management",
                                "emailMessage/Body": "<p>Hello,<br>\n<br>\nPlease notice that Co-worker: @{outputs('Get_CoWorker')?['body/ikam_name']} has returned following asset(s) on @{formatDateTime(triggerOutputs()?['body/ikam_returneddate'], 'yyyy-M-d')}.<br>\n<br>\n@{outputs('Compose')}@{body('Create_HTML_table')}<br>\n<br>\n<br>\nBest regards,<br>\nAsset Management System</p>",
                                "emailMessage/Importance": "Normal"
                              },
                              "authentication": "@parameters('$authentication')"
                            }
                          }
                        },
                        "runAfter": {},
                        "expression": {
                          "equals": [
                            "@triggerOutputs()?['body/ikam_prevrequesttype']",
                            989100005
                          ]
                        },
                        "metadata": {
                          "operationMetadataId": "2f956c4a-0737-4f38-946b-27686d4bb9ac"
                        },
                        "type": "If"
                      }
                    }
                  },
                  "expression": {
                    "equals": [
                      "@triggerOutputs()?['body/ikam_prevrequesttype']",
                      989100003
                    ]
                  },
                  "metadata": {
                    "operationMetadataId": "9325d6ae-188a-41c1-ab0d-0102e4be72a8"
                  },
                  "type": "If"
                }
              },
              "runAfter": {
                "Get_Asset_Inventory": [
                  "Succeeded"
                ]
              },
              "expression": {
                "equals": [
                  "@outputs('Get_Asset_Inventory')?['body/ikam_assetfor']",
                  989100000
                ]
              },
              "metadata": {
                "operationMetadataId": "6766f31c-0f9c-47c0-b423-597dea10244d"
              },
              "type": "If"
            }
          },
          "runAfter": {
            "Initialize_variable": [
              "Succeeded"
            ]
          },
          "expression": {
            "equals": [
              "@triggerOutputs()?['body/_ikam_assetrequest_value']",
              "@null"
            ]
          },
          "metadata": {
            "operationMetadataId": "fd03dfee-cfed-42e7-a6f1-efe375b44e0a"
          },
          "type": "If"
        },
        "Initialize_variable": {
          "runAfter": {},
          "metadata": {
            "operationMetadataId": "e9017f7a-cc00-4cad-a505-8ac963e41bcf"
          },
          "type": "InitializeVariable",
          "inputs": {
            "variables": [
              {
                "name": "varEmailDLs",
                "type": "array"
              }
            ]
          }
        }
      }
    },
    "templateName": ""
  },
  "schemaVersion": "1.0.0.0"
}