{
  "properties": {
    "connectionReferences": {
      "shared_commondataserviceforapps_1": {
        "runtimeSource": "embedded",
        "connection": {
          "connectionReferenceLogicalName": "ikam_DataverseSAConnRef"
        },
        "api": {
          "name": "shared_commondataserviceforapps"
        }
      }
    },
    "definition": {
      "$schema": "https://schema.management.azure.com/providers/Microsoft.Logic/schemas/2016-06-01/workflowdefinition.json#",
      "contentVersion": "1.0.0.0",
      "parameters": {
        "$connections": {
          "defaultValue": {},
          "type": "Object"
        },
        "$authentication": {
          "defaultValue": {},
          "type": "SecureObject"
        }
      },
      "triggers": {
        "manual": {
          "metadata": {
            "operationMetadataId": "e554fb7c-9ebb-4c4e-a624-08a962b45cba"
          },
          "type": "Request",
          "kind": "PowerAppV2",
          "inputs": {
            "schema": {
              "type": "object",
              "properties": {
                "text": {
                  "title": "assetInvId",
                  "type": "string",
                  "x-ms-dynamically-added": true,
                  "description": "Please enter your input",
                  "x-ms-content-hint": "TEXT"
                }
              },
              "required": [
                "text"
              ]
            }
          }
        }
      },
      "actions": {
        "List_rows": {
          "runAfter": {
            "Initialize_variable_2": [
              "Succeeded"
            ]
          },
          "metadata": {
            "operationMetadataId": "2d5b53e7-66cd-47a0-923c-92c1c0c0c5ae"
          },
          "type": "OpenApiConnection",
          "inputs": {
            "host": {
              "connectionName": "shared_commondataserviceforapps_1",
              "operationId": "ListRecords",
              "apiId": "/providers/Microsoft.PowerApps/apis/shared_commondataserviceforapps"
            },
            "parameters": {
              "entityName": "audits",
              "$filter": "objecttypecode eq 'ikam_assetinventory' and action eq 2 and _objectid_value eq @{triggerBody()['text']}",
              "$orderby": "createdon desc"
            },
            "authentication": "@parameters('$authentication')"
          }
        },
        "Apply_to_each": {
          "foreach": "@outputs('List_rows')?['body/value']",
          "actions": {
            "Parse_JSON": {
              "runAfter": {},
              "metadata": {
                "operationMetadataId": "985a7bf8-3033-4a22-9bb1-9ba23b36f9e9"
              },
              "type": "ParseJson",
              "inputs": {
                "content": "@items('Apply_to_each')?['changedata']",
                "schema": {
                  "type": "object",
                  "properties": {
                    "changedAttributes": {
                      "type": "array",
                      "items": {
                        "type": "object",
                        "properties": {
                          "logicalName": {
                            "type": "string"
                          }
                        },
                        "required": [
                          "logicalName"
                        ]
                      }
                    }
                  }
                }
              }
            },
            "Append_to_array_variable": {
              "runAfter": {
                "Apply_to_each_2": [
                  "Succeeded"
                ]
              },
              "metadata": {
                "operationMetadataId": "1f7a8f0e-2696-4938-8505-4ae17e6dcb87"
              },
              "type": "AppendToArrayVariable",
              "inputs": {
                "name": "arrOutput",
                "value": {
                  "ModifiedOn": "@items('Apply_to_each')?['createdon@OData.Community.Display.V1.FormattedValue']",
                  "ModifiedBy": "@items('Apply_to_each')?['_userid_value@OData.Community.Display.V1.FormattedValue']",
                  "ModifiedFields": "@join(variables('arrChangedFields'),', ')"
                }
              }
            },
            "Apply_to_each_2": {
              "foreach": "@body('Parse_JSON')?['changedAttributes']",
              "actions": {
                "Filter_array": {
                  "runAfter": {},
                  "metadata": {
                    "operationMetadataId": "5158acaa-3fc6-42f7-bda2-bca3747ff979"
                  },
                  "type": "Query",
                  "inputs": {
                    "from": "@body('Parse_JSON_2')",
                    "where": "@equals(item()['logicalName'], items('Apply_to_each_2')?['logicalName'])"
                  }
                },
                "Condition": {
                  "actions": {
                    "Append_to_array_variable_2": {
                      "runAfter": {},
                      "metadata": {
                        "operationMetadataId": "1536caa8-78d0-43e0-80be-e7d534852d2b"
                      },
                      "type": "AppendToArrayVariable",
                      "inputs": {
                        "name": "arrChangedFields",
                        "value": "@body('Filter_array')[0]?['displayName']"
                      }
                    }
                  },
                  "runAfter": {
                    "Filter_array": [
                      "Succeeded"
                    ]
                  },
                  "expression": {
                    "greater": [
                      "@length(body('Filter_array'))",
                      0
                    ]
                  },
                  "metadata": {
                    "operationMetadataId": "4bd72b0e-c383-412c-b17f-24ece1398666"
                  },
                  "type": "If"
                }
              },
              "runAfter": {
                "Set_variable": [
                  "Succeeded"
                ]
              },
              "metadata": {
                "operationMetadataId": "70fdc35f-a89d-40b1-9bfc-61690510cf7c"
              },
              "type": "Foreach"
            },
            "Set_variable": {
              "runAfter": {
                "Parse_JSON": [
                  "Succeeded"
                ]
              },
              "metadata": {
                "operationMetadataId": "6a983a07-d61c-407b-9374-31a550e3a765"
              },
              "type": "SetVariable",
              "inputs": {
                "name": "arrChangedFields",
                "value": "@variables('arrEmpty')"
              }
            }
          },
          "runAfter": {
            "List_rows": [
              "Succeeded"
            ]
          },
          "metadata": {
            "operationMetadataId": "0642bb64-f6b5-421e-ba03-92ba0f562f57"
          },
          "type": "Foreach"
        },
        "Initialize_variable_2": {
          "runAfter": {
            "Initialize_variable_3": [
              "Succeeded"
            ]
          },
          "metadata": {
            "operationMetadataId": "6d4b5b8f-56c5-4e68-aa82-543639a0c5ac"
          },
          "type": "InitializeVariable",
          "inputs": {
            "variables": [
              {
                "name": "arrChangedFields",
                "type": "array"
              }
            ]
          }
        },
        "Initialize_variable_3": {
          "runAfter": {
            "Initialize_variable_4": [
              "Succeeded"
            ]
          },
          "metadata": {
            "operationMetadataId": "effa4a0d-8edd-48f0-a882-72778e5e4f6b"
          },
          "type": "InitializeVariable",
          "inputs": {
            "variables": [
              {
                "name": "arrOutput",
                "type": "array"
              }
            ]
          }
        },
        "Initialize_variable_4": {
          "runAfter": {
            "Parse_JSON_2": [
              "Succeeded"
            ]
          },
          "metadata": {
            "operationMetadataId": "4f350d56-7d4f-49dd-abbb-56bac2f077b0"
          },
          "type": "InitializeVariable",
          "inputs": {
            "variables": [
              {
                "name": "arrEmpty",
                "type": "array"
              }
            ]
          }
        },
        "Response": {
          "runAfter": {
            "Apply_to_each": [
              "Succeeded"
            ]
          },
          "metadata": {
            "operationMetadataId": "37ee2eb4-902a-45dc-aab8-685fe2dab36b"
          },
          "type": "Response",
          "kind": "Http",
          "inputs": {
            "statusCode": 200,
            "body": "@variables('arrOutput')",
            "schema": {
              "type": "array",
              "items": {
                "type": "object",
                "properties": {
                  "ModifiedOn": {
                    "type": "string"
                  },
                  "ModifiedBy": {
                    "type": "string"
                  },
                  "ModifiedFields": {
                    "type": "string"
                  }
                },
                "required": [
                  "ModifiedOn",
                  "ModifiedBy",
                  "ModifiedFields"
                ]
              }
            }
          }
        },
        "Parse_JSON_2": {
          "runAfter": {},
          "metadata": {
            "operationMetadataId": "facbe5f5-7b68-4619-90b8-e7fa2ee44c71"
          },
          "type": "ParseJson",
          "inputs": {
            "content": [
              {
                "logicalName": "ikam_name",
                "displayName": "Asset ID"
              },
              {
                "logicalName": "ikam_assetcode",
                "displayName": "Code"
              },
              {
                "logicalName": "ikam_assetfor",
                "displayName": "Asset for"
              },
              {
                "logicalName": "ikam_assetqrcode",
                "displayName": "Asset QRCode"
              },
              {
                "logicalName": "ikam_assettype",
                "displayName": "Category"
              },
              {
                "logicalName": "ikam_batchid",
                "displayName": "Batch ID"
              },
              {
                "logicalName": "ikam_bulkrecords",
                "displayName": "Bulk records"
              },
              {
                "logicalName": "ikam_company",
                "displayName": "Company"
              },
              {
                "logicalName": "ikam_condition",
                "displayName": "Condition"
              },
              {
                "logicalName": "ikam_cost",
                "displayName": "Unit purchase price"
              },
              {
                "logicalName": "ikam_costcenter",
                "displayName": "Cost center"
              },
              {
                "logicalName": "ikam_depreciationdate",
                "displayName": "Depreciation start date"
              },
              {
                "logicalName": "ikam_description",
                "displayName": "Description"
              },
              {
                "logicalName": "ikam_finalstatedate",
                "displayName": "Final state date"
              },
              {
                "logicalName": "ikam_fixedssset",
                "displayName": "Type"
              },
              {
                "logicalName": "ikam_installedofficeplace",
                "displayName": "Assigned to"
              },
              {
                "logicalName": "ikam_life",
                "displayName": "Useful life/warranty period (months)"
              },
              {
                "logicalName": "ikam_manufacturer",
                "displayName": "Manufacturer"
              },
              {
                "logicalName": "ikam_modelnumber",
                "displayName": "Model number"
              },
              {
                "logicalName": "ikam_nbv",
                "displayName": "NBV"
              },
              {
                "logicalName": "ikam_officelocation",
                "displayName": "Office location"
              },
              {
                "logicalName": "ikam_purchasedate",
                "displayName": "Purchase date"
              },
              {
                "logicalName": "ikam_qrcodefile",
                "displayName": "QR Code File"
              },
              {
                "logicalName": "ikam_quantity",
                "displayName": "Quantity"
              },
              {
                "logicalName": "ikam_reason",
                "displayName": "Reason for final state"
              },
              {
                "logicalName": "ikam_remark",
                "displayName": "Note"
              },
              {
                "logicalName": "ikam_sequence",
                "displayName": "Sequence"
              },
              {
                "logicalName": "ikam_serialno",
                "displayName": "Serial number"
              },
              {
                "logicalName": "ikam_source",
                "displayName": "Source"
              },
              {
                "logicalName": "ikam_usedmonths",
                "displayName": "Used months"
              },
              {
                "logicalName": "ikam_userid",
                "displayName": "Assigned to"
              },
              {
                "logicalName": "ikam_warrantyenddate",
                "displayName": "Warranty end date"
              },
              {
                "logicalName": "ownerid",
                "displayName": "Owner"
              },
              {
                "logicalName": "statecode",
                "displayName": "Active/Inactive"
              },
              {
                "logicalName": "statuscode",
                "displayName": "Status"
              },
              {
                "logicalName": "transactioncurrencyid",
                "displayName": "Local currency"
              }
            ],
            "schema": {
              "type": "array",
              "items": {
                "type": "object",
                "properties": {
                  "logicalName": {
                    "type": "string"
                  },
                  "displayName": {
                    "type": "string"
                  }
                },
                "required": [
                  "logicalName",
                  "displayName"
                ]
              }
            }
          }
        }
      }
    },
    "templateName": ""
  },
  "schemaVersion": "1.0.0.0"
}