{
  "properties": {
    "connectionReferences": {
      "shared_commondataserviceforapps_1": {
        "runtimeSource": "embedded",
        "connection": {
          "connectionReferenceLogicalName": "ikam_DataverseSAConnRef"
        },
        "api": {
          "name": "shared_commondataserviceforapps"
        }
      }
    },
    "definition": {
      "$schema": "https://schema.management.azure.com/providers/Microsoft.Logic/schemas/2016-06-01/workflowdefinition.json#",
      "contentVersion": "1.0.0.0",
      "parameters": {
        "$connections": {
          "defaultValue": {},
          "type": "Object"
        },
        "$authentication": {
          "defaultValue": {},
          "type": "SecureObject"
        },
        "varQRCodefnURL (ikam_varQRCodefnURL)": {
          "defaultValue": "https://azurefunction-cbs-ia-assetmanagement20240105093654.azurewebsites.net/api/fun_GetQRCodeforAsset?code=BtJEXSvI4xprtu4RO1Vqp2BW-8NcoZEx-BAHzdWKhF-qAzFurL3uSg==",
          "type": "String",
          "metadata": {
            "schemaName": "ikam_varQRCodefnURL"
          }
        }
      },
      "triggers": {
        "manual": {
          "metadata": {
            "operationMetadataId": "7f4eb78b-b0d5-4d16-b0d3-fd2996e3a2d6"
          },
          "type": "Request",
          "kind": "Button",
          "inputs": {
            "schema": {
              "type": "object",
              "properties": {},
              "required": []
            }
          }
        }
      },
      "actions": {
        "List_rows": {
          "runAfter": {},
          "metadata": {
            "operationMetadataId": "fb92b071-2aee-4f79-8e73-4f3c658d2de2"
          },
          "type": "OpenApiConnection",
          "inputs": {
            "host": {
              "connectionName": "shared_commondataserviceforapps_1",
              "operationId": "ListRecords",
              "apiId": "/providers/Microsoft.PowerApps/apis/shared_commondataserviceforapps"
            },
            "parameters": {
              "entityName": "ikam_assetinventories",
              "$filter": "ikam_name ne null and ikam_qrcodefile ne null",
              "$top": 5000
            },
            "authentication": {
              "type": "Raw",
              "value": "@json(decodeBase64(triggerOutputs().headers['X-MS-APIM-Tokens']))['$ConnectionKey']"
            }
          }
        },
        "Compose": {
          "runAfter": {
            "List_rows": [
              "Succeeded"
            ]
          },
          "metadata": {
            "operationMetadataId": "db9703e4-b522-4de2-aa0c-0f6db67350ce"
          },
          "type": "Compose",
          "inputs": "@length(outputs('List_rows')?['body/value'])"
        },
        "Apply_to_each": {
          "foreach": "@outputs('List_rows')?['body/value']",
          "actions": {
            "HTTP": {
              "runAfter": {},
              "metadata": {
                "operationMetadataId": "df915b6c-aedd-4bd8-b18f-7d78b5509cab"
              },
              "type": "Http",
              "inputs": {
                "method": "GET",
                "uri": "@{concat(parameters('varQRCodefnURL (ikam_varQRCodefnURL)'),'&AssetId=',items('Apply_to_each')?['ikam_name'])}"
              }
            },
            "Upload_a_file_or_an_image_2": {
              "runAfter": {
                "HTTP": [
                  "Succeeded"
                ]
              },
              "metadata": {
                "operationMetadataId": "b35b1050-0530-4680-b557-6edfcdc38e35"
              },
              "type": "OpenApiConnection",
              "inputs": {
                "host": {
                  "connectionName": "shared_commondataserviceforapps_1",
                  "operationId": "UpdateEntityFileImageFieldContent",
                  "apiId": "/providers/Microsoft.PowerApps/apis/shared_commondataserviceforapps"
                },
                "parameters": {
                  "entityName": "ikam_assetinventories",
                  "recordId": "@items('Apply_to_each')?['ikam_assetinventoryid']",
                  "fileImageFieldName": "ikam_qrcodefile",
                  "item": "@body('HTTP')",
                  "x-ms-file-name": "@{items('Apply_to_each')?['ikam_name']}.jpg"
                },
                "authentication": {
                  "type": "Raw",
                  "value": "@json(decodeBase64(triggerOutputs().headers['X-MS-APIM-Tokens']))['$ConnectionKey']"
                }
              }
            },
            "Upload_a_file_or_an_image": {
              "runAfter": {
                "Upload_a_file_or_an_image_2": [
                  "Succeeded"
                ]
              },
              "metadata": {
                "operationMetadataId": "e2e2e71b-8d4d-4b99-a256-b4fb34b15e8f"
              },
              "type": "OpenApiConnection",
              "inputs": {
                "host": {
                  "connectionName": "shared_commondataserviceforapps_1",
                  "operationId": "UpdateEntityFileImageFieldContent",
                  "apiId": "/providers/Microsoft.PowerApps/apis/shared_commondataserviceforapps"
                },
                "parameters": {
                  "entityName": "ikam_assetinventories",
                  "recordId": "@items('Apply_to_each')?['ikam_assetinventoryid']",
                  "fileImageFieldName": "ikam_assetqrcode",
                  "item": "@body('HTTP')",
                  "x-ms-file-name": "@{items('Apply_to_each')?['ikam_name']}.jpg"
                },
                "authentication": {
                  "type": "Raw",
                  "value": "@json(decodeBase64(triggerOutputs().headers['X-MS-APIM-Tokens']))['$ConnectionKey']"
                }
              }
            }
          },
          "runAfter": {
            "Compose": [
              "Succeeded"
            ]
          },
          "metadata": {
            "operationMetadataId": "ce624594-4a0b-4dcb-86fb-ab7b4250bc65"
          },
          "type": "Foreach"
        }
      }
    },
    "templateName": ""
  },
  "schemaVersion": "1.0.0.0"
}