<appaction uniquename="cr851__Assign!8c8f2547a3544845891ba4565ce46e36!ikam_AssetInventoryManagement!ikam_assetinventory!0">
  <appmoduleid>
    <uniquename>ikam_AssetInventoryManagement</uniquename>
  </appmoduleid>
  <buttonlabeltext default="Assign">
    <label description="Assign" languagecode="1033" />
  </buttonlabeltext>
  <context>1</context>
  <contextentity>
    <logicalname>ikam_assetinventory</logicalname>
  </contextentity>
  <contextvalue>ikam_assetinventory</contextvalue>
  <fonticon>$clientsvg:FollowUser</fonticon>
  <hidden>0</hidden>
  <iscustomizable>1</iscustomizable>
  <isdisabled>0</isdisabled>
  <isgrouptitlehidden>0</isgrouptitlehidden>
  <location>0</location>
  <name>Assign!8c8f2547a3544845891ba4565ce46e36</name>
  <onclickeventjavascriptfunctionname>AssetInventory.onActionClick</onclickeventjavascriptfunctionname>
  <onclickeventjavascriptparameters>[{"type":5},{"type":21,"value":"assign"}]</onclickeventjavascriptparameters>
  <onclickeventjavascriptwebresourceid>
    <webresourceid>cfb0fae0-083c-ee11-bdf4-000d3adf7536</webresourceid>
  </onclickeventjavascriptwebresourceid>
  <onclickeventtype>2</onclickeventtype>
  <origin>0</origin>
  <parentappactionid>
    <uniquename>ikam__NewGroup!e933a2accb7b4948bb054e33740b82c9!ikam_AssetInventoryManagement!ikam_assetinventory!0</uniquename>
  </parentappactionid>
  <sequence>10000.0000000000</sequence>
  <statecode>0</statecode>
  <statuscode>1</statuscode>
  <type>0</type>
  <visibilityformulacomponentlibraryid>
    <name>cr851_assetinventorymanagementdefaultcommandlibrary_3659f</name>
  </visibilityformulacomponentlibraryid>
  <visibilityformulacomponentname>9eb1d28546944c4a8eecd7e4b29fe986</visibilityformulacomponentname>
  <visibilityformulafunctionname>Visible</visibilityformulafunctionname>
  <visibilitytype>1</visibilitytype>
</appaction>