<ImportExportXml xmlns:xsi="http://www.w3.org/2001/XMLSchema-instance">
  <Entities></Entities>
  <Roles></Roles>
  <Workflows></Workflows>
  <FieldSecurityProfiles></FieldSecurityProfiles>
  <Templates />
  <EntityMaps />
  <EntityRelationships />
  <OrganizationSettings />
  <optionsets />
  <CustomControls />
  <EntityDataProviders />
  <CanvasApps>
    <CanvasApp>
      <Name>ikam_assetmanagement_8715d</Name>
      <AppVersion>2024-08-07T11:01:41Z</AppVersion>
      <Status>Ready</Status>
      <CreatedByClientVersion>3.24074.14.0</CreatedByClientVersion>
      <MinClientVersion>3.24074.14.0</MinClientVersion>
      <Tags>{"primaryDeviceWidth":"1366","primaryDeviceHeight":"768","supportsPortrait":"true","supportsLandscape":"true","primaryFormFactor":"Tablet","publisherVersion":"3.24074.14","minimumRequiredApiVersion":"2.2.0","hasComponent":"true","hasUnlockedComponent":"true","isUnifiedRootApp":"false","sienaVersion":"20240806T120934Z-3.24074.14.0","showStatusBar":"false","offlineLargeFilesSupport":"false"}</Tags>
      <IsCdsUpgraded>0</IsCdsUpgraded>
      <GalleryItemId xsi:nil="true"></GalleryItemId>
      <BackgroundColor>rgba(255, 255, 255, 1)</BackgroundColor>
      <DisplayName>Workplace Asset Management</DisplayName>
      <Description>Helps P&amp;C users to create the requests and IT/Admin users to assign /return the assets</Description>
      <CommitMessage xsi:nil="true"></CommitMessage>
      <Publisher></Publisher>
      <AuthorizationReferences>[{"resourceId":"powerbi"}]</AuthorizationReferences>
      <ConnectionReferences>{"ff8b3659-8f48-4e0d-a70b-98d94486243d":{"id":"/providers/microsoft.powerapps/apis/shared_office365users","displayName":"Office 365 Users","iconUri":"https://connectoricons-prod.azureedge.net/releases/v1.0.1702/1.0.1702.3810/office365users/icon.png","dataSources":["Office365Users"],"dependencies":[],"dependents":[],"parameterHints":{},"parameterHintsV2":{},"isOnPremiseConnection":false,"bypassConsent":false,"dataSets":{},"apiTier":"Standard","actions":["MyProfile","UserPhoto"]},"234b0460-c8be-4dc0-bd6d-292d77fccd78":{"id":"/providers/microsoft.powerapps/apis/shared_logicflows","displayName":"Logic flows","iconUri":"https://connectoricons-prod.azureedge.net/releases/v1.0.1697/1.0.1697.3784/logicflows/icon.png","dataSources":["FetchEmployeeInformation"],"dependencies":[],"dependents":[],"parameterHints":{"workflowName":{"value":"583ba4ea-11ed-47d1-beeb-529b3e09984a"},"workflowEntityId":{"value":"6a857ef1-fd10-ee11-8f6d-000d3adf796b"}},"parameterHintsV2":{"workflowName":{"value":"583ba4ea-11ed-47d1-beeb-529b3e09984a"},"workflowEntityId":{"value":"6a857ef1-fd10-ee11-8f6d-000d3adf796b"}},"isOnPremiseConnection":false,"bypassConsent":false,"dataSets":{},"apiTier":"Standard","actions":["Run"]},"67aaa9f5-0063-44af-9376-ebdf4bd552ce":{"id":"/providers/microsoft.powerapps/apis/shared_logicflows","displayName":"Logic flows","iconUri":"https://connectoricons-prod.azureedge.net/releases/v1.0.1697/1.0.1697.3784/logicflows/icon.png","dataSources":["AM-AssetRequest-UpdateOwner"],"dependencies":["7e3afa2c-b7c5-42c3-8468-826f87e74a91"],"dependents":[],"parameterHints":{"workflowName":{"value":"31d2294e-25a7-48ac-ac09-5f403318b705"},"workflowEntityId":{"value":"d1424898-be32-ee11-bdf4-000d3adf796b"},"7e3afa2c-b7c5-42c3-8468-826f87e74a91":{"value":"shared_commondataserviceforapps"}},"parameterHintsV2":{"workflowName":{"value":"31d2294e-25a7-48ac-ac09-5f403318b705"},"workflowEntityId":{"value":"d1424898-be32-ee11-bdf4-000d3adf796b"},"shared_commondataserviceforapps":{"value":"7e3afa2c-b7c5-42c3-8468-826f87e74a91"}},"isOnPremiseConnection":false,"bypassConsent":false,"dataSets":{},"apiTier":"Standard","actions":["Run"]},"7e3afa2c-b7c5-42c3-8468-826f87e74a91":{"id":"/providers/microsoft.powerapps/apis/shared_commondataserviceforapps","displayName":"Microsoft Dataverse","iconUri":"https://connectoricons-prod.azureedge.net/releases/v1.0.1705/1.0.1705.3833/commondataserviceforapps/icon.png","dataSources":[],"dependencies":[],"dependents":["67aaa9f5-0063-44af-9376-ebdf4bd552ce","674d6a47-a579-481c-99fa-094021fb6d6c","56cab0af-f3b2-46ff-9926-075ccf29143c"],"parameterHints":{},"parameterHintsV2":{},"isOnPremiseConnection":false,"bypassConsent":false,"dataSets":{},"apiTier":"Premium"},"674d6a47-a579-481c-99fa-094021fb6d6c":{"id":"/providers/microsoft.powerapps/apis/shared_logicflows","displayName":"Logic flows","iconUri":"https://connectoricons-prod.azureedge.net/releases/v1.0.1697/1.0.1697.3784/logicflows/icon.png","dataSources":["AM-AssetRequestAndLineItems-ShareToITTeam"],"dependencies":["7e3afa2c-b7c5-42c3-8468-826f87e74a91"],"dependents":[],"parameterHints":{"workflowName":{"value":"5ee58d7a-84c4-4a81-85f9-e17870ced714"},"workflowEntityId":{"value":"f30cf75a-c22c-ee11-bdf4-000d3adf7536"},"7e3afa2c-b7c5-42c3-8468-826f87e74a91":{"value":"shared_commondataserviceforapps_2"}},"parameterHintsV2":{"workflowName":{"value":"5ee58d7a-84c4-4a81-85f9-e17870ced714"},"workflowEntityId":{"value":"f30cf75a-c22c-ee11-bdf4-000d3adf7536"},"shared_commondataserviceforapps_2":{"value":"7e3afa2c-b7c5-42c3-8468-826f87e74a91"}},"isOnPremiseConnection":false,"bypassConsent":false,"dataSets":{},"apiTier":"Standard","actions":["Run"]},"56cab0af-f3b2-46ff-9926-075ccf29143c":{"id":"/providers/microsoft.powerapps/apis/shared_logicflows","displayName":"Logic flows","iconUri":"https://connectoricons-prod.azureedge.net/releases/v1.0.1697/1.0.1697.3784/logicflows/icon.png","dataSources":["SaveAttchments"],"dependencies":["24306a75-1083-49c4-8224-9ed3524fc43f","7e3afa2c-b7c5-42c3-8468-826f87e74a91"],"dependents":[],"parameterHints":{"workflowName":{"value":"118e31a8-5c3f-4615-8da8-8243c931515e"},"workflowEntityId":{"value":"70533e5b-2889-ee11-8179-000d3adeaac3"},"24306a75-1083-49c4-8224-9ed3524fc43f":{"value":"shared_commondataserviceforapps_1"},"7e3afa2c-b7c5-42c3-8468-826f87e74a91":{"value":"shared_commondataserviceforapps"}},"parameterHintsV2":{"workflowName":{"value":"118e31a8-5c3f-4615-8da8-8243c931515e"},"workflowEntityId":{"value":"70533e5b-2889-ee11-8179-000d3adeaac3"},"shared_commondataserviceforapps_1":{"value":"24306a75-1083-49c4-8224-9ed3524fc43f"},"shared_commondataserviceforapps":{"value":"7e3afa2c-b7c5-42c3-8468-826f87e74a91"}},"isOnPremiseConnection":false,"bypassConsent":false,"dataSets":{},"apiTier":"Standard"},"24306a75-1083-49c4-8224-9ed3524fc43f":{"id":"/providers/microsoft.powerapps/apis/shared_commondataserviceforapps","displayName":"Microsoft Dataverse","iconUri":"https://connectoricons-prod.azureedge.net/releases/v1.0.1705/1.0.1705.3833/commondataserviceforapps/icon.png","dataSources":[],"dependencies":[],"dependents":["56cab0af-f3b2-46ff-9926-075ccf29143c"],"parameterHints":{},"parameterHintsV2":{},"isOnPremiseConnection":false,"bypassConsent":false,"dataSets":{},"apiTier":"Premium"}}</ConnectionReferences>
      <DatabaseReferences>{"default.cds":{"databaseDetails":{"referenceType":"Environmental","environmentName":"default.cds","overrideValues":{"status":"NotSpecified"}},"dataSources":{"Employees":{"entitySetName":"ikam_employees","logicalName":"ikam_employee"},"Asset Categories":{"entitySetName":"ikam_assetcategories","logicalName":"ikam_assetcategory"},"Asset LineItems":{"entitySetName":"ikam_assetlineitemses","logicalName":"ikam_assetlineitems"},"Teams":{"entitySetName":"teams","logicalName":"team"},"Assigned Assets":{"entitySetName":"ikam_assignedassetses","logicalName":"ikam_assignedassets"},"Asset Office Locations":{"entitySetName":"ikam_assetofficelocations","logicalName":"ikam_assetofficelocation"},"Asset Requests":{"entitySetName":"ikam_assetrequests","logicalName":"ikam_assetrequest"},"Users":{"entitySetName":"systemusers","logicalName":"systemuser"},"Asset Location Map":{"entitySetName":"ikam_assetlocationmaps","logicalName":"ikam_assetlocationmap"},"Asset Inventory":{"entitySetName":"ikam_assetinventories","logicalName":"ikam_assetinventory"},"Asset Company":{"entitySetName":"ikam_assetcompanies","logicalName":"ikam_assetcompany"},"Asset Costcenter":{"entitySetName":"ikam_assetcostcenters","logicalName":"ikam_assetcostcenter"},"Asset Departments":{"entitySetName":"ikam_assetdepartments","logicalName":"ikam_assetdepartment"},"Security Roles":{"entitySetName":"roles","logicalName":"role"},"Environment Variable Values":{"entitySetName":"environmentvariablevalues","logicalName":"environmentvariablevalue"},"Environment Variable Definitions":{"entitySetName":"environmentvariabledefinitions","logicalName":"environmentvariabledefinition"},"Notes":{"entitySetName":"annotations","logicalName":"annotation"},"Business Units":{"entitySetName":"businessunits","logicalName":"businessunit"},"Notes_Asset Managements":{"entitySetName":"ikam_notes_assetmanagements","logicalName":"ikam_notes_assetmanagement"}}}}</DatabaseReferences>
      <AppComponents>[]</AppComponents>
      <AppComponentDependencies>[{"appComponentName":"527878e75d534722a7271138a8e41fe8","appName":"d93726aa-7b6a-4ad0-ba89-d806cf9b88c4","appComponentLibraryName":"a15cf95f-9357-46d0-8c7e-effe4f3ae7f0","appComponentLibraryVersion":"2024-07-24T09:25:51Z","appComponentLibraryLogicalName":"ikam_componentsamt_dda9d","environmentName":"1005435c-3088-48c8-b232-9658bf10cdeb"},{"appComponentName":"b6c623e4e29740c1ac15c6299fd2fcbe","appName":"d93726aa-7b6a-4ad0-ba89-d806cf9b88c4","appComponentLibraryName":"a15cf95f-9357-46d0-8c7e-effe4f3ae7f0","appComponentLibraryVersion":"2024-07-24T09:25:51Z","appComponentLibraryLogicalName":"ikam_componentsamt_dda9d","environmentName":"1005435c-3088-48c8-b232-9658bf10cdeb"}]</AppComponentDependencies>
      <CanConsumeAppPass>1</CanConsumeAppPass>
      <CanvasAppType>0</CanvasAppType>
      <BypassConsent>0</BypassConsent>
      <AdminControlBypassConsent>0</AdminControlBypassConsent>
      <EmbeddedApp xsi:nil="true"></EmbeddedApp>
      <IntroducedVersion>1.0</IntroducedVersion>
      <CdsDependencies>{"cdsdependencies":[{"dependencyid":"6a857ef1-fd10-ee11-8f6d-000d3adf796b","componenttype":29,"componenttypeplatformname":"Workflow"},{"dependencyid":"d1424898-be32-ee11-bdf4-000d3adf796b","componenttype":29,"componenttypeplatformname":"Workflow"},{"dependencyid":"f30cf75a-c22c-ee11-bdf4-000d3adf7536","componenttype":29,"componenttypeplatformname":"Workflow"},{"dependencyid":"70533e5b-2889-ee11-8179-000d3adeaac3","componenttype":29,"componenttypeplatformname":"Workflow"},{"logicalname":"ikam_employee","componenttype":1},{"logicalname":"ikam_assetcategory","componenttype":1},{"logicalname":"ikam_assetlineitems","componenttype":1},{"logicalname":"team","componenttype":1},{"logicalname":"ikam_assignedassets","componenttype":1},{"logicalname":"ikam_assetofficelocation","componenttype":1},{"logicalname":"ikam_assetrequest","componenttype":1},{"logicalname":"systemuser","componenttype":1},{"logicalname":"ikam_assetlocationmap","componenttype":1},{"logicalname":"ikam_assetinventory","componenttype":1},{"logicalname":"ikam_assetcompany","componenttype":1},{"logicalname":"ikam_assetcostcenter","componenttype":1},{"logicalname":"ikam_assetdepartment","componenttype":1},{"logicalname":"role","componenttype":1},{"logicalname":"environmentvariablevalue","componenttype":1},{"logicalname":"environmentvariabledefinition","componenttype":1},{"logicalname":"annotation","componenttype":1},{"logicalname":"businessunit","componenttype":1},{"logicalname":"ikam_notes_assetmanagement","componenttype":1},{"logicalname":"ikam_componentsamt_dda9d","componenttype":300,"componenttypeplatformname":"CanvasApp"}]}</CdsDependencies>
      <IsCustomizable>1</IsCustomizable>
      <BackgroundImageUri>/CanvasApps/ikam_assetmanagement_8715d_BackgroundImageUri</BackgroundImageUri>
      <DocumentUri>/CanvasApps/ikam_assetmanagement_8715d_DocumentUri.msapp</DocumentUri>
      <AdditionalUris>
        <AdditionalUri>/CanvasApps/ikam_assetmanagement_8715d_AdditionalUris0_identity.json</AdditionalUri>
      </AdditionalUris>
    </CanvasApp>
  </CanvasApps>
  <Languages>
    <Language>1033</Language>
  </Languages>
</ImportExportXml>