<ImportExportXml version="9.2.24082.188" SolutionPackageVersion="9.2" languagecode="1033" generatedBy="CrmLive" xmlns:xsi="http://www.w3.org/2001/XMLSchema-instance">
  <SolutionManifest>
    <UniqueName>AssetCanvasApp</UniqueName>
    <LocalizedNames>
      <LocalizedName description="Asset Canvas App" languagecode="1033" />
    </LocalizedNames>
    <Descriptions />
    <Version>1.0.0.9</Version>
    <Managed>0</Managed>
    <Publisher>
      <UniqueName>InterIkeaAssetManagement</UniqueName>
      <LocalizedNames>
        <LocalizedName description="InterIkeaAssetManagement" languagecode="1033" />
      </LocalizedNames>
      <Descriptions />
      <EMailAddress xsi:nil="true"></EMailAddress>
      <SupportingWebsiteUrl xsi:nil="true"></SupportingWebsiteUrl>
      <CustomizationPrefix>ikam</CustomizationPrefix>
      <CustomizationOptionValuePrefix>98910</CustomizationOptionValuePrefix>
      <Addresses>
        <Address>
          <AddressNumber>1</AddressNumber>
          <AddressTypeCode>1</AddressTypeCode>
          <City xsi:nil="true"></City>
          <County xsi:nil="true"></County>
          <Country xsi:nil="true"></Country>
          <Fax xsi:nil="true"></Fax>
          <FreightTermsCode xsi:nil="true"></FreightTermsCode>
          <ImportSequenceNumber xsi:nil="true"></ImportSequenceNumber>
          <Latitude xsi:nil="true"></Latitude>
          <Line1 xsi:nil="true"></Line1>
          <Line2 xsi:nil="true"></Line2>
          <Line3 xsi:nil="true"></Line3>
          <Longitude xsi:nil="true"></Longitude>
          <Name xsi:nil="true"></Name>
          <PostalCode xsi:nil="true"></PostalCode>
          <PostOfficeBox xsi:nil="true"></PostOfficeBox>
          <PrimaryContactName xsi:nil="true"></PrimaryContactName>
          <ShippingMethodCode>1</ShippingMethodCode>
          <StateOrProvince xsi:nil="true"></StateOrProvince>
          <Telephone1 xsi:nil="true"></Telephone1>
          <Telephone2 xsi:nil="true"></Telephone2>
          <Telephone3 xsi:nil="true"></Telephone3>
          <TimeZoneRuleVersionNumber xsi:nil="true"></TimeZoneRuleVersionNumber>
          <UPSZone xsi:nil="true"></UPSZone>
          <UTCOffset xsi:nil="true"></UTCOffset>
          <UTCConversionTimeZoneCode xsi:nil="true"></UTCConversionTimeZoneCode>
        </Address>
        <Address>
          <AddressNumber>2</AddressNumber>
          <AddressTypeCode>1</AddressTypeCode>
          <City xsi:nil="true"></City>
          <County xsi:nil="true"></County>
          <Country xsi:nil="true"></Country>
          <Fax xsi:nil="true"></Fax>
          <FreightTermsCode xsi:nil="true"></FreightTermsCode>
          <ImportSequenceNumber xsi:nil="true"></ImportSequenceNumber>
          <Latitude xsi:nil="true"></Latitude>
          <Line1 xsi:nil="true"></Line1>
          <Line2 xsi:nil="true"></Line2>
          <Line3 xsi:nil="true"></Line3>
          <Longitude xsi:nil="true"></Longitude>
          <Name xsi:nil="true"></Name>
          <PostalCode xsi:nil="true"></PostalCode>
          <PostOfficeBox xsi:nil="true"></PostOfficeBox>
          <PrimaryContactName xsi:nil="true"></PrimaryContactName>
          <ShippingMethodCode>1</ShippingMethodCode>
          <StateOrProvince xsi:nil="true"></StateOrProvince>
          <Telephone1 xsi:nil="true"></Telephone1>
          <Telephone2 xsi:nil="true"></Telephone2>
          <Telephone3 xsi:nil="true"></Telephone3>
          <TimeZoneRuleVersionNumber xsi:nil="true"></TimeZoneRuleVersionNumber>
          <UPSZone xsi:nil="true"></UPSZone>
          <UTCOffset xsi:nil="true"></UTCOffset>
          <UTCConversionTimeZoneCode xsi:nil="true"></UTCConversionTimeZoneCode>
        </Address>
      </Addresses>
    </Publisher>
    <RootComponents>
      <RootComponent type="300" schemaName="ikam_assetmanagement_8715d" behavior="0" />
    </RootComponents>
    <MissingDependencies>
      <MissingDependency>
        <Required type="1" schemaName="environmentvariabledefinition" displayName="Environment Variable Definition" solution="EnvironmentVariables (1.0.2406.4)" />
        <Dependent type="300" schemaName="ikam_assetmanagement_8715d" displayName="Workplace Asset Management" />
      </MissingDependency>
      <MissingDependency>
        <Required type="1" schemaName="environmentvariablevalue" displayName="Environment Variable Value" solution="EnvironmentVariables (1.0.2406.4)" />
        <Dependent type="300" schemaName="ikam_assetmanagement_8715d" displayName="Workplace Asset Management" />
      </MissingDependency>
      <MissingDependency>
        <Required type="1" schemaName="ikam_assetcategory" displayName="Asset Category" solution="Active" />
        <Dependent type="300" schemaName="ikam_assetmanagement_8715d" displayName="Workplace Asset Management" />
      </MissingDependency>
      <MissingDependency>
        <Required type="1" schemaName="ikam_assetcompany" displayName="Asset Company" solution="Active" />
        <Dependent type="300" schemaName="ikam_assetmanagement_8715d" displayName="Workplace Asset Management" />
      </MissingDependency>
      <MissingDependency>
        <Required type="1" schemaName="ikam_assetcostcenter" displayName="Asset Costcenter" solution="Active" />
        <Dependent type="300" schemaName="ikam_assetmanagement_8715d" displayName="Workplace Asset Management" />
      </MissingDependency>
      <MissingDependency>
        <Required type="1" schemaName="ikam_assetdepartment" displayName="Asset Department" solution="Active" />
        <Dependent type="300" schemaName="ikam_assetmanagement_8715d" displayName="Workplace Asset Management" />
      </MissingDependency>
      <MissingDependency>
        <Required type="1" schemaName="ikam_assetinventory" displayName="Asset Inventory" solution="Active" />
        <Dependent type="300" schemaName="ikam_assetmanagement_8715d" displayName="Workplace Asset Management" />
      </MissingDependency>
      <MissingDependency>
        <Required type="1" schemaName="ikam_assetlineitems" displayName="Asset Line Item" solution="Active" />
        <Dependent type="300" schemaName="ikam_assetmanagement_8715d" displayName="Workplace Asset Management" />
      </MissingDependency>
      <MissingDependency>
        <Required type="1" schemaName="ikam_assetlocationmap" displayName="Standard Asset by Location" solution="Active" />
        <Dependent type="300" schemaName="ikam_assetmanagement_8715d" displayName="Workplace Asset Management" />
      </MissingDependency>
      <MissingDependency>
        <Required type="1" schemaName="ikam_assetofficelocation" displayName="Asset Office Location" solution="Active" />
        <Dependent type="300" schemaName="ikam_assetmanagement_8715d" displayName="Workplace Asset Management" />
      </MissingDependency>
      <MissingDependency>
        <Required type="1" schemaName="ikam_assetrequest" displayName="Asset Request" solution="Active" />
        <Dependent type="300" schemaName="ikam_assetmanagement_8715d" displayName="Workplace Asset Management" />
      </MissingDependency>
      <MissingDependency>
        <Required type="1" schemaName="ikam_assignedassets" displayName="Assigned Assets" solution="Active" />
        <Dependent type="300" schemaName="ikam_assetmanagement_8715d" displayName="Workplace Asset Management" />
      </MissingDependency>
      <MissingDependency>
        <Required type="1" schemaName="ikam_employee" displayName="Co-worker" solution="Active" />
        <Dependent type="300" schemaName="ikam_assetmanagement_8715d" displayName="Workplace Asset Management" />
      </MissingDependency>
      <MissingDependency>
        <Required type="1" schemaName="ikam_notes_assetmanagement" displayName="Notes_Asset Management" solution="Active" />
        <Dependent type="300" schemaName="ikam_assetmanagement_8715d" displayName="Workplace Asset Management" />
      </MissingDependency>
      <MissingDependency>
        <Required type="29" displayName="FetchEmployeeInformation" solution="Active" id="{6a857ef1-fd10-ee11-8f6d-000d3adf796b}" />
        <Dependent type="300" schemaName="ikam_assetmanagement_8715d" displayName="Workplace Asset Management" />
      </MissingDependency>
      <MissingDependency>
        <Required type="29" displayName="Save Attchments" solution="Active" id="{70533e5b-2889-ee11-8179-000d3adeaac3}" />
        <Dependent type="300" schemaName="ikam_assetmanagement_8715d" displayName="Workplace Asset Management" />
      </MissingDependency>
      <MissingDependency>
        <Required type="29" displayName="AM-AssetRequest-UpdateOwner" solution="Active" id="{d1424898-be32-ee11-bdf4-000d3adf796b}" />
        <Dependent type="300" schemaName="ikam_assetmanagement_8715d" displayName="Workplace Asset Management" />
      </MissingDependency>
      <MissingDependency>
        <Required type="29" displayName="AM-AssetRequestAndLineItems-ShareToITTeam" solution="Active" id="{f30cf75a-c22c-ee11-bdf4-000d3adf7536}" />
        <Dependent type="300" schemaName="ikam_assetmanagement_8715d" displayName="Workplace Asset Management" />
      </MissingDependency>
      <MissingDependency>
        <Required type="300" schemaName="ikam_componentsamt_dda9d" displayName="Components_AMT" solution="Active" />
        <Dependent type="300" schemaName="ikam_assetmanagement_8715d" displayName="Workplace Asset Management" />
      </MissingDependency>
    </MissingDependencies>
  </SolutionManifest>
</ImportExportXml>