<ImportExportXml version="9.2.24082.188" SolutionPackageVersion="9.2" languagecode="1033" generatedBy="CrmLive" xmlns:xsi="http://www.w3.org/2001/XMLSchema-instance">
  <SolutionManifest>
    <UniqueName>AssetManagementPhase1</UniqueName>
    <LocalizedNames>
      <LocalizedName description="Asset Management Phase 2" languagecode="1033" />
    </LocalizedNames>
    <Descriptions>
      <Description description="Upgrade of Asset Management Phase 2" languagecode="1033" />
    </Descriptions>
    <Version>1.6.0.6</Version>
    <Managed>0</Managed>
    <Publisher>
      <UniqueName>InterIkeaAssetManagement</UniqueName>
      <LocalizedNames>
        <LocalizedName description="InterIkeaAssetManagement" languagecode="1033" />
      </LocalizedNames>
      <Descriptions />
      <EMailAddress xsi:nil="true"></EMailAddress>
      <SupportingWebsiteUrl xsi:nil="true"></SupportingWebsiteUrl>
      <CustomizationPrefix>ikam</CustomizationPrefix>
      <CustomizationOptionValuePrefix>98910</CustomizationOptionValuePrefix>
      <Addresses>
        <Address>
          <AddressNumber>1</AddressNumber>
          <AddressTypeCode>1</AddressTypeCode>
          <City xsi:nil="true"></City>
          <County xsi:nil="true"></County>
          <Country xsi:nil="true"></Country>
          <Fax xsi:nil="true"></Fax>
          <FreightTermsCode xsi:nil="true"></FreightTermsCode>
          <ImportSequenceNumber xsi:nil="true"></ImportSequenceNumber>
          <Latitude xsi:nil="true"></Latitude>
          <Line1 xsi:nil="true"></Line1>
          <Line2 xsi:nil="true"></Line2>
          <Line3 xsi:nil="true"></Line3>
          <Longitude xsi:nil="true"></Longitude>
          <Name xsi:nil="true"></Name>
          <PostalCode xsi:nil="true"></PostalCode>
          <PostOfficeBox xsi:nil="true"></PostOfficeBox>
          <PrimaryContactName xsi:nil="true"></PrimaryContactName>
          <ShippingMethodCode>1</ShippingMethodCode>
          <StateOrProvince xsi:nil="true"></StateOrProvince>
          <Telephone1 xsi:nil="true"></Telephone1>
          <Telephone2 xsi:nil="true"></Telephone2>
          <Telephone3 xsi:nil="true"></Telephone3>
          <TimeZoneRuleVersionNumber xsi:nil="true"></TimeZoneRuleVersionNumber>
          <UPSZone xsi:nil="true"></UPSZone>
          <UTCOffset xsi:nil="true"></UTCOffset>
          <UTCConversionTimeZoneCode xsi:nil="true"></UTCConversionTimeZoneCode>
        </Address>
        <Address>
          <AddressNumber>2</AddressNumber>
          <AddressTypeCode>1</AddressTypeCode>
          <City xsi:nil="true"></City>
          <County xsi:nil="true"></County>
          <Country xsi:nil="true"></Country>
          <Fax xsi:nil="true"></Fax>
          <FreightTermsCode xsi:nil="true"></FreightTermsCode>
          <ImportSequenceNumber xsi:nil="true"></ImportSequenceNumber>
          <Latitude xsi:nil="true"></Latitude>
          <Line1 xsi:nil="true"></Line1>
          <Line2 xsi:nil="true"></Line2>
          <Line3 xsi:nil="true"></Line3>
          <Longitude xsi:nil="true"></Longitude>
          <Name xsi:nil="true"></Name>
          <PostalCode xsi:nil="true"></PostalCode>
          <PostOfficeBox xsi:nil="true"></PostOfficeBox>
          <PrimaryContactName xsi:nil="true"></PrimaryContactName>
          <ShippingMethodCode>1</ShippingMethodCode>
          <StateOrProvince xsi:nil="true"></StateOrProvince>
          <Telephone1 xsi:nil="true"></Telephone1>
          <Telephone2 xsi:nil="true"></Telephone2>
          <Telephone3 xsi:nil="true"></Telephone3>
          <TimeZoneRuleVersionNumber xsi:nil="true"></TimeZoneRuleVersionNumber>
          <UPSZone xsi:nil="true"></UPSZone>
          <UTCOffset xsi:nil="true"></UTCOffset>
          <UTCConversionTimeZoneCode xsi:nil="true"></UTCConversionTimeZoneCode>
        </Address>
      </Addresses>
    </Publisher>
    <RootComponents>
      <RootComponent type="1" schemaName="ikam_assetcategory" behavior="0" />
      <RootComponent type="1" schemaName="ikam_assetcompany" behavior="0" />
      <RootComponent type="1" schemaName="ikam_assetcostcenter" behavior="0" />
      <RootComponent type="1" schemaName="ikam_assetdepartment" behavior="0" />
      <RootComponent type="1" schemaName="ikam_assetinventory" behavior="0" />
      <RootComponent type="1" schemaName="ikam_assetlineitems" behavior="0" />
      <RootComponent type="1" schemaName="ikam_assetlocationmap" behavior="0" />
      <RootComponent type="1" schemaName="ikam_assetofficelocation" behavior="0" />
      <RootComponent type="1" schemaName="ikam_assetrequest" behavior="0" />
      <RootComponent type="1" schemaName="ikam_assetribbon" behavior="0" />
      <RootComponent type="1" schemaName="ikam_assignedassets" behavior="0" />
      <RootComponent type="1" schemaName="ikam_dummyemployee" behavior="0" />
      <RootComponent type="1" schemaName="ikam_employee" behavior="0" />
      <RootComponent type="1" schemaName="ikam_employeeinformation" behavior="0" />
      <RootComponent type="1" schemaName="ikam_notes_assetmanagement" behavior="0" />
      <RootComponent type="1" schemaName="systemuser" behavior="1" />
      <RootComponent type="1" schemaName="team" behavior="1" />
      <RootComponent type="1" schemaName="transactioncurrency" behavior="1" />
      <RootComponent type="9" schemaName="ikam_assetcondition" behavior="0" />
      <RootComponent type="9" schemaName="ikam_optionalasset" behavior="0" />
      <RootComponent type="9" schemaName="ikam_ownedbyteam" behavior="0" />
      <RootComponent type="9" schemaName="ikam_reason" behavior="0" />
      <RootComponent type="9" schemaName="ikam_requeststatus" behavior="0" />
      <RootComponent type="9" schemaName="ikam_requesttype" behavior="0" />
      <RootComponent type="9" schemaName="ikam_sourceapp" behavior="0" />
      <RootComponent type="9" schemaName="ikam_standardasset" behavior="0" />
      <RootComponent type="20" id="{1d4fd750-192a-ee11-bdf4-000d3adeaac3}" behavior="0" />
      <RootComponent type="20" id="{9a8f2fa4-7147-ee11-be6d-000d3adf7536}" behavior="0" />
      <RootComponent type="20" id="{b3775191-192a-ee11-bdf4-000d3adeaac3}" behavior="0" />
      <RootComponent type="29" id="{03a705dd-8e4c-ee11-be6e-000d3adf7536}" behavior="0" />
      <RootComponent type="29" id="{05aadeff-7073-ee11-8179-000d3adf796b}" behavior="0" />
      <RootComponent type="29" id="{0b1bb7f7-914d-ee11-be6e-000d3adeaac3}" behavior="0" />
      <RootComponent type="29" id="{0e4845c5-2418-ef11-9f8a-000d3adb4c47}" behavior="0" />
      <RootComponent type="29" id="{196d887b-a648-ee11-be6d-000d3adeaac3}" behavior="0" />
      <RootComponent type="29" id="{1ad1c4fb-d452-ee11-be6e-000d3adeaac3}" behavior="0" />
      <RootComponent type="29" id="{286edcc8-d248-ee11-be6d-000d3adf7536}" behavior="0" />
      <RootComponent type="29" id="{2be3fc15-510d-ef11-9f89-000d3a69225c}" behavior="0" />
      <RootComponent type="29" id="{34a55da7-109f-ee11-be37-000d3adeaac3}" behavior="0" />
      <RootComponent type="29" id="{371c7568-fd40-ee11-bdf3-000d3adf796b}" behavior="0" />
      <RootComponent type="29" id="{3b573d3d-3040-ee11-bdf3-000d3adf796b}" behavior="0" />
      <RootComponent type="29" id="{3dbc1246-0132-ee11-bdf4-000d3adeaac3}" behavior="0" />
      <RootComponent type="29" id="{462e4a7c-8336-ee11-bdf4-000d3adf796b}" behavior="0" />
      <RootComponent type="29" id="{4f6c2e3f-f08d-ee11-8179-000d3adf7536}" behavior="0" />
      <RootComponent type="29" id="{6a857ef1-fd10-ee11-8f6d-000d3adf796b}" behavior="0" />
      <RootComponent type="29" id="{70533e5b-2889-ee11-8179-000d3adeaac3}" behavior="0" />
      <RootComponent type="29" id="{75766f6b-5567-ee11-9ae7-000d3adf7536}" behavior="0" />
      <RootComponent type="29" id="{7c14a336-bb74-ee11-8179-000d3adf796b}" behavior="0" />
      <RootComponent type="29" id="{811b1bde-102a-ee11-bdf4-000d3adf796b}" behavior="0" />
      <RootComponent type="29" id="{83fd0214-d13c-ee11-bdf4-000d3adeaac3}" behavior="0" />
      <RootComponent type="29" id="{86d45ab5-0f52-ee11-be6e-000d3adeaac3}" behavior="0" />
      <RootComponent type="29" id="{8947041e-ef8d-ee11-8179-000d3adf7536}" behavior="0" />
      <RootComponent type="29" id="{927d6b76-e752-ee11-be6e-000d3adf796b}" behavior="0" />
      <RootComponent type="29" id="{9ebd26b6-cb4d-ee11-be6e-000d3adeaac3}" behavior="0" />
      <RootComponent type="29" id="{a006cd23-bf48-ee11-be6d-000d3adeaac3}" behavior="0" />
      <RootComponent type="29" id="{a0a3b2e6-4931-ee11-bdf4-000d3adeaac3}" behavior="0" />
      <RootComponent type="29" id="{a0d6c6f8-944c-ee11-be6e-0022489bc541}" behavior="0" />
      <RootComponent type="29" id="{a1bb6be2-6c4d-ee11-be6e-000d3adf796b}" behavior="0" />
      <RootComponent type="29" id="{a5e88439-bb48-ee11-be6d-000d3adf796b}" behavior="0" />
      <RootComponent type="29" id="{a8b3352b-d698-ee11-be37-000d3adeaac3}" behavior="0" />
      <RootComponent type="29" id="{a8fb09f1-105e-ee11-be6f-000d3adeaac3}" behavior="0" />
      <RootComponent type="29" id="{acab82e5-3943-ee11-bdf3-000d3adeaac3}" behavior="0" />
      <RootComponent type="29" id="{b756e7a6-518f-ee11-8179-000d3adf796b}" behavior="0" />
      <RootComponent type="29" id="{ba2a4ff1-5501-ef11-9f89-0022489bcf8e}" behavior="0" />
      <RootComponent type="29" id="{bbb8c40f-f494-ee11-be37-000d3adeaac3}" behavior="0" />
      <RootComponent type="29" id="{c5eb8012-eed9-ee11-904c-000d3adf796b}" behavior="0" />
      <RootComponent type="29" id="{c74c322a-5837-ee11-bdf4-000d3adf7536}" behavior="0" />
      <RootComponent type="29" id="{ccee8f5e-3e38-ee11-bdf4-000d3adeaac3}" behavior="0" />
      <RootComponent type="29" id="{d1424898-be32-ee11-bdf4-000d3adf796b}" behavior="0" />
      <RootComponent type="29" id="{d4fd4edf-944c-ee11-be6e-000d3adf796b}" behavior="0" />
      <RootComponent type="29" id="{d5a58982-89f1-ee11-904b-000d3adf4893}" behavior="0" />
      <RootComponent type="29" id="{dc96c4c6-8a4c-ee11-be6e-000d3adf7536}" behavior="0" />
      <RootComponent type="29" id="{dd81f81d-954c-ee11-be6e-000d3adeaac3}" behavior="0" />
      <RootComponent type="29" id="{e99d73b2-2f40-ee11-bdf3-000d3adf7536}" behavior="0" />
      <RootComponent type="29" id="{ea10fd2b-c24c-ee11-be6e-000d3adf7f4b}" behavior="0" />
      <RootComponent type="29" id="{f275a865-2ada-ee11-904c-000d3adf796b}" behavior="0" />
      <RootComponent type="29" id="{f30cf75a-c22c-ee11-bdf4-000d3adf7536}" behavior="0" />
      <RootComponent type="29" id="{f391249e-3c47-ee11-be6d-000d3adeaac3}" behavior="0" />
      <RootComponent type="29" id="{fcf644f2-2c40-ee11-bdf3-000d3adeaac3}" behavior="0" />
      <RootComponent type="29" id="{fdb4698e-8a5e-ee11-be6f-000d3adf78ee}" behavior="0" />
      <RootComponent type="60" id="{a2131944-0227-ee11-9965-000d3adf7536}" behavior="0" />
      <RootComponent type="60" id="{c231431c-e945-ee11-be6e-000d3adf796b}" behavior="0" />
      <RootComponent type="61" schemaName="accessChecker_openDialog.js" behavior="0" />
      <RootComponent type="61" schemaName="ikam_AssetInventory.js" behavior="0" />
      <RootComponent type="61" schemaName="ikam_assetinventoryribbon.js" behavior="0" />
      <RootComponent type="61" schemaName="ikam_assetinventory_events.js" behavior="0" />
      <RootComponent type="61" schemaName="ikam_AssignedAssets.js" behavior="0" />
      <RootComponent type="61" schemaName="ikam_coworkerribbon.js" behavior="0" />
      <RootComponent type="61" schemaName="ikam_ikealogo" behavior="0" />
      <RootComponent type="61" schemaName="ikam_standardassetsevent.js" behavior="0" />
      <RootComponent type="62" schemaName="ikam_AssetInventoryManagement" behavior="0" />
      <RootComponent type="80" schemaName="ikam_AssetInventoryManagement" behavior="0" />
      <RootComponent type="300" schemaName="cr851_assetinventorymanagementdefaultcommandlibrary_3659f" behavior="0" />
      <RootComponent type="300" schemaName="ikam_ambarcodescanner_64469" behavior="0" />
      <RootComponent type="300" schemaName="ikam_assetinventorymanagement_4474e" behavior="0" />
      <RootComponent type="300" schemaName="ikam_assetmanagement_8715d" behavior="0" />
      <RootComponent type="300" schemaName="ikam_componentsamt_dda9d" behavior="0" />
      <RootComponent type="300" schemaName="ikam_findcoworkerpage_adaeb" behavior="0" />
      <RootComponent type="300" schemaName="ikam_mandatoryconfirmationpage_2ef3b" behavior="0" />
      <RootComponent type="300" schemaName="ikam_printallqrcodes_64529" behavior="0" />
      <RootComponent type="300" schemaName="ikam_printqr_b3510" behavior="0" />
      <RootComponent type="431" schemaName="ikam_assetinventory ikam_assetqrcode" behavior="0" />
      <RootComponent type="432" schemaName="ikam_assetinventory" behavior="0" />
    </RootComponents>
    <MissingDependencies>
      <MissingDependency>
        <Required type="1" schemaName="environmentvariabledefinition" displayName="Environment Variable Definition" solution="EnvironmentVariables (1.0.2406.4)" />
        <Dependent type="300" schemaName="ikam_assetinventorymanagement_4474e" displayName="Workplace Asset Inventory" />
      </MissingDependency>
      <MissingDependency>
        <Required type="1" schemaName="environmentvariabledefinition" displayName="Environment Variable Definition" solution="EnvironmentVariables (1.0.2406.4)" />
        <Dependent type="300" schemaName="ikam_assetmanagement_8715d" displayName="Workplace Asset Management" />
      </MissingDependency>
      <MissingDependency>
        <Required type="1" schemaName="environmentvariabledefinition" displayName="Environment Variable Definition" solution="EnvironmentVariables (1.0.2406.4)" />
        <Dependent type="300" schemaName="ikam_printallqrcodes_64529" displayName="Download QR Codes" />
      </MissingDependency>
      <MissingDependency>
        <Required type="1" schemaName="environmentvariabledefinition" displayName="Environment Variable Definition" solution="EnvironmentVariables (1.0.2406.4)" />
        <Dependent type="300" schemaName="ikam_printqr_b3510" displayName="Download QR Code" />
      </MissingDependency>
      <MissingDependency>
        <Required type="1" schemaName="environmentvariablevalue" displayName="Environment Variable Value" solution="EnvironmentVariables (1.0.2406.4)" />
        <Dependent type="300" schemaName="ikam_assetinventorymanagement_4474e" displayName="Workplace Asset Inventory" />
      </MissingDependency>
      <MissingDependency>
        <Required type="1" schemaName="environmentvariablevalue" displayName="Environment Variable Value" solution="EnvironmentVariables (1.0.2406.4)" />
        <Dependent type="300" schemaName="ikam_assetmanagement_8715d" displayName="Workplace Asset Management" />
      </MissingDependency>
      <MissingDependency>
        <Required type="1" schemaName="environmentvariablevalue" displayName="Environment Variable Value" solution="EnvironmentVariables (1.0.2406.4)" />
        <Dependent type="300" schemaName="ikam_printallqrcodes_64529" displayName="Download QR Codes" />
      </MissingDependency>
      <MissingDependency>
        <Required type="1" schemaName="environmentvariablevalue" displayName="Environment Variable Value" solution="EnvironmentVariables (1.0.2406.4)" />
        <Dependent type="300" schemaName="ikam_printqr_b3510" displayName="Download QR Code" />
      </MissingDependency>
      <MissingDependency>
        <Required type="1" schemaName="msdyn_iotalert" displayName="IoT Alert" solution="IoTConnector (1.8.51.0)">
          <package>msdynce_ServiceAnchor (9.0.24074.1003)</package>
        </Required>
        <Dependent type="80" schemaName="ikam_AssetInventoryManagement" displayName="Workplace Asset Configuration Management " />
      </MissingDependency>
      <MissingDependency>
        <Required type="2" schemaName="membershiptype" displayName="Membership Type" parentSchemaName="team" parentDisplayName="Team" solution="AuthorizationCore (1.116.0.38)" />
        <Dependent type="60" displayName="Team" parentDisplayName="Team" id="{7ba7fac1-1418-4335-935f-f7f8dfd73fcc}" />
      </MissingDependency>
      <MissingDependency>
        <Required type="60" displayName="Team form – Business" parentDisplayName="Team" solution="msdynce_AppCommon (9.0.4.0066)" id="{4aabf594-b30a-490d-bf97-89c67c6777fe}">
          <package>msdynce_AppCommonAnchor (9.0.24073.10001)</package>
        </Required>
        <Dependent type="60" displayName="Team form – Business" parentDisplayName="Team" id="{4aabf594-b30a-490d-bf97-89c67c6777fe}" />
      </MissingDependency>
      <MissingDependency>
        <Required type="60" displayName="New Form" parentDisplayName="Team" solution="OmnichannelBase (1.10.0.84)" id="{a9012f85-915a-4349-b3b4-62ff2040e87c}">
          <package>UnifiedRoutingPrimeAnchor (1.5.26.138)</package>
        </Required>
        <Dependent type="60" displayName="New Form" parentDisplayName="Team" id="{a9012f85-915a-4349-b3b4-62ff2040e87c}" />
      </MissingDependency>
      <MissingDependency>
        <Required type="61" schemaName="accessChecker_openDialog.js" displayName="accessChecker_openDialog.js" solution="msft_AccessCheckerExtension (1.1.0.4)" />
        <Dependent type="61" schemaName="accessChecker_openDialog.js" displayName="accessChecker_openDialog.js" />
      </MissingDependency>
      <MissingDependency>
        <Required type="61" schemaName="ikam_icnAssetConfig" displayName="ikam_icnAssetConfig" solution="Active" />
        <Dependent type="80" schemaName="ikam_AssetInventoryManagement" displayName="Workplace Asset Configuration Management " />
      </MissingDependency>
      <MissingDependency>
        <Required type="SettingDefinition" displayName="EnablePerAppLicenseBilling" solution="SettingDefinitionsData (9.2.2407.2407111)" id.uniquename="EnablePerAppLicenseBilling" />
        <Dependent type="AppSetting" displayName="parentappmoduleid.uniquename=ikam_AssetInventoryManagement,settingdefinitionid.uniquename=EnablePerAppLicenseBilling" id.parentappmoduleid.uniquename="ikam_AssetInventoryManagement" id.settingdefinitionid.uniquename="EnablePerAppLicenseBilling" />
      </MissingDependency>
      <MissingDependency>
        <Required type="SettingDefinition" displayName="IsSmartEmailAddressValidationControlEnabled" solution="msdyn_EmailAddressValidation (1.0.0.4)" id.uniquename="IsSmartEmailAddressValidationControlEnabled" />
        <Dependent type="AppSetting" displayName="parentappmoduleid.uniquename=ikam_AssetInventoryManagement,settingdefinitionid.uniquename=IsSmartEmailAddressValidationControlEnabled" id.parentappmoduleid.uniquename="ikam_AssetInventoryManagement" id.settingdefinitionid.uniquename="IsSmartEmailAddressValidationControlEnabled" />
      </MissingDependency>
    </MissingDependencies>
  </SolutionManifest>
</ImportExportXml>