<appaction uniquename="ikam__PrintQR!27c4c60a9cb34689b4a3b79497ff5653!ikam_assetinventory!0">
  <buttonlabeltext default="Download QR Code">
    <label description="Download QR Code" languagecode="1033" />
  </buttonlabeltext>
  <context>1</context>
  <contextentity>
    <logicalname>ikam_assetinventory</logicalname>
  </contextentity>
  <contextvalue>ikam_assetinventory</contextvalue>
  <fonticon>$clientsvg:Download</fonticon>
  <hidden>0</hidden>
  <iscustomizable>1</iscustomizable>
  <isdisabled>0</isdisabled>
  <isgrouptitlehidden>0</isgrouptitlehidden>
  <location>0</location>
  <name>PrintQR!27c4c60a9cb34689b4a3b79497ff5653</name>
  <onclickeventjavascriptfunctionname>openSinglePrint</onclickeventjavascriptfunctionname>
  <onclickeventjavascriptparameters>[{"type":5}]</onclickeventjavascriptparameters>
  <onclickeventjavascriptwebresourceid>
    <webresourceid>2c801780-b75e-ee11-be6f-000d3adf7f4b</webresourceid>
  </onclickeventjavascriptwebresourceid>
  <onclickeventtype>2</onclickeventtype>
  <origin>0</origin>
  <sequence>100100025.0000000000</sequence>
  <statecode>0</statecode>
  <statuscode>1</statuscode>
  <type>0</type>
  <visibilitytype>0</visibilitytype>
</appaction>