<appaction uniquename="ikam__ExtendBorrowPerio!8dd4dddc5262404da848546f119d3a07!ikam_AssetInventoryManagement!ikam_assetinventory!0">
  <appmoduleid>
    <uniquename>ikam_AssetInventoryManagement</uniquename>
  </appmoduleid>
  <buttonlabeltext default="Extend Borrow Period">
    <label description="Extend Borrow Period" languagecode="1033" />
  </buttonlabeltext>
  <context>1</context>
  <contextentity>
    <logicalname>ikam_assetinventory</logicalname>
  </contextentity>
  <contextvalue>ikam_assetinventory</contextvalue>
  <fonticon>Expand</fonticon>
  <hidden>0</hidden>
  <iscustomizable>1</iscustomizable>
  <isdisabled>0</isdisabled>
  <isgrouptitlehidden>0</isgrouptitlehidden>
  <location>0</location>
  <name>ExtendBorrowPerio!8dd4dddc5262404da848546f119d3a07</name>
  <onclickeventjavascriptfunctionname>AssetInventory.onActionClick</onclickeventjavascriptfunctionname>
  <onclickeventjavascriptparameters>[{"type":5},{"type":21,"value":"extend"}]</onclickeventjavascriptparameters>
  <onclickeventjavascriptwebresourceid>
    <webresourceid>cfb0fae0-083c-ee11-bdf4-000d3adf7536</webresourceid>
  </onclickeventjavascriptwebresourceid>
  <onclickeventtype>2</onclickeventtype>
  <origin>0</origin>
  <parentappactionid>
    <uniquename>ikam__NewGroup!e933a2accb7b4948bb054e33740b82c9!ikam_AssetInventoryManagement!ikam_assetinventory!0</uniquename>
  </parentappactionid>
  <sequence>2500.0000000000</sequence>
  <statecode>0</statecode>
  <statuscode>1</statuscode>
  <type>0</type>
  <visibilityformulacomponentlibraryid>
    <name>cr851_assetinventorymanagementdefaultcommandlibrary_3659f</name>
  </visibilityformulacomponentlibraryid>
  <visibilityformulacomponentname>830b54950ac54d94820480b2468382ca</visibilityformulacomponentname>
  <visibilityformulafunctionname>Visible</visibilityformulafunctionname>
  <visibilitytype>1</visibilitytype>
</appaction>