<appaction uniquename="cr851__PrintAllQR!92ab161977ac4dc0bad1f256c6f7faff!ikam_AssetInventoryManagement!ikam_assetinventory!2">
  <appmoduleid>
    <uniquename>ikam_AssetInventoryManagement</uniquename>
  </appmoduleid>
  <buttonlabeltext default="Download QR Codes">
    <label description="Download QR Codes" languagecode="1033" />
  </buttonlabeltext>
  <context>1</context>
  <contextentity>
    <logicalname>ikam_assetinventory</logicalname>
  </contextentity>
  <contextvalue>ikam_assetinventory</contextvalue>
  <fonticon>$clientsvg:Download</fonticon>
  <hidden>0</hidden>
  <iscustomizable>1</iscustomizable>
  <isdisabled>0</isdisabled>
  <isgrouptitlehidden>0</isgrouptitlehidden>
  <location>2</location>
  <name>PrintAllQR!92ab161977ac4dc0bad1f256c6f7faff</name>
  <onclickeventjavascriptfunctionname>openPrintPage</onclickeventjavascriptfunctionname>
  <onclickeventjavascriptparameters>[{"type":5}]</onclickeventjavascriptparameters>
  <onclickeventjavascriptwebresourceid>
    <webresourceid>2c801780-b75e-ee11-be6f-000d3adf7f4b</webresourceid>
  </onclickeventjavascriptwebresourceid>
  <onclickeventtype>2</onclickeventtype>
  <origin>0</origin>
  <sequence>100100005.5000000000</sequence>
  <statecode>0</statecode>
  <statuscode>1</statuscode>
  <type>0</type>
  <visibilityformulacomponentlibraryid>
    <name>cr851_assetinventorymanagementdefaultcommandlibrary_3659f</name>
  </visibilityformulacomponentlibraryid>
  <visibilityformulacomponentname>a187a58f771e4659aef9df770ea853b6</visibilityformulacomponentname>
  <visibilityformulafunctionname>Visible</visibilityformulafunctionname>
  <visibilitytype>1</visibilitytype>
</appaction>