<appaction uniquename="ikam__ToBeRepaired!fb4b54d613594754bc79d90ff64dc4e6!ikam_AssetInventoryManagement!ikam_assetinventory!0">
  <appmoduleid>
    <uniquename>ikam_AssetInventoryManagement</uniquename>
  </appmoduleid>
  <buttonlabeltext default="To be repaired">
    <label description="To be repaired" languagecode="1033" />
  </buttonlabeltext>
  <context>1</context>
  <contextentity>
    <logicalname>ikam_assetinventory</logicalname>
  </contextentity>
  <contextvalue>ikam_assetinventory</contextvalue>
  <fonticon>Case</fonticon>
  <hidden>0</hidden>
  <iscustomizable>1</iscustomizable>
  <isdisabled>0</isdisabled>
  <isgrouptitlehidden>0</isgrouptitlehidden>
  <location>0</location>
  <name>ToBeRepaired!fb4b54d613594754bc79d90ff64dc4e6</name>
  <onclickeventformulacomponentlibraryid>
    <name>cr851_assetinventorymanagementdefaultcommandlibrary_3659f</name>
  </onclickeventformulacomponentlibraryid>
  <onclickeventformulacomponentname>027e4e78eb2c4cd993e03df942fde1af</onclickeventformulacomponentname>
  <onclickeventformulafunctionname>OnSelect</onclickeventformulafunctionname>
  <onclickeventtype>1</onclickeventtype>
  <origin>0</origin>
  <parentappactionid>
    <uniquename>ikam__NewGroup!e933a2accb7b4948bb054e33740b82c9!ikam_AssetInventoryManagement!ikam_assetinventory!0</uniquename>
  </parentappactionid>
  <sequence>70000.0000000000</sequence>
  <statecode>0</statecode>
  <statuscode>1</statuscode>
  <type>0</type>
  <visibilityformulacomponentlibraryid>
    <name>cr851_assetinventorymanagementdefaultcommandlibrary_3659f</name>
  </visibilityformulacomponentlibraryid>
  <visibilityformulacomponentname>027e4e78eb2c4cd993e03df942fde1af</visibilityformulacomponentname>
  <visibilityformulafunctionname>Visible</visibilityformulafunctionname>
  <visibilitytype>1</visibilitytype>
</appaction>