{
  "properties": {
    "connectionReferences": {
      "shared_commondataserviceforapps_2": {
        "runtimeSource": "embedded",
        "connection": {
          "connectionReferenceLogicalName": "ikam_DataverseSAConnRef"
        },
        "api": {
          "name": "shared_commondataserviceforapps"
        }
      }
    },
    "definition": {
      "$schema": "https://schema.management.azure.com/providers/Microsoft.Logic/schemas/2016-06-01/workflowdefinition.json#",
      "contentVersion": "1.0.0.0",
      "parameters": {
        "$connections": {
          "defaultValue": {},
          "type": "Object"
        },
        "$authentication": {
          "defaultValue": {},
          "type": "SecureObject"
        }
      },
      "triggers": {
        "manual": {
          "metadata": {
            "operationMetadataId": "3cc136b5-b6c0-4995-8345-c5fd54892c33"
          },
          "type": "Request",
          "kind": "PowerAppV2",
          "inputs": {
            "schema": {
              "type": "object",
              "properties": {
                "text": {
                  "title": "assetrequestid",
                  "type": "string",
                  "x-ms-dynamically-added": true,
                  "description": "Please enter your input",
                  "x-ms-content-hint": "TEXT"
                },
                "text_1": {
                  "title": "teamid",
                  "type": "string",
                  "x-ms-dynamically-added": true,
                  "description": "Please enter your input",
                  "x-ms-content-hint": "TEXT"
                }
              },
              "required": [
                "text",
                "text_1"
              ]
            }
          }
        }
      },
      "actions": {
        "List_rows_2": {
          "runAfter": {
            "Get_a_row_by_ID": [
              "Succeeded"
            ]
          },
          "metadata": {
            "operationMetadataId": "696c67a3-e16f-439b-a322-82a0bbfa20d8"
          },
          "type": "OpenApiConnection",
          "inputs": {
            "host": {
              "connectionName": "shared_commondataserviceforapps_2",
              "operationId": "ListRecords",
              "apiId": "/providers/Microsoft.PowerApps/apis/shared_commondataserviceforapps"
            },
            "parameters": {
              "entityName": "teams",
              "$select": "teamid",
              "$filter": "_ikam_location_value eq '@{body('Get_a_row_by_ID')?['_ikam_location_value']}' and (ikam_role eq 989100003 or ikam_role eq 989100001)",
              "$top": 3
            },
            "authentication": "@parameters('$authentication')"
          }
        },
        "Get_a_row_by_ID": {
          "runAfter": {
            "Initialize_variable_2": [
              "Succeeded"
            ]
          },
          "metadata": {
            "operationMetadataId": "2c079dc0-08ee-458a-bdc1-dd485d396d1f"
          },
          "type": "OpenApiConnection",
          "inputs": {
            "host": {
              "connectionName": "shared_commondataserviceforapps_2",
              "operationId": "GetItem",
              "apiId": "/providers/Microsoft.PowerApps/apis/shared_commondataserviceforapps"
            },
            "parameters": {
              "entityName": "ikam_assetrequests",
              "recordId": "@triggerBody()['text']",
              "$select": "_ikam_location_value"
            },
            "authentication": "@parameters('$authentication')"
          }
        },
        "Initialize_variable_2": {
          "runAfter": {},
          "metadata": {
            "operationMetadataId": "d69caa27-f47a-4394-a8ec-a51ac411fa75"
          },
          "type": "InitializeVariable",
          "inputs": {
            "variables": [
              {
                "name": "At",
                "type": "string",
                "value": "@"
              }
            ]
          }
        },
        "Apply_to_each": {
          "foreach": "@outputs('List_rows_2')?['body/value']",
          "actions": {
            "Compose_2": {
              "runAfter": {},
              "metadata": {
                "operationMetadataId": "dde00e90-fc2b-48af-b29b-c4237ec469d3"
              },
              "type": "Compose",
              "inputs": {
                "Principal": {
                  "teamid": "@{items('Apply_to_each')?['teamid']}",
                  "@{variables('At')}odata.type": "Microsoft.Dynamics.CRM.team"
                },
                "AccessMask": "ReadAccess,WriteAccess,AppendAccess"
              }
            },
            "Perform_an_unbound_action": {
              "runAfter": {
                "Compose_2": [
                  "Succeeded"
                ]
              },
              "metadata": {
                "operationMetadataId": "29ac56e2-beca-4050-a443-894fd4f80564"
              },
              "type": "OpenApiConnection",
              "inputs": {
                "host": {
                  "connectionName": "shared_commondataserviceforapps_2",
                  "operationId": "PerformUnboundAction",
                  "apiId": "/providers/Microsoft.PowerApps/apis/shared_commondataserviceforapps"
                },
                "parameters": {
                  "actionName": "GrantAccess",
                  "item/Target": "/ikam_assetrequests/@{triggerBody()['text']}",
                  "item/PrincipalAccess": "@outputs('Compose_2')"
                },
                "authentication": "@parameters('$authentication')"
              }
            },
            "List_rows": {
              "runAfter": {
                "Perform_an_unbound_action": [
                  "Succeeded"
                ]
              },
              "metadata": {
                "operationMetadataId": "6051f6cb-944e-4fc1-9d58-2b686513e4ee"
              },
              "type": "OpenApiConnection",
              "inputs": {
                "host": {
                  "connectionName": "shared_commondataserviceforapps_2",
                  "operationId": "ListRecords",
                  "apiId": "/providers/Microsoft.PowerApps/apis/shared_commondataserviceforapps"
                },
                "parameters": {
                  "entityName": "ikam_assetlineitemses",
                  "$filter": "_ikam_assetrequest_value eq '@{triggerBody()['text']}'"
                },
                "authentication": "@parameters('$authentication')"
              }
            },
            "Apply_to_each_2": {
              "foreach": "@outputs('List_rows')?['body/value']",
              "actions": {
                "Perform_an_unbound_action_2": {
                  "runAfter": {},
                  "metadata": {
                    "operationMetadataId": "d6cc73d4-90e6-4499-91b6-fa35f45fe9e8"
                  },
                  "type": "OpenApiConnection",
                  "inputs": {
                    "host": {
                      "connectionName": "shared_commondataserviceforapps_2",
                      "operationId": "PerformUnboundAction",
                      "apiId": "/providers/Microsoft.PowerApps/apis/shared_commondataserviceforapps"
                    },
                    "parameters": {
                      "actionName": "GrantAccess",
                      "item/Target": "/ikam_assetlineitemses/@{items('Apply_to_each_2')?['ikam_assetlineitemsId']}",
                      "item/PrincipalAccess": "@outputs('Compose_2')"
                    },
                    "authentication": "@parameters('$authentication')"
                  }
                }
              },
              "runAfter": {
                "List_rows": [
                  "Succeeded"
                ]
              },
              "metadata": {
                "operationMetadataId": "d5ef73af-a44c-42aa-bf68-aabd1d29a1d1"
              },
              "type": "Foreach"
            }
          },
          "runAfter": {
            "List_rows_2": [
              "Succeeded"
            ]
          },
          "metadata": {
            "operationMetadataId": "b10635a1-1e4b-43e1-a6e5-f16046136d90"
          },
          "type": "Foreach"
        }
      }
    },
    "templateName": ""
  },
  "schemaVersion": "1.0.0.0"
}