{
  "properties": {
    "connectionReferences": {
      "shared_commondataserviceforapps_1": {
        "runtimeSource": "embedded",
        "connection": {
          "connectionReferenceLogicalName": "ikam_DataverseSAConnRef"
        },
        "api": {
          "name": "shared_commondataserviceforapps"
        }
      },
      "shared_commondataserviceforapps_2": {
        "runtimeSource": "embedded",
        "connection": {
          "connectionReferenceLogicalName": "ikam_DataverseSAConnRef"
        },
        "api": {
          "name": "shared_commondataserviceforapps"
        }
      }
    },
    "definition": {
      "$schema": "https://schema.management.azure.com/providers/Microsoft.Logic/schemas/2016-06-01/workflowdefinition.json#",
      "contentVersion": "1.0.0.0",
      "parameters": {
        "$connections": {
          "defaultValue": {},
          "type": "Object"
        },
        "$authentication": {
          "defaultValue": {},
          "type": "SecureObject"
        }
      },
      "triggers": {
        "When_Asset_Inventory_is_created_or_Office_Location_is_updated": {
          "metadata": {
            "operationMetadataId": "adf36b3b-124e-45aa-9b4d-93a9ec0ea4bf"
          },
          "type": "OpenApiConnectionWebhook",
          "inputs": {
            "host": {
              "connectionName": "shared_commondataserviceforapps_1",
              "operationId": "SubscribeWebhookTrigger",
              "apiId": "/providers/Microsoft.PowerApps/apis/shared_commondataserviceforapps"
            },
            "parameters": {
              "subscriptionRequest/message": 4,
              "subscriptionRequest/entityname": "ikam_assetinventory",
              "subscriptionRequest/scope": 4,
              "subscriptionRequest/filteringattributes": "ikam_officelocation"
            },
            "authentication": "@parameters('$authentication')"
          }
        }
      },
      "actions": {
        "Get_IT_Team": {
          "runAfter": {
            "Initialize_variable_2": [
              "Succeeded"
            ]
          },
          "metadata": {
            "operationMetadataId": "b6314be6-b905-4c8e-b00e-ed07fe9ca68b"
          },
          "type": "OpenApiConnection",
          "inputs": {
            "host": {
              "connectionName": "shared_commondataserviceforapps_1",
              "operationId": "ListRecords",
              "apiId": "/providers/Microsoft.PowerApps/apis/shared_commondataserviceforapps"
            },
            "parameters": {
              "entityName": "teams",
              "$filter": "_ikam_location_value eq @{triggerOutputs()?['body/_ikam_officelocation_value']} and (ikam_role eq 989100003 or ikam_role eq 989100001)"
            },
            "authentication": "@parameters('$authentication')"
          }
        },
        "Apply_to_each": {
          "foreach": "@outputs('Get_IT_Team')?['body/value']",
          "actions": {
            "List_rows": {
              "runAfter": {},
              "metadata": {
                "operationMetadataId": "9b1f28b0-95ca-40b4-9697-9b29a59d1761"
              },
              "type": "OpenApiConnection",
              "inputs": {
                "host": {
                  "connectionName": "shared_commondataserviceforapps_1",
                  "operationId": "ListRecords",
                  "apiId": "/providers/Microsoft.PowerApps/apis/shared_commondataserviceforapps"
                },
                "parameters": {
                  "entityName": "teammemberships",
                  "$filter": "teamid eq @{items('Apply_to_each')?['teamid']} and systemuserid eq @{triggerOutputs()?['body/_modifiedby_value']}"
                },
                "authentication": "@parameters('$authentication')"
              }
            },
            "Condition": {
              "actions": {
                "Compose_2": {
                  "runAfter": {},
                  "metadata": {
                    "operationMetadataId": "dde00e90-fc2b-48af-b29b-c4237ec469d3"
                  },
                  "type": "Compose",
                  "inputs": {
                    "Principal": {
                      "teamid": "@{items('Apply_to_each')?['teamid']}",
                      "@{variables('At')}odata.type": "Microsoft.Dynamics.CRM.team"
                    },
                    "AccessMask": "ReadAccess,WriteAccess,AppendAccess,AppendToAccess"
                  }
                },
                "Perform_an_unbound_action": {
                  "runAfter": {
                    "Compose_2": [
                      "Succeeded"
                    ]
                  },
                  "metadata": {
                    "operationMetadataId": "29ac56e2-beca-4050-a443-894fd4f80564"
                  },
                  "type": "OpenApiConnection",
                  "inputs": {
                    "host": {
                      "connectionName": "shared_commondataserviceforapps_2",
                      "operationId": "PerformUnboundAction",
                      "apiId": "/providers/Microsoft.PowerApps/apis/shared_commondataserviceforapps"
                    },
                    "parameters": {
                      "actionName": "GrantAccess",
                      "item/Target": "/ikam_assetinventories/@{triggerOutputs()?['body/ikam_assetinventoryid']}",
                      "item/PrincipalAccess": "@outputs('Compose_2')"
                    },
                    "authentication": "@parameters('$authentication')"
                  }
                }
              },
              "runAfter": {
                "List_rows": [
                  "Succeeded"
                ]
              },
              "else": {
                "actions": {
                  "Compose": {
                    "runAfter": {},
                    "metadata": {
                      "operationMetadataId": "868e7618-918d-483a-b9e0-ae6c919e48fa"
                    },
                    "type": "Compose",
                    "inputs": "user found"
                  },
                  "Update_a_row": {
                    "runAfter": {
                      "Compose": [
                        "Succeeded"
                      ]
                    },
                    "metadata": {
                      "operationMetadataId": "207ed183-b7b3-4c3c-af57-11810a1da498"
                    },
                    "type": "OpenApiConnection",
                    "inputs": {
                      "host": {
                        "connectionName": "shared_commondataserviceforapps_1",
                        "operationId": "UpdateRecord",
                        "apiId": "/providers/Microsoft.PowerApps/apis/shared_commondataserviceforapps"
                      },
                      "parameters": {
                        "entityName": "ikam_assetinventories",
                        "recordId": "@triggerOutputs()?['body/ikam_assetinventoryid']",
                        "item/ownerid@odata.bind": "teams(@{items('Apply_to_each')?['teamid']})"
                      },
                      "authentication": "@parameters('$authentication')"
                    }
                  }
                }
              },
              "expression": {
                "lessOrEquals": [
                  "@length(outputs('List_rows')?['body/value'])",
                  0
                ]
              },
              "metadata": {
                "operationMetadataId": "305aff78-97b7-4802-80e3-b1ed3fd57700"
              },
              "type": "If"
            }
          },
          "runAfter": {
            "Get_IT_Team": [
              "Succeeded"
            ]
          },
          "metadata": {
            "operationMetadataId": "c65b5df8-7a63-44c8-a87a-3defa872f951"
          },
          "type": "Foreach"
        },
        "Initialize_variable_2": {
          "runAfter": {},
          "metadata": {
            "operationMetadataId": "d69caa27-f47a-4394-a8ec-a51ac411fa75"
          },
          "type": "InitializeVariable",
          "inputs": {
            "variables": [
              {
                "name": "At",
                "type": "string",
                "value": "@"
              }
            ]
          }
        }
      },
      "outputs": {}
    },
    "templateName": ""
  },
  "schemaVersion": "1.0.0.0"
}