{
  "properties": {
    "connectionReferences": {
      "shared_commondataserviceforapps_1": {
        "runtimeSource": "embedded",
        "connection": {
          "connectionReferenceLogicalName": "ikam_DataverseSAConnRef"
        },
        "api": {
          "name": "shared_commondataserviceforapps"
        }
      }
    },
    "definition": {
      "$schema": "https://schema.management.azure.com/providers/Microsoft.Logic/schemas/2016-06-01/workflowdefinition.json#",
      "contentVersion": "1.0.0.0",
      "parameters": {
        "$connections": {
          "defaultValue": {},
          "type": "Object"
        },
        "$authentication": {
          "defaultValue": {},
          "type": "SecureObject"
        },
        "varQRCodefnURL (ikam_varQRCodefnURL)": {
          "defaultValue": "https://azurefunction-cbs-ia-assetmanagement20240105093654.azurewebsites.net/api/fun_GetQRCodeforAsset?code=BtJEXSvI4xprtu4RO1Vqp2BW-8NcoZEx-BAHzdWKhF-qAzFurL3uSg==",
          "type": "String",
          "metadata": {
            "schemaName": "ikam_varQRCodefnURL"
          }
        }
      },
      "triggers": {
        "manual": {
          "metadata": {
            "operationMetadataId": "f1a47f54-55c5-4e21-bb9c-adf5fc3d1a42"
          },
          "type": "Request",
          "kind": "PowerAppV2",
          "inputs": {
            "schema": {
              "type": "object",
              "properties": {
                "text": {
                  "title": "companyId",
                  "type": "string",
                  "x-ms-dynamically-added": true,
                  "description": "4c746c5a-2f6f-ee11-9ae7-000d3adf796b",
                  "x-ms-content-hint": "TEXT"
                },
                "text_1": {
                  "title": "officeLocId",
                  "type": "string",
                  "x-ms-dynamically-added": true,
                  "description": "7a917808-2b2b-ee11-bdf4-000d3adeaac3",
                  "x-ms-content-hint": "TEXT"
                },
                "text_2": {
                  "title": "assetSequence",
                  "type": "string",
                  "x-ms-dynamically-added": true,
                  "description": "0002723",
                  "x-ms-content-hint": "TEXT"
                },
                "text_3": {
                  "title": "assetInvId",
                  "type": "string",
                  "x-ms-dynamically-added": true,
                  "description": "a50b4f78-abd7-ee11-904c-0022489ec168",
                  "x-ms-content-hint": "TEXT"
                },
                "boolean": {
                  "title": "bulk",
                  "type": "boolean",
                  "x-ms-dynamically-added": true,
                  "description": "Please select yes or no",
                  "x-ms-content-hint": "BOOLEAN"
                }
              },
              "required": [
                "text",
                "text_1",
                "text_2",
                "text_3",
                "boolean"
              ]
            }
          }
        }
      },
      "actions": {
        "Compose_3": {
          "runAfter": {
            "Initialize_variable": [
              "Succeeded"
            ]
          },
          "metadata": {
            "operationMetadataId": "2bc62043-3647-4a01-9f1e-7e6151c935bc"
          },
          "type": "Compose",
          "inputs": "@concat(triggerBody()['text'],'-',triggerBody()['text_1'],'-',triggerBody()['text_2'])"
        },
        "HTTP": {
          "runAfter": {
            "Condition": [
              "Succeeded"
            ]
          },
          "metadata": {
            "operationMetadataId": "df915b6c-aedd-4bd8-b18f-7d78b5509cab"
          },
          "type": "Http",
          "inputs": {
            "method": "GET",
            "uri": "@{concat(parameters('varQRCodefnURL (ikam_varQRCodefnURL)'),'&AssetId=',outputs('Compose_3'))}"
          }
        },
        "Upload_a_file_or_an_image_2": {
          "runAfter": {
            "HTTP": [
              "Succeeded"
            ]
          },
          "metadata": {
            "operationMetadataId": "b35b1050-0530-4680-b557-6edfcdc38e35"
          },
          "type": "OpenApiConnection",
          "inputs": {
            "host": {
              "connectionName": "shared_commondataserviceforapps_1",
              "operationId": "UpdateEntityFileImageFieldContent",
              "apiId": "/providers/Microsoft.PowerApps/apis/shared_commondataserviceforapps"
            },
            "parameters": {
              "entityName": "ikam_assetinventories",
              "recordId": "@triggerBody()['text_3']",
              "fileImageFieldName": "ikam_qrcodefile",
              "item": "@body('HTTP')",
              "x-ms-file-name": "@concat(outputs('Compose_3'),'.jpg')"
            },
            "authentication": "@parameters('$authentication')"
          }
        },
        "Upload_a_file_or_an_image": {
          "runAfter": {
            "Upload_a_file_or_an_image_2": [
              "Succeeded"
            ]
          },
          "metadata": {
            "operationMetadataId": "e2e2e71b-8d4d-4b99-a256-b4fb34b15e8f"
          },
          "type": "OpenApiConnection",
          "inputs": {
            "host": {
              "connectionName": "shared_commondataserviceforapps_1",
              "operationId": "UpdateEntityFileImageFieldContent",
              "apiId": "/providers/Microsoft.PowerApps/apis/shared_commondataserviceforapps"
            },
            "parameters": {
              "entityName": "ikam_assetinventories",
              "recordId": "@triggerBody()['text_3']",
              "fileImageFieldName": "ikam_assetqrcode",
              "item": "@body('HTTP')",
              "x-ms-file-name": "@concat(outputs('Compose_3'),'.jpg')"
            },
            "authentication": "@parameters('$authentication')"
          }
        },
        "Respond_to_a_PowerApp_or_flow": {
          "runAfter": {
            "Upload_a_file_or_an_image": [
              "Succeeded"
            ]
          },
          "metadata": {
            "operationMetadataId": "2b676128-8d0e-4f4e-80f5-078cd7e8d7bf"
          },
          "type": "Response",
          "kind": "PowerApp",
          "inputs": {
            "statusCode": 200,
            "body": {
              "assetid": "@{outputs('Compose_3')}"
            },
            "schema": {
              "type": "object",
              "properties": {
                "assetid": {
                  "title": "assetID",
                  "x-ms-dynamically-added": true,
                  "type": "string"
                }
              }
            }
          }
        },
        "Condition": {
          "actions": {
            "List_rows": {
              "runAfter": {},
              "metadata": {
                "operationMetadataId": "07988ff1-f781-42d0-8273-2540abeafe06"
              },
              "type": "OpenApiConnection",
              "inputs": {
                "host": {
                  "connectionName": "shared_commondataserviceforapps_1",
                  "operationId": "ListRecords",
                  "apiId": "/providers/Microsoft.PowerApps/apis/shared_commondataserviceforapps"
                },
                "parameters": {
                  "entityName": "ikam_assetinventories",
                  "$select": "ikam_batchid, createdon",
                  "$filter": "ikam_batchid ne null and ikam_bulkrecords eq 989100000",
                  "$orderby": "createdon desc",
                  "$top": 1
                },
                "authentication": "@parameters('$authentication')"
              }
            },
            "Update_a_row": {
              "runAfter": {
                "Condition_2": [
                  "Succeeded"
                ]
              },
              "metadata": {
                "operationMetadataId": "91ce8b23-1929-4019-a05f-9580c32291c6"
              },
              "type": "OpenApiConnection",
              "inputs": {
                "host": {
                  "connectionName": "shared_commondataserviceforapps_1",
                  "operationId": "UpdateRecord",
                  "apiId": "/providers/Microsoft.PowerApps/apis/shared_commondataserviceforapps"
                },
                "parameters": {
                  "entityName": "ikam_assetinventories",
                  "recordId": "@triggerBody()['text_3']",
                  "item/ikam_name": "@outputs('Compose_3')",
                  "item/ikam_batchid": "@if(triggerBody()['boolean'], variables('varBatchID'),'')"
                },
                "authentication": "@parameters('$authentication')"
              }
            },
            "Condition_2": {
              "actions": {
                "Set_variable": {
                  "runAfter": {},
                  "metadata": {
                    "operationMetadataId": "8741f2e0-cef5-430b-beb8-1fd055fecdf6"
                  },
                  "type": "SetVariable",
                  "inputs": {
                    "name": "varBatchID",
                    "value": "@{concat('B-',add(int(substring(outputs('List_rows')?['body/value'][0]?['ikam_batchid'],2)),1))}"
                  }
                }
              },
              "runAfter": {
                "List_rows": [
                  "Succeeded"
                ]
              },
              "else": {
                "actions": {
                  "Set_variable_2": {
                    "runAfter": {},
                    "metadata": {
                      "operationMetadataId": "021869b7-934f-4d70-9ee5-d981fbbe1f45"
                    },
                    "type": "SetVariable",
                    "inputs": {
                      "name": "varBatchID",
                      "value": "B-1"
                    }
                  }
                }
              },
              "expression": {
                "greater": [
                  "@length(outputs('List_rows')?['body/value'])",
                  0
                ]
              },
              "metadata": {
                "operationMetadataId": "7ba6d1d7-d66e-409e-85f3-1e38434e2031"
              },
              "type": "If"
            }
          },
          "runAfter": {
            "Compose_3": [
              "Succeeded"
            ]
          },
          "else": {
            "actions": {
              "Update_a_row_2": {
                "runAfter": {},
                "metadata": {
                  "operationMetadataId": "91ce8b23-1929-4019-a05f-9580c32291c6"
                },
                "type": "OpenApiConnection",
                "inputs": {
                  "host": {
                    "connectionName": "shared_commondataserviceforapps_1",
                    "operationId": "UpdateRecord",
                    "apiId": "/providers/Microsoft.PowerApps/apis/shared_commondataserviceforapps"
                  },
                  "parameters": {
                    "entityName": "ikam_assetinventories",
                    "recordId": "@triggerBody()['text_3']",
                    "item/ikam_name": "@outputs('Compose_3')"
                  },
                  "authentication": "@parameters('$authentication')"
                }
              }
            }
          },
          "expression": {
            "equals": [
              "@triggerBody()['boolean']",
              true
            ]
          },
          "metadata": {
            "operationMetadataId": "4eb23a25-1cae-404e-b6a3-bdf0abad158c"
          },
          "type": "If"
        },
        "Initialize_variable": {
          "runAfter": {},
          "metadata": {
            "operationMetadataId": "40211437-5524-4894-a8e9-e51d736b2860"
          },
          "type": "InitializeVariable",
          "inputs": {
            "variables": [
              {
                "name": "varBatchID",
                "type": "string"
              }
            ]
          }
        }
      },
      "outputs": {}
    },
    "templateName": ""
  },
  "schemaVersion": "1.0.0.0"
}