{
  "properties": {
    "connectionReferences": {
      "shared_commondataserviceforapps": {
        "impersonation": {
          "source": "invoker"
        },
        "runtimeSource": "embedded",
        "connection": {
          "connectionReferenceLogicalName": "ikam_DataverseRunasinvokerConnRef"
        },
        "api": {
          "name": "shared_commondataserviceforapps"
        }
      },
      "shared_commondataserviceforapps_1": {
        "impersonation": {},
        "runtimeSource": "embedded",
        "connection": {
          "connectionReferenceLogicalName": "ikam_DataverseSAConnRef"
        },
        "api": {
          "name": "shared_commondataserviceforapps"
        }
      }
    },
    "definition": {
      "$schema": "https://schema.management.azure.com/providers/Microsoft.Logic/schemas/2016-06-01/workflowdefinition.json#",
      "contentVersion": "1.0.0.0",
      "parameters": {
        "$connections": {
          "defaultValue": {},
          "type": "Object"
        },
        "$authentication": {
          "defaultValue": {},
          "type": "SecureObject"
        }
      },
      "triggers": {
        "manual": {
          "metadata": {
            "operationMetadataId": "3cf22f80-848b-40d0-8d1d-2f4af954f85b"
          },
          "type": "Request",
          "kind": "PowerAppV2",
          "inputs": {
            "schema": {
              "type": "object",
              "properties": {
                "text": {
                  "title": "parentRecID",
                  "type": "string",
                  "x-ms-dynamically-added": true,
                  "description": "Please enter your input",
                  "x-ms-content-hint": "TEXT"
                },
                "text_1": {
                  "title": "companyCode",
                  "type": "string",
                  "x-ms-dynamically-added": true,
                  "description": "Please enter your input",
                  "x-ms-content-hint": "TEXT"
                },
                "text_2": {
                  "title": "officeLocation",
                  "type": "string",
                  "x-ms-dynamically-added": true,
                  "description": "Please enter your input",
                  "x-ms-content-hint": "TEXT"
                }
              },
              "required": [
                "text",
                "text_1",
                "text_2"
              ]
            }
          }
        }
      },
      "actions": {
        "Do_until": {
          "actions": {
            "Add_a_new_row": {
              "runAfter": {},
              "metadata": {
                "operationMetadataId": "6bc33ef9-1a15-423d-8109-4a28ecfe9c2b"
              },
              "type": "OpenApiConnection",
              "inputs": {
                "host": {
                  "apiId": "/providers/Microsoft.PowerApps/apis/shared_commondataserviceforapps",
                  "connectionName": "shared_commondataserviceforapps",
                  "operationId": "CreateRecord"
                },
                "parameters": {
                  "entityName": "ikam_assetinventories",
                  "item/ikam_assettype@odata.bind": "ikam_assetcategories(@{outputs('Get_a_row_by_ID')?['body/_ikam_assettype_value']})",
                  "item/ikam_assetfor": "@outputs('Get_a_row_by_ID')?['body/ikam_assetfor']",
                  "item/ikam_company@odata.bind": "ikam_assetcompanies(@{outputs('Get_a_row_by_ID')?['body/_ikam_company_value']})",
                  "item/ikam_manufacturer": "@outputs('Get_a_row_by_ID')?['body/ikam_manufacturer']",
                  "item/ikam_officelocation@odata.bind": "ikam_assetofficelocations(@{outputs('Get_a_row_by_ID')?['body/_ikam_officelocation_value']})",
                  "item/ikam_purchasedate": "@outputs('Get_a_row_by_ID')?['body/ikam_purchasedate']",
                  "item/ikam_assetcode": "@outputs('Get_a_row_by_ID')?['body/ikam_assetcode']",
                  "item/statuscode": 1,
                  "item/ikam_batchid": "@outputs('Get_a_row_by_ID')?['body/ikam_batchid']",
                  "item/ikam_bulkrecords": 989100001,
                  "item/ikam_condition": "@outputs('Get_a_row_by_ID')?['body/ikam_condition']",
                  "item/ikam_costcenter@odata.bind": "@if(equals(outputs('Get_a_row_by_ID')?['body/_ikam_costcenter_value'], null), null, concat('ikam_assetcostcenters(', outputs('Get_a_row_by_ID')?['body/_ikam_costcenter_value'], ')'))",
                  "item/ikam_depreciationdate": "@outputs('Get_a_row_by_ID')?['body/ikam_depreciationdate']",
                  "item/ikam_description": "@outputs('Get_a_row_by_ID')?['body/ikam_description']",
                  "item/transactioncurrencyid@odata.bind": "transactioncurrencies(@{outputs('Get_a_row_by_ID')?['body/_transactioncurrencyid_value']})",
                  "item/ikam_modelnumber": "@outputs('Get_a_row_by_ID')?['body/ikam_modelnumber']",
                  "item/ikam_AssetInventory_selfId@odata.bind": "ikam_assetinventories(@{outputs('Get_a_row_by_ID')?['body/ikam_assetinventoryid']})",
                  "item/ikam_serialno": "@outputs('Get_a_row_by_ID')?['body/ikam_serialno']",
                  "item/ikam_fixedssset": "@outputs('Get_a_row_by_ID')?['body/ikam_fixedssset']",
                  "item/ikam_cost": "@outputs('Get_a_row_by_ID')?['body/ikam_cost']",
                  "item/ikam_life": "@outputs('Get_a_row_by_ID')?['body/ikam_life']"
                },
                "authentication": "@parameters('$authentication')"
              }
            },
            "Increment_variable": {
              "runAfter": {
                "Run_a_Child_Flow": [
                  "Succeeded"
                ]
              },
              "metadata": {
                "operationMetadataId": "88cdea56-00cc-4605-9bd5-ee7a75c4d622"
              },
              "type": "IncrementVariable",
              "inputs": {
                "name": "varCounter",
                "value": 1
              }
            },
            "Run_a_Child_Flow": {
              "runAfter": {
                "Add_a_new_row": [
                  "Succeeded"
                ]
              },
              "metadata": {
                "operationMetadataId": "f43d5c23-2172-4ff9-b2c2-4c35ba2cb0b4"
              },
              "type": "Workflow",
              "inputs": {
                "host": {
                  "workflowReferenceName": "c5eb8012-eed9-ee11-904c-000d3adf796b"
                },
                "body": {
                  "text": "@triggerBody()['text_1']",
                  "text_1": "@triggerBody()['text_2']",
                  "text_2": "@outputs('Add_a_new_row')?['body/ikam_sequence']",
                  "text_3": "@outputs('Add_a_new_row')?['body/ikam_assetinventoryid']",
                  "boolean": false
                }
              }
            }
          },
          "runAfter": {
            "Initialize_variable": [
              "Succeeded"
            ]
          },
          "expression": "@equals(variables('varCounter'), outputs('Get_a_row_by_ID')?['body/ikam_quantity'])",
          "limit": {
            "count": 1000,
            "timeout": "PT1H"
          },
          "metadata": {
            "operationMetadataId": "84fcb330-190b-4326-9f14-506032dee284"
          },
          "type": "Until"
        },
        "Initialize_variable": {
          "runAfter": {
            "Get_a_row_by_ID": [
              "Succeeded"
            ]
          },
          "metadata": {
            "operationMetadataId": "ea332508-7c35-40b6-9ebd-b74dc2200eca"
          },
          "type": "InitializeVariable",
          "inputs": {
            "variables": [
              {
                "name": "varCounter",
                "type": "integer",
                "value": 0
              }
            ]
          }
        },
        "Get_a_row_by_ID": {
          "runAfter": {},
          "metadata": {
            "operationMetadataId": "361c9831-5f57-498a-93ca-510b52c511cf"
          },
          "type": "OpenApiConnection",
          "inputs": {
            "host": {
              "apiId": "/providers/Microsoft.PowerApps/apis/shared_commondataserviceforapps",
              "connectionName": "shared_commondataserviceforapps_1",
              "operationId": "GetItem"
            },
            "parameters": {
              "entityName": "ikam_assetinventories",
              "recordId": "@triggerBody()['text']"
            },
            "authentication": "@parameters('$authentication')"
          }
        },
        "Update_a_row": {
          "runAfter": {
            "Do_until": [
              "Succeeded"
            ]
          },
          "metadata": {
            "operationMetadataId": "13d4c2d6-76c2-4508-959e-0cccfdba5c82"
          },
          "type": "OpenApiConnection",
          "inputs": {
            "host": {
              "apiId": "/providers/Microsoft.PowerApps/apis/shared_commondataserviceforapps",
              "connectionName": "shared_commondataserviceforapps_1",
              "operationId": "UpdateRecord"
            },
            "parameters": {
              "entityName": "ikam_assetinventories",
              "recordId": "@triggerBody()['text']",
              "item/statuscode": 989100007,
              "item/statecode": 1
            },
            "authentication": "@parameters('$authentication')"
          }
        },
        "Respond_to_a_PowerApp_or_flow": {
          "runAfter": {
            "Update_a_row": [
              "Succeeded"
            ]
          },
          "metadata": {
            "operationMetadataId": "b28132a4-e4f9-4207-b190-53b9b5c020dc"
          },
          "type": "Response",
          "kind": "PowerApp",
          "inputs": {
            "statusCode": 200,
            "body": {
              "status": "completed",
              "parentid": "@outputs('Update_a_row')?['body/ikam_name']"
            },
            "schema": {
              "type": "object",
              "properties": {
                "status": {
                  "title": "status",
                  "x-ms-dynamically-added": true,
                  "type": "string"
                },
                "parentid": {
                  "title": "parentID",
                  "x-ms-dynamically-added": true,
                  "type": "string"
                }
              }
            }
          }
        }
      },
      "outputs": {}
    },
    "templateName": null
  },
  "schemaVersion": "1.0.0.0"
}