{
  "properties": {
    "connectionReferences": {
      "shared_commondataserviceforapps_1": {
        "runtimeSource": "embedded",
        "connection": {
          "connectionReferenceLogicalName": "ikam_DataverseSAConnRef"
        },
        "api": {
          "name": "shared_commondataserviceforapps"
        }
      }
    },
    "definition": {
      "$schema": "https://schema.management.azure.com/providers/Microsoft.Logic/schemas/2016-06-01/workflowdefinition.json#",
      "contentVersion": "1.0.0.0",
      "parameters": {
        "$connections": {
          "defaultValue": {},
          "type": "Object"
        },
        "$authentication": {
          "defaultValue": {},
          "type": "SecureObject"
        },
        "varQRCodefnURL (ikam_varQRCodefnURL)": {
          "defaultValue": "https://azurefunction-cbs-ia-assetmanagement20240105093654.azurewebsites.net/api/fun_GetQRCodeforAsset?code=BtJEXSvI4xprtu4RO1Vqp2BW-8NcoZEx-BAHzdWKhF-qAzFurL3uSg==",
          "type": "String",
          "metadata": {
            "schemaName": "ikam_varQRCodefnURL"
          }
        }
      },
      "triggers": {
        "When_a_row_is_added,_modified_or_deleted": {
          "metadata": {
            "operationMetadataId": "c9f2d56b-91d2-4e8f-99ca-4cde2df8d99b"
          },
          "type": "OpenApiConnectionWebhook",
          "inputs": {
            "host": {
              "connectionName": "shared_commondataserviceforapps_1",
              "operationId": "SubscribeWebhookTrigger",
              "apiId": "/providers/Microsoft.PowerApps/apis/shared_commondataserviceforapps"
            },
            "parameters": {
              "subscriptionRequest/message": 1,
              "subscriptionRequest/entityname": "ikam_assetinventory",
              "subscriptionRequest/scope": 4,
              "subscriptionRequest/filterexpression": "ikam_name eq null and ikam_source ne 989100000"
            },
            "authentication": "@parameters('$authentication')"
          }
        }
      },
      "actions": {
        "Compose_3": {
          "runAfter": {
            "Get_a_row_by_ID_2": [
              "Succeeded"
            ]
          },
          "metadata": {
            "operationMetadataId": "2bc62043-3647-4a01-9f1e-7e6151c935bc"
          },
          "type": "Compose",
          "inputs": "@concat(outputs('Get_a_row_by_ID')?['body/ikam_companycode'],'-',outputs('Get_a_row_by_ID_2')?['body/ikam_name'],'-',triggerOutputs()?['body/ikam_sequence'])"
        },
        "Get_a_row_by_ID": {
          "runAfter": {},
          "metadata": {
            "operationMetadataId": "dd517170-5410-46b2-b88b-367c33f3e7b4"
          },
          "type": "OpenApiConnection",
          "inputs": {
            "host": {
              "connectionName": "shared_commondataserviceforapps_1",
              "operationId": "GetItem",
              "apiId": "/providers/Microsoft.PowerApps/apis/shared_commondataserviceforapps"
            },
            "parameters": {
              "entityName": "ikam_assetcompanies",
              "recordId": "@triggerOutputs()?['body/_ikam_company_value']",
              "$select": "ikam_companycode"
            },
            "authentication": "@parameters('$authentication')"
          }
        },
        "Get_a_row_by_ID_2": {
          "runAfter": {
            "Get_a_row_by_ID": [
              "Succeeded"
            ]
          },
          "metadata": {
            "operationMetadataId": "7e364de2-17dc-41ed-bdf7-cc282a986a66"
          },
          "type": "OpenApiConnection",
          "inputs": {
            "host": {
              "connectionName": "shared_commondataserviceforapps_1",
              "operationId": "GetItem",
              "apiId": "/providers/Microsoft.PowerApps/apis/shared_commondataserviceforapps"
            },
            "parameters": {
              "entityName": "ikam_assetofficelocations",
              "recordId": "@triggerOutputs()?['body/_ikam_officelocation_value']",
              "$select": "ikam_name"
            },
            "authentication": "@parameters('$authentication')"
          }
        },
        "Update_a_row": {
          "runAfter": {
            "Compose_3": [
              "Succeeded"
            ]
          },
          "metadata": {
            "operationMetadataId": "91ce8b23-1929-4019-a05f-9580c32291c6"
          },
          "type": "OpenApiConnection",
          "inputs": {
            "host": {
              "connectionName": "shared_commondataserviceforapps_1",
              "operationId": "UpdateRecord",
              "apiId": "/providers/Microsoft.PowerApps/apis/shared_commondataserviceforapps"
            },
            "parameters": {
              "entityName": "ikam_assetinventories",
              "recordId": "@triggerOutputs()?['body/ikam_assetinventoryid']",
              "item/ikam_name": "@outputs('Compose_3')"
            },
            "authentication": "@parameters('$authentication')"
          }
        },
        "HTTP": {
          "runAfter": {
            "Update_a_row": [
              "Succeeded"
            ]
          },
          "metadata": {
            "operationMetadataId": "df915b6c-aedd-4bd8-b18f-7d78b5509cab"
          },
          "type": "Http",
          "inputs": {
            "method": "GET",
            "uri": "@{concat(parameters('varQRCodefnURL (ikam_varQRCodefnURL)'),'&AssetId=',outputs('Update_a_row')?['body/ikam_name'])}"
          }
        },
        "Upload_a_file_or_an_image_2": {
          "runAfter": {
            "HTTP": [
              "Succeeded"
            ]
          },
          "metadata": {
            "operationMetadataId": "b35b1050-0530-4680-b557-6edfcdc38e35"
          },
          "type": "OpenApiConnection",
          "inputs": {
            "host": {
              "connectionName": "shared_commondataserviceforapps_1",
              "operationId": "UpdateEntityFileImageFieldContent",
              "apiId": "/providers/Microsoft.PowerApps/apis/shared_commondataserviceforapps"
            },
            "parameters": {
              "entityName": "ikam_assetinventories",
              "recordId": "@triggerOutputs()?['body/ikam_assetinventoryid']",
              "fileImageFieldName": "ikam_qrcodefile",
              "item": "@body('HTTP')",
              "x-ms-file-name": "@concat(outputs('Compose_3'),'.jpg')"
            },
            "authentication": "@parameters('$authentication')"
          }
        },
        "Upload_a_file_or_an_image": {
          "runAfter": {
            "Upload_a_file_or_an_image_2": [
              "Succeeded"
            ]
          },
          "metadata": {
            "operationMetadataId": "e2e2e71b-8d4d-4b99-a256-b4fb34b15e8f"
          },
          "type": "OpenApiConnection",
          "inputs": {
            "host": {
              "connectionName": "shared_commondataserviceforapps_1",
              "operationId": "UpdateEntityFileImageFieldContent",
              "apiId": "/providers/Microsoft.PowerApps/apis/shared_commondataserviceforapps"
            },
            "parameters": {
              "entityName": "ikam_assetinventories",
              "recordId": "@triggerOutputs()?['body/ikam_assetinventoryid']",
              "fileImageFieldName": "ikam_assetqrcode",
              "item": "@body('HTTP')",
              "x-ms-file-name": "@concat(outputs('Compose_3'),'.jpg')"
            },
            "authentication": "@parameters('$authentication')"
          }
        }
      },
      "outputs": {}
    },
    "templateName": ""
  },
  "schemaVersion": "1.0.0.0"
}