{
  "properties": {
    "connectionReferences": {
      "shared_commondataserviceforapps_1": {
        "runtimeSource": "embedded",
        "connection": {
          "connectionReferenceLogicalName": "ikam_DataverseSAConnRef"
        },
        "api": {
          "name": "shared_commondataserviceforapps"
        }
      }
    },
    "definition": {
      "$schema": "https://schema.management.azure.com/providers/Microsoft.Logic/schemas/2016-06-01/workflowdefinition.json#",
      "contentVersion": "1.0.0.0",
      "parameters": {
        "$connections": {
          "defaultValue": {},
          "type": "Object"
        },
        "$authentication": {
          "defaultValue": {},
          "type": "SecureObject"
        },
        "varCanvasAppTeamID (ikam_varCanvasAppTeamID)": {
          "defaultValue": "36493c4d-dfdc-ec11-bb3d-0022489aa215",
          "type": "String",
          "metadata": {
            "schemaName": "ikam_varCanvasAppTeamID"
          }
        },
        "varSacUserID (ikam_varSacUserID)": {
          "defaultValue": "35d09771-761f-ec11-b6e6-000d3adec1d5",
          "type": "String",
          "metadata": {
            "schemaName": "ikam_varSacUserID"
          }
        },
        "varROWBUID (ikam_varROWBUID)": {
          "defaultValue": "52f3c07e-ad20-ee11-9966-000d3adeaac3",
          "type": "String",
          "metadata": {
            "schemaName": "ikam_varROWBUID"
          }
        },
        "varChinaBUID (ikam_varChinaBUID)": {
          "defaultValue": "073BC92F-3F3C-EE11-BDF4-000D3ADEAAC3",
          "type": "String",
          "metadata": {
            "schemaName": "ikam_varChinaBUID"
          }
        }
      },
      "triggers": {
        "When_a_row_is_added,_modified_or_deleted": {
          "metadata": {
            "operationMetadataId": "f7e89739-10c2-4fb1-b7f8-02ec48bfd1c1"
          },
          "type": "OpenApiConnectionWebhook",
          "inputs": {
            "host": {
              "connectionName": "shared_commondataserviceforapps_1",
              "operationId": "SubscribeWebhookTrigger",
              "apiId": "/providers/Microsoft.PowerApps/apis/shared_commondataserviceforapps"
            },
            "parameters": {
              "subscriptionRequest/message": 4,
              "subscriptionRequest/entityname": "systemuser",
              "subscriptionRequest/scope": 4,
              "subscriptionRequest/filterexpression": "systemuserid ne @{parameters('varSacUserID (ikam_varSacUserID)')} and _businessunitid_value ne @{parameters('varROWBUID (ikam_varROWBUID)')} and _businessunitid_value ne @{parameters('varChinaBUID (ikam_varChinaBUID)')} "
            },
            "authentication": "@parameters('$authentication')"
          }
        }
      },
      "actions": {
        "List_rows_2": {
          "runAfter": {
            "Initialize_variable": [
              "Succeeded"
            ]
          },
          "metadata": {
            "operationMetadataId": "c7954870-4792-4149-8924-62fd8848c427"
          },
          "type": "OpenApiConnection",
          "inputs": {
            "host": {
              "connectionName": "shared_commondataserviceforapps_1",
              "operationId": "ListRecords",
              "apiId": "/providers/Microsoft.PowerApps/apis/shared_commondataserviceforapps"
            },
            "parameters": {
              "entityName": "teammemberships",
              "$select": "teamid",
              "$filter": "systemuserid eq @{triggerOutputs()?['body/systemuserid']} and teamid eq @{parameters('varCanvasAppTeamID (ikam_varCanvasAppTeamID)')}"
            },
            "authentication": "@parameters('$authentication')"
          }
        },
        "Initialize_variable": {
          "runAfter": {},
          "metadata": {
            "operationMetadataId": "3efdb2d6-9b1e-41c7-a377-d882e3391b22"
          },
          "type": "InitializeVariable",
          "inputs": {
            "variables": [
              {
                "name": "teamsIDs",
                "type": "array"
              }
            ]
          }
        },
        "Condition": {
          "actions": {
            "Compose": {
              "runAfter": {
                "Apply_to_each": [
                  "Succeeded"
                ]
              },
              "metadata": {
                "operationMetadataId": "b5224bee-aeff-4a1c-909b-7454d412b0b2"
              },
              "type": "Compose",
              "inputs": "@join(variables('teamsIDs'),',')"
            },
            "List_rows": {
              "runAfter": {
                "Compose": [
                  "Succeeded"
                ]
              },
              "metadata": {
                "operationMetadataId": "fcfc6459-b01d-4554-ace4-eefbb2d3a347"
              },
              "type": "OpenApiConnection",
              "inputs": {
                "host": {
                  "connectionName": "shared_commondataserviceforapps_1",
                  "operationId": "ListRecords",
                  "apiId": "/providers/Microsoft.PowerApps/apis/shared_commondataserviceforapps"
                },
                "parameters": {
                  "entityName": "teams",
                  "$select": "_businessunitid_value",
                  "$filter": "Microsoft.Dynamics.CRM.In(PropertyName='teamid',PropertyValues=[@{outputs('Compose')}])  and teamtype eq 3"
                },
                "authentication": "@parameters('$authentication')"
              }
            },
            "Compose_2": {
              "runAfter": {
                "List_rows": [
                  "Succeeded"
                ]
              },
              "metadata": {
                "operationMetadataId": "832601c5-afe2-4b5f-9e16-41491020ea68"
              },
              "type": "Compose",
              "inputs": "@outputs('List_rows')?['body/value'][0]?['_businessunitid_value']"
            },
            "Update_a_row": {
              "runAfter": {
                "Compose_2": [
                  "Succeeded"
                ]
              },
              "metadata": {
                "operationMetadataId": "0ef17d80-b372-45b8-9003-d40424fa78ce"
              },
              "type": "OpenApiConnection",
              "inputs": {
                "host": {
                  "connectionName": "shared_commondataserviceforapps_1",
                  "operationId": "UpdateRecord",
                  "apiId": "/providers/Microsoft.PowerApps/apis/shared_commondataserviceforapps"
                },
                "parameters": {
                  "entityName": "systemusers",
                  "recordId": "@triggerOutputs()?['body/systemuserid']",
                  "item/businessunitid@odata.bind": "businessunits(@{outputs('Compose_2')})"
                },
                "authentication": "@parameters('$authentication')"
              }
            },
            "List_rows_3": {
              "runAfter": {},
              "metadata": {
                "operationMetadataId": "72f268a5-e320-4de5-81bd-cb97414d6326"
              },
              "type": "OpenApiConnection",
              "inputs": {
                "host": {
                  "connectionName": "shared_commondataserviceforapps_1",
                  "operationId": "ListRecords",
                  "apiId": "/providers/Microsoft.PowerApps/apis/shared_commondataserviceforapps"
                },
                "parameters": {
                  "entityName": "teammemberships",
                  "$select": "teamid",
                  "$filter": "systemuserid eq @{triggerOutputs()?['body/systemuserid']}"
                },
                "authentication": "@parameters('$authentication')"
              }
            },
            "Apply_to_each": {
              "foreach": "@outputs('List_rows_3')?['body/value']",
              "actions": {
                "Append_to_array_variable": {
                  "runAfter": {},
                  "metadata": {
                    "operationMetadataId": "b6c7d75c-c63d-46cf-9846-6761ebe3ba24"
                  },
                  "type": "AppendToArrayVariable",
                  "inputs": {
                    "name": "teamsIDs",
                    "value": "'@{items('Apply_to_each')?['teamid']}'"
                  }
                }
              },
              "runAfter": {
                "List_rows_3": [
                  "Succeeded"
                ]
              },
              "metadata": {
                "operationMetadataId": "f7de44e1-a9c8-4c86-b8a6-9b8cd905e0e9"
              },
              "type": "Foreach"
            }
          },
          "runAfter": {
            "List_rows_2": [
              "Succeeded"
            ]
          },
          "else": {
            "actions": {
              "Terminate": {
                "runAfter": {},
                "metadata": {
                  "operationMetadataId": "f58991dc-c842-4891-aef6-3b0a88e33418"
                },
                "type": "Terminate",
                "inputs": {
                  "runStatus": "Succeeded"
                }
              }
            }
          },
          "expression": {
            "greater": [
              "@length(outputs('List_rows_2')?['body/value'])",
              0
            ]
          },
          "metadata": {
            "operationMetadataId": "69437aaa-ff7c-442b-b0eb-743761f6340a"
          },
          "type": "If"
        }
      },
      "outputs": {}
    },
    "templateName": ""
  },
  "schemaVersion": "1.0.0.0"
}