{
  "properties": {
    "connectionReferences": {
      "shared_office365_1": {
        "runtimeSource": "embedded",
        "connection": {
          "connectionReferenceLogicalName": "ikam_sharedoffice365_87502"
        },
        "api": {
          "name": "shared_office365"
        }
      },
      "shared_commondataserviceforapps_1": {
        "runtimeSource": "embedded",
        "connection": {
          "connectionReferenceLogicalName": "ikam_DataverseSAConnRef"
        },
        "api": {
          "name": "shared_commondataserviceforapps"
        }
      }
    },
    "definition": {
      "$schema": "https://schema.management.azure.com/providers/Microsoft.Logic/schemas/2016-06-01/workflowdefinition.json#",
      "contentVersion": "1.0.0.0",
      "parameters": {
        "$connections": {
          "defaultValue": {},
          "type": "Object"
        },
        "$authentication": {
          "defaultValue": {},
          "type": "SecureObject"
        }
      },
      "triggers": {
        "When_a_row_is_added,_modified_or_deleted": {
          "metadata": {
            "operationMetadataId": "2f764e8e-c170-4c58-8209-c33db9de2719"
          },
          "type": "OpenApiConnectionWebhook",
          "inputs": {
            "host": {
              "connectionName": "shared_commondataserviceforapps_1",
              "operationId": "SubscribeWebhookTrigger",
              "apiId": "/providers/Microsoft.PowerApps/apis/shared_commondataserviceforapps"
            },
            "parameters": {
              "subscriptionRequest/message": 3,
              "subscriptionRequest/entityname": "ikam_assignedassets",
              "subscriptionRequest/scope": 4,
              "subscriptionRequest/filteringattributes": "ikam_expectedreturndate"
            },
            "authentication": "@parameters('$authentication')"
          },
          "conditions": [
            {
              "expression": "@equals(triggerOutputs()?['body/ikam_requesttype'],989100005)"
            }
          ]
        }
      },
      "actions": {
        "Asset_for_CoWorker": {
          "actions": {
            "notify_co-worker": {
              "runAfter": {
                "Compose": [
                  "Succeeded"
                ]
              },
              "metadata": {
                "operationMetadataId": "89241d76-e352-45ac-bc7e-83fb70469cb5"
              },
              "type": "OpenApiConnection",
              "inputs": {
                "host": {
                  "connectionName": "shared_office365_1",
                  "operationId": "SendEmailV2",
                  "apiId": "/providers/Microsoft.PowerApps/apis/shared_office365"
                },
                "parameters": {
                  "emailMessage/To": "@outputs('Get_a_row_by_ID')?['body/ikam_mail']",
                  "emailMessage/Subject": "@{outputs('Get_Asset_Inventory')?['body/ikam_name']} | Asset_Expected_ReturnDate_Update | Asset Management",
                  "emailMessage/Body": "<p>Hello,<br>\n<br>\n<br>\nPlease notice that the borrow period has been prolonged for asset @{outputs('Get_Asset_Inventory')?['body/ikam_name']}, New expected return date is @{formatDateTime(triggerOutputs()?['body/ikam_expectedreturndate'], 'yyyy-M-d')}.<br>\n<br>\n@{outputs('Compose')}@{body('Create_HTML_table')}<br>\n<br>\n<br>\nBest regards,<br>\nAsset Management System</p>",
                  "emailMessage/Importance": "Normal"
                },
                "authentication": "@parameters('$authentication')"
              }
            },
            "Compose": {
              "runAfter": {
                "Create_HTML_table": [
                  "Succeeded"
                ]
              },
              "metadata": {
                "operationMetadataId": "41731ec3-987d-4607-b18e-c8bd7e5f1ece"
              },
              "type": "Compose",
              "inputs": "<style>\nTable {\n  font-family: Arial, Helvetica, sans-serif;\n  background-color: #EEEEEE;\n  border-collapse: collapse;\n  width: 100%;\n}\nTable td, Table th {\n  border: 1px solid #ddd;\n  padding: 3px 3px;\n}\nTable th {\n  font-size: 15px;\n  font-weight: bold;\n  padding-top: 12px;\n  padding-bottom: 12px;\n  text-align: center;\n  background-color: #1C6EA4;\n  color: white;\n}\n</style>"
            },
            "Create_HTML_table": {
              "runAfter": {},
              "metadata": {
                "operationMetadataId": "2dbdf374-ebb4-4353-90bc-7bb66dfec16d"
              },
              "type": "Table",
              "inputs": {
                "from": [
                  "@body('Get_Asset_Inventory')"
                ],
                "format": "HTML",
                "columns": [
                  {
                    "header": "Asset ID",
                    "value": "@item()?['ikam_name']"
                  },
                  {
                    "header": "Serial number",
                    "value": "@item()?['ikam_serialno']"
                  },
                  {
                    "header": "Asset Code",
                    "value": "@item()?['ikam_assetcode']"
                  },
                  {
                    "header": "Model",
                    "value": "@item()?['ikam_modelnumber']"
                  },
                  {
                    "header": "Asset Category",
                    "value": "@item()?['_ikam_assettype_value@OData.Community.Display.V1.FormattedValue']"
                  }
                ]
              }
            }
          },
          "runAfter": {
            "Get_Asset_Inventory": [
              "Succeeded"
            ]
          },
          "expression": {
            "equals": [
              "@outputs('Get_Asset_Inventory')?['body/ikam_assetfor']",
              989100000
            ]
          },
          "metadata": {
            "operationMetadataId": "c55ddc35-dfb1-4427-9cb6-60609de38940"
          },
          "type": "If"
        },
        "Get_Asset_Inventory": {
          "runAfter": {
            "Get_a_row_by_ID": [
              "Succeeded"
            ]
          },
          "metadata": {
            "operationMetadataId": "75fe8acd-2d06-47ca-878b-ea31a7a42815"
          },
          "type": "OpenApiConnection",
          "inputs": {
            "host": {
              "connectionName": "shared_commondataserviceforapps_1",
              "operationId": "GetItem",
              "apiId": "/providers/Microsoft.PowerApps/apis/shared_commondataserviceforapps"
            },
            "parameters": {
              "entityName": "ikam_assetinventories",
              "recordId": "@triggerOutputs()?['body/_ikam_assetinventory_value']"
            },
            "authentication": "@parameters('$authentication')"
          }
        },
        "Get_a_row_by_ID": {
          "runAfter": {},
          "metadata": {
            "operationMetadataId": "9a6d2e14-1382-456c-b55b-154df709fa33"
          },
          "type": "OpenApiConnection",
          "inputs": {
            "host": {
              "connectionName": "shared_commondataserviceforapps_1",
              "operationId": "GetItem",
              "apiId": "/providers/Microsoft.PowerApps/apis/shared_commondataserviceforapps"
            },
            "parameters": {
              "entityName": "ikam_employees",
              "recordId": "@triggerOutputs()?['body/_ikam_employee_value']"
            },
            "authentication": "@parameters('$authentication')"
          }
        }
      }
    },
    "templateName": ""
  },
  "schemaVersion": "1.0.0.0"
}