{
  "properties": {
    "connectionReferences": {
      "shared_commondataserviceforapps_1": {
        "runtimeSource": "embedded",
        "connection": {
          "connectionReferenceLogicalName": "ikam_DataverseSAConnRef"
        },
        "api": {
          "name": "shared_commondataserviceforapps"
        }
      },
      "shared_office365_1": {
        "runtimeSource": "embedded",
        "connection": {
          "connectionReferenceLogicalName": "ikam_sharedoffice365_87502"
        },
        "api": {
          "name": "shared_office365"
        }
      },
      "shared_commondataserviceforapps": {
        "runtimeSource": "embedded",
        "connection": {
          "connectionReferenceLogicalName": "ikam_DataverseSAConnRef"
        },
        "api": {
          "name": "shared_commondataserviceforapps"
        }
      }
    },
    "definition": {
      "$schema": "https://schema.management.azure.com/providers/Microsoft.Logic/schemas/2016-06-01/workflowdefinition.json#",
      "contentVersion": "1.0.0.0",
      "parameters": {
        "$connections": {
          "defaultValue": {},
          "type": "Object"
        },
        "$authentication": {
          "defaultValue": {},
          "type": "SecureObject"
        }
      },
      "triggers": {
        "When_a_row_is_added,_modified_or_deleted": {
          "metadata": {
            "operationMetadataId": "e2cd2bc0-4544-4cdf-a5d2-bc1fc3782c04"
          },
          "type": "OpenApiConnectionWebhook",
          "inputs": {
            "host": {
              "connectionName": "shared_commondataserviceforapps_1",
              "operationId": "SubscribeWebhookTrigger",
              "apiId": "/providers/Microsoft.PowerApps/apis/shared_commondataserviceforapps"
            },
            "parameters": {
              "subscriptionRequest/message": 1,
              "subscriptionRequest/entityname": "ikam_assignedassets",
              "subscriptionRequest/scope": 4
            },
            "authentication": "@parameters('$authentication')"
          },
          "conditions": [
            {
              "expression": "@or(equals(triggerOutputs()?['body/ikam_requesttype'],989100003),equals(triggerOutputs()?['body/ikam_requesttype'],989100005))"
            }
          ]
        }
      },
      "actions": {
        "Condition": {
          "actions": {
            "Get_a_row_by_ID": {
              "runAfter": {},
              "metadata": {
                "operationMetadataId": "9a6d2e14-1382-456c-b55b-154df709fa33"
              },
              "type": "OpenApiConnection",
              "inputs": {
                "host": {
                  "connectionName": "shared_commondataserviceforapps_1",
                  "operationId": "GetItem",
                  "apiId": "/providers/Microsoft.PowerApps/apis/shared_commondataserviceforapps"
                },
                "parameters": {
                  "entityName": "ikam_employees",
                  "recordId": "@triggerOutputs()?['body/_ikam_employee_value']"
                },
                "authentication": "@parameters('$authentication')"
              }
            },
            "Get_Asset_Inventory": {
              "runAfter": {
                "Get_a_row_by_ID": [
                  "Succeeded"
                ]
              },
              "metadata": {
                "operationMetadataId": "75fe8acd-2d06-47ca-878b-ea31a7a42815"
              },
              "type": "OpenApiConnection",
              "inputs": {
                "host": {
                  "connectionName": "shared_commondataserviceforapps_1",
                  "operationId": "GetItem",
                  "apiId": "/providers/Microsoft.PowerApps/apis/shared_commondataserviceforapps"
                },
                "parameters": {
                  "entityName": "ikam_assetinventories",
                  "recordId": "@triggerOutputs()?['body/_ikam_assetinventory_value']"
                },
                "authentication": "@parameters('$authentication')"
              }
            },
            "Asset_for_CoWorker": {
              "actions": {
                "Is_Fixed_Asset": {
                  "actions": {
                    "notify_coworker_and_finance": {
                      "runAfter": {},
                      "metadata": {
                        "operationMetadataId": "89241d76-e352-45ac-bc7e-83fb70469cb5"
                      },
                      "type": "OpenApiConnection",
                      "inputs": {
                        "host": {
                          "connectionName": "shared_office365_1",
                          "operationId": "SendEmailV2",
                          "apiId": "/providers/Microsoft.PowerApps/apis/shared_office365"
                        },
                        "parameters": {
                          "emailMessage/To": "@{outputs('Get_a_row_by_ID')?['body/ikam_mail']};@{body('Join')}",
                          "emailMessage/Subject": "@{outputs('Get_Asset_Inventory')?['body/ikam_name']} | Fixed Asset_@{triggerOutputs()?['body/_ikam_requesttype_label']} | Asset Management",
                          "emailMessage/Body": "<p>Hello,<br>\n<br>\nPlease notice that following asset(s) is @{outputs('Get_Asset_Inventory')?['body/statuscode@OData.Community.Display.V1.FormattedValue']} to Co-worker ID: @{outputs('Get_a_row_by_ID')?['body/ikam_name']} from @{formatDateTime(triggerOutputs()?['body/ikam_assigneddate'],'yyyy-M-d')}.@{if(equals(triggerOutputs()?['body/ikam_requesttype'],989100005),concat(' Expected return date is ',formatDateTime(triggerOutputs()?['body/ikam_expectedreturndate'],'yyyy-M-d'),'.'),'')}<br>\n<br>\n@{outputs('Compose')}@{body('Create_HTML_table')}<br>\n<br>\n<br>\nRegards,<br>\nAsset Management System</p>",
                          "emailMessage/Importance": "Normal"
                        },
                        "authentication": "@parameters('$authentication')"
                      }
                    }
                  },
                  "runAfter": {
                    "Join": [
                      "Succeeded"
                    ]
                  },
                  "else": {
                    "actions": {
                      "notify_coworker": {
                        "runAfter": {},
                        "metadata": {
                          "operationMetadataId": "caecd5a4-5e33-4577-9b50-aaf837869726"
                        },
                        "type": "OpenApiConnection",
                        "inputs": {
                          "host": {
                            "connectionName": "shared_office365_1",
                            "operationId": "SendEmailV2",
                            "apiId": "/providers/Microsoft.PowerApps/apis/shared_office365"
                          },
                          "parameters": {
                            "emailMessage/To": "@outputs('Get_a_row_by_ID')?['body/ikam_mail']",
                            "emailMessage/Subject": "@{outputs('Get_Asset_Inventory')?['body/ikam_name']} | NonFixed Asset_@{triggerOutputs()?['body/_ikam_requesttype_label']} | Asset Management",
                            "emailMessage/Body": "<p>Hello,<br>\n<br>\nPlease notice that following asset(s) is @{outputs('Get_Asset_Inventory')?['body/statuscode@OData.Community.Display.V1.FormattedValue']} to Co-worker ID: @{outputs('Get_a_row_by_ID')?['body/ikam_name']} from @{formatDateTime(triggerOutputs()?['body/ikam_assigneddate'],'yyyy-M-d')}.@{if(equals(triggerOutputs()?['body/ikam_requesttype'],989100005),concat(' Expected return date is ',formatDateTime(triggerOutputs()?['body/ikam_expectedreturndate'],'yyyy-M-d'),'.'),'')}<br>\n<br>\n@{outputs('Compose')}@{body('Create_HTML_table')}<br>\n<br>\n<br>\nRegards,<br>\nAsset Management System</p>",
                            "emailMessage/Importance": "Normal"
                          },
                          "authentication": "@parameters('$authentication')"
                        }
                      }
                    }
                  },
                  "expression": {
                    "equals": [
                      "@outputs('Get_Asset_Inventory')?['body/ikam_fixedssset']",
                      989100001
                    ]
                  },
                  "metadata": {
                    "operationMetadataId": "cff60916-2bc7-4795-a7fd-2ff86d5ccd7b"
                  },
                  "type": "If"
                },
                "Compose": {
                  "runAfter": {},
                  "metadata": {
                    "operationMetadataId": "41731ec3-987d-4607-b18e-c8bd7e5f1ece"
                  },
                  "type": "Compose",
                  "inputs": "<style>\nTable {\n  font-family: Arial, Helvetica, sans-serif;\n  background-color: #EEEEEE;\n  border-collapse: collapse;\n  width: 100%;\n}\nTable td, Table th {\n  border: 1px solid #ddd;\n  padding: 3px 3px;\n}\nTable th {\n  font-size: 15px;\n  font-weight: bold;\n  padding-top: 12px;\n  padding-bottom: 12px;\n  text-align: center;\n  background-color: #1C6EA4;\n  color: white;\n}\n</style>"
                },
                "Create_HTML_table": {
                  "runAfter": {
                    "Compose": [
                      "Succeeded"
                    ]
                  },
                  "metadata": {
                    "operationMetadataId": "2dbdf374-ebb4-4353-90bc-7bb66dfec16d"
                  },
                  "type": "Table",
                  "inputs": {
                    "from": [
                      "@body('Get_Asset_Inventory')"
                    ],
                    "format": "HTML",
                    "columns": [
                      {
                        "header": "Asset ID",
                        "value": "@item()?['ikam_name']"
                      },
                      {
                        "header": "Serial number",
                        "value": "@item()?['ikam_serialno']"
                      },
                      {
                        "header": "Asset Code",
                        "value": "@item()?['ikam_assetcode']"
                      },
                      {
                        "header": "Model",
                        "value": "@item()?['ikam_modelnumber']"
                      },
                      {
                        "header": "Asset Category",
                        "value": "@item()?['_ikam_assettype_value@OData.Community.Display.V1.FormattedValue']"
                      }
                    ]
                  }
                },
                "Get_Finance_Team_Email": {
                  "runAfter": {
                    "Create_HTML_table": [
                      "Succeeded"
                    ]
                  },
                  "metadata": {
                    "operationMetadataId": "cd65cccd-7f18-4732-b6d5-4f9217ed002e"
                  },
                  "type": "OpenApiConnection",
                  "inputs": {
                    "host": {
                      "connectionName": "shared_commondataserviceforapps",
                      "operationId": "ListRecords",
                      "apiId": "/providers/Microsoft.PowerApps/apis/shared_commondataserviceforapps"
                    },
                    "parameters": {
                      "entityName": "teams",
                      "$filter": "_ikam_location_value eq @{outputs('Get_Asset_Inventory')?['body/_ikam_officelocation_value']} and ikam_role eq 989100006"
                    },
                    "authentication": "@parameters('$authentication')"
                  }
                },
                "Apply_to_each_2": {
                  "foreach": "@outputs('Get_Finance_Team_Email')?['body/value']",
                  "actions": {
                    "Condition_2": {
                      "actions": {
                        "Append_to_array_variable": {
                          "runAfter": {},
                          "metadata": {
                            "operationMetadataId": "307e3350-eae8-4ee2-975d-556551d9a722"
                          },
                          "type": "AppendToArrayVariable",
                          "inputs": {
                            "name": "varEmailDLs",
                            "value": "@items('Apply_to_each_2')?['emailaddress']"
                          }
                        }
                      },
                      "runAfter": {},
                      "expression": {
                        "not": {
                          "equals": [
                            "@items('Apply_to_each_2')?['emailaddress']",
                            "@null"
                          ]
                        }
                      },
                      "metadata": {
                        "operationMetadataId": "843f7276-7f08-458b-b8f3-097898b7a51d"
                      },
                      "type": "If"
                    }
                  },
                  "runAfter": {
                    "Get_Finance_Team_Email": [
                      "Succeeded"
                    ]
                  },
                  "metadata": {
                    "operationMetadataId": "658549b0-46ca-4e86-a7d7-3e73d6a830f5"
                  },
                  "type": "Foreach"
                },
                "Join": {
                  "runAfter": {
                    "Apply_to_each_2": [
                      "Succeeded"
                    ]
                  },
                  "metadata": {
                    "operationMetadataId": "c9871399-5a7e-4097-9fd6-36a942ac42ce"
                  },
                  "type": "Join",
                  "inputs": {
                    "from": "@variables('varEmailDLs')",
                    "joinWith": ";"
                  }
                }
              },
              "runAfter": {
                "Get_Asset_Inventory": [
                  "Succeeded"
                ]
              },
              "expression": {
                "equals": [
                  "@outputs('Get_Asset_Inventory')?['body/ikam_assetfor']",
                  989100000
                ]
              },
              "metadata": {
                "operationMetadataId": "c55ddc35-dfb1-4427-9cb6-60609de38940"
              },
              "type": "If"
            }
          },
          "runAfter": {
            "Initialize_variable": [
              "Succeeded"
            ]
          },
          "expression": {
            "equals": [
              "@triggerOutputs()?['body/_ikam_assetrequest_value']",
              "@null"
            ]
          },
          "metadata": {
            "operationMetadataId": "b5607e0c-534d-4825-b988-cfa9cca08f91"
          },
          "type": "If"
        },
        "Initialize_variable": {
          "runAfter": {},
          "metadata": {
            "operationMetadataId": "e9017f7a-cc00-4cad-a505-8ac963e41bcf"
          },
          "type": "InitializeVariable",
          "inputs": {
            "variables": [
              {
                "name": "varEmailDLs",
                "type": "array"
              }
            ]
          }
        }
      }
    },
    "templateName": ""
  },
  "schemaVersion": "1.0.0.0"
}