{
  "properties": {
    "connectionReferences": {
      "shared_commondataserviceforapps_1": {
        "runtimeSource": "embedded",
        "connection": {
          "connectionReferenceLogicalName": "ikam_DataverseSAConnRef"
        },
        "api": {
          "name": "shared_commondataserviceforapps"
        }
      },
      "shared_office365_1": {
        "runtimeSource": "embedded",
        "connection": {
          "connectionReferenceLogicalName": "ikam_sharedoffice365_87502"
        },
        "api": {
          "name": "shared_office365"
        }
      },
      "shared_commondataserviceforapps": {
        "runtimeSource": "embedded",
        "connection": {
          "connectionReferenceLogicalName": "ikam_DataverseSAConnRef"
        },
        "api": {
          "name": "shared_commondataserviceforapps"
        }
      }
    },
    "definition": {
      "$schema": "https://schema.management.azure.com/providers/Microsoft.Logic/schemas/2016-06-01/workflowdefinition.json#",
      "contentVersion": "1.0.0.0",
      "parameters": {
        "$connections": {
          "defaultValue": {},
          "type": "Object"
        },
        "$authentication": {
          "defaultValue": {},
          "type": "SecureObject"
        }
      },
      "triggers": {
        "Recurrence": {
          "recurrence": {
            "frequency": "Day",
            "interval": 1,
            "startTime": "2023-09-13T18:15:00Z"
          },
          "metadata": {
            "operationMetadataId": "d59f8e33-01f3-47f6-8c14-0cb81091f400"
          },
          "type": "Recurrence"
        }
      },
      "actions": {
        "List_Assigned_Assets": {
          "runAfter": {
            "Initialize_variable": [
              "Succeeded"
            ]
          },
          "metadata": {
            "operationMetadataId": "b4904c13-e1b3-49af-a18d-3e2b2bbbeec7"
          },
          "type": "OpenApiConnection",
          "inputs": {
            "host": {
              "connectionName": "shared_commondataserviceforapps_1",
              "operationId": "ListRecords",
              "apiId": "/providers/Microsoft.PowerApps/apis/shared_commondataserviceforapps"
            },
            "parameters": {
              "entityName": "ikam_assignedassetses",
              "$filter": "ikam_requesttype eq 989100005 and ikam_returnedstatus ne 989100000 and ikam_expectedreturndate eq @{formatDateTime(addDays(utcNow(),1),'yyyy-M-d')}"
            },
            "authentication": "@parameters('$authentication')"
          }
        },
        "Apply_to_each": {
          "foreach": "@outputs('List_Assigned_Assets')?['body/value']",
          "actions": {
            "Get_a_row_by_ID": {
              "runAfter": {},
              "metadata": {
                "operationMetadataId": "9a6d2e14-1382-456c-b55b-154df709fa33"
              },
              "type": "OpenApiConnection",
              "inputs": {
                "host": {
                  "connectionName": "shared_commondataserviceforapps_1",
                  "operationId": "GetItem",
                  "apiId": "/providers/Microsoft.PowerApps/apis/shared_commondataserviceforapps"
                },
                "parameters": {
                  "entityName": "ikam_employees",
                  "recordId": "@items('Apply_to_each')?['_ikam_employee_value']"
                },
                "authentication": "@parameters('$authentication')"
              }
            },
            "Get_Asset_Inventory": {
              "runAfter": {
                "Get_a_row_by_ID": [
                  "Succeeded"
                ]
              },
              "metadata": {
                "operationMetadataId": "75fe8acd-2d06-47ca-878b-ea31a7a42815"
              },
              "type": "OpenApiConnection",
              "inputs": {
                "host": {
                  "connectionName": "shared_commondataserviceforapps_1",
                  "operationId": "GetItem",
                  "apiId": "/providers/Microsoft.PowerApps/apis/shared_commondataserviceforapps"
                },
                "parameters": {
                  "entityName": "ikam_assetinventories",
                  "recordId": "@items('Apply_to_each')?['_ikam_assetinventory_value']"
                },
                "authentication": "@parameters('$authentication')"
              }
            },
            "Asset_for_CoWorker": {
              "actions": {
                "Create_HTML_table": {
                  "runAfter": {},
                  "metadata": {
                    "operationMetadataId": "2dbdf374-ebb4-4353-90bc-7bb66dfec16d"
                  },
                  "type": "Table",
                  "inputs": {
                    "from": [
                      "@body('Get_Asset_Inventory')"
                    ],
                    "format": "HTML",
                    "columns": [
                      {
                        "header": "Asset ID",
                        "value": "@item()?['ikam_name']"
                      },
                      {
                        "header": "Serial number",
                        "value": "@item()?['ikam_serialno']"
                      },
                      {
                        "header": "Asset Code",
                        "value": "@item()?['ikam_assetcode']"
                      },
                      {
                        "header": "Model",
                        "value": "@item()?['ikam_modelnumber']"
                      },
                      {
                        "header": "Asset Category",
                        "value": "@item()?['_ikam_assettype_value@OData.Community.Display.V1.FormattedValue']"
                      }
                    ]
                  }
                },
                "notify_coworker_and_admin": {
                  "runAfter": {
                    "Join": [
                      "Succeeded"
                    ]
                  },
                  "metadata": {
                    "operationMetadataId": "89241d76-e352-45ac-bc7e-83fb70469cb5"
                  },
                  "type": "OpenApiConnection",
                  "inputs": {
                    "host": {
                      "connectionName": "shared_office365_1",
                      "operationId": "SendEmailV2",
                      "apiId": "/providers/Microsoft.PowerApps/apis/shared_office365"
                    },
                    "parameters": {
                      "emailMessage/To": "@{outputs('Get_a_row_by_ID')?['body/ikam_mail']};@{body('Join')}",
                      "emailMessage/Subject": "@{outputs('Get_Asset_Inventory')?['body/ikam_name']} | Asset_Return_Reminder 1 | Asset Management",
                      "emailMessage/Body": "<p>Hello,<br>\n<br>\nReminder 1 day notice!<br>\n<br>\nPlease notice that Co-worker ID: @{outputs('Get_a_row_by_ID')?['body/ikam_name']} is expected to return asset @{outputs('Get_Asset_Inventory')?['body/ikam_name']} tomorrow on the @{formatDateTime(items('Apply_to_each')?['ikam_expectedreturndate'],'yyyy-M-d')}.<br>\n<br>\n@{outputs('Compose')}@{body('Create_HTML_table')}<br>\n<br>\n<br>\nBest regards,<br>\nAsset Management System</p>",
                      "emailMessage/Importance": "Normal"
                    },
                    "authentication": "@parameters('$authentication')"
                  }
                },
                "Compose": {
                  "runAfter": {
                    "Create_HTML_table": [
                      "Succeeded"
                    ]
                  },
                  "metadata": {
                    "operationMetadataId": "41731ec3-987d-4607-b18e-c8bd7e5f1ece"
                  },
                  "type": "Compose",
                  "inputs": "<style>\nTable {\n  font-family: Arial, Helvetica, sans-serif;\n  background-color: #EEEEEE;\n  border-collapse: collapse;\n  width: 100%;\n}\nTable td, Table th {\n  border: 1px solid #ddd;\n  padding: 3px 3px;\n}\nTable th {\n  font-size: 15px;\n  font-weight: bold;\n  padding-top: 12px;\n  padding-bottom: 12px;\n  text-align: center;\n  background-color: #1C6EA4;\n  color: white;\n}\n</style>"
                },
                "Get_IT_Team_Email": {
                  "runAfter": {
                    "Compose": [
                      "Succeeded"
                    ]
                  },
                  "metadata": {
                    "operationMetadataId": "cd65cccd-7f18-4732-b6d5-4f9217ed002e"
                  },
                  "type": "OpenApiConnection",
                  "inputs": {
                    "host": {
                      "connectionName": "shared_commondataserviceforapps",
                      "operationId": "ListRecords",
                      "apiId": "/providers/Microsoft.PowerApps/apis/shared_commondataserviceforapps"
                    },
                    "parameters": {
                      "entityName": "teams",
                      "$filter": "_ikam_location_value eq @{outputs('Get_Asset_Inventory')?['body/_ikam_officelocation_value']} and (ikam_role eq 989100001 or ikam_role eq 989100003)"
                    },
                    "authentication": "@parameters('$authentication')"
                  }
                },
                "Apply_to_each_2": {
                  "foreach": "@outputs('Get_IT_Team_Email')?['body/value']",
                  "actions": {
                    "Condition_2": {
                      "actions": {
                        "Append_to_array_variable": {
                          "runAfter": {},
                          "metadata": {
                            "operationMetadataId": "307e3350-eae8-4ee2-975d-556551d9a722"
                          },
                          "type": "AppendToArrayVariable",
                          "inputs": {
                            "name": "varEmailDLs",
                            "value": "@items('Apply_to_each_2')?['emailaddress']"
                          }
                        }
                      },
                      "runAfter": {},
                      "expression": {
                        "not": {
                          "equals": [
                            "@items('Apply_to_each_2')?['emailaddress']",
                            "@null"
                          ]
                        }
                      },
                      "metadata": {
                        "operationMetadataId": "843f7276-7f08-458b-b8f3-097898b7a51d"
                      },
                      "type": "If"
                    }
                  },
                  "runAfter": {
                    "Get_IT_Team_Email": [
                      "Succeeded"
                    ]
                  },
                  "metadata": {
                    "operationMetadataId": "658549b0-46ca-4e86-a7d7-3e73d6a830f5"
                  },
                  "type": "Foreach"
                },
                "Join": {
                  "runAfter": {
                    "Apply_to_each_2": [
                      "Succeeded"
                    ]
                  },
                  "metadata": {
                    "operationMetadataId": "c9871399-5a7e-4097-9fd6-36a942ac42ce"
                  },
                  "type": "Join",
                  "inputs": {
                    "from": "@variables('varEmailDLs')",
                    "joinWith": ";"
                  }
                },
                "Set_variable": {
                  "runAfter": {
                    "notify_coworker_and_admin": [
                      "Succeeded"
                    ]
                  },
                  "metadata": {
                    "operationMetadataId": "8bbb5c1a-b0d1-4e07-be95-93cf6bd1371f"
                  },
                  "type": "SetVariable",
                  "inputs": {
                    "name": "varEmailDLs",
                    "value": []
                  }
                }
              },
              "runAfter": {
                "Get_Asset_Inventory": [
                  "Succeeded"
                ]
              },
              "expression": {
                "equals": [
                  "@outputs('Get_Asset_Inventory')?['body/ikam_assetfor']",
                  989100000
                ]
              },
              "metadata": {
                "operationMetadataId": "c55ddc35-dfb1-4427-9cb6-60609de38940"
              },
              "type": "If"
            }
          },
          "runAfter": {
            "List_Assigned_Assets": [
              "Succeeded"
            ]
          },
          "metadata": {
            "operationMetadataId": "f97d1740-2f64-4f7a-a87d-975700cf2bda"
          },
          "type": "Foreach"
        },
        "Initialize_variable": {
          "runAfter": {},
          "metadata": {
            "operationMetadataId": "e9017f7a-cc00-4cad-a505-8ac963e41bcf"
          },
          "type": "InitializeVariable",
          "inputs": {
            "variables": [
              {
                "name": "varEmailDLs",
                "type": "array"
              }
            ]
          }
        }
      }
    },
    "templateName": ""
  },
  "schemaVersion": "1.0.0.0"
}