{
  "properties": {
    "connectionReferences": {
      "shared_commondataserviceforapps_2": {
        "runtimeSource": "embedded",
        "connection": {
          "connectionReferenceLogicalName": "ikam_DataverseSAConnRef"
        },
        "api": {
          "name": "shared_commondataserviceforapps"
        }
      },
      "shared_office365_1": {
        "runtimeSource": "embedded",
        "connection": {
          "connectionReferenceLogicalName": "ikam_sharedoffice365_87502"
        },
        "api": {
          "name": "shared_office365"
        }
      }
    },
    "definition": {
      "$schema": "https://schema.management.azure.com/providers/Microsoft.Logic/schemas/2016-06-01/workflowdefinition.json#",
      "contentVersion": "1.0.0.0",
      "parameters": {
        "$connections": {
          "defaultValue": {},
          "type": "Object"
        },
        "$authentication": {
          "defaultValue": {},
          "type": "SecureObject"
        }
      },
      "triggers": {
        "Recurrence": {
          "recurrence": {
            "frequency": "Day",
            "interval": 1,
            "startTime": "2023-08-22T18:15:00Z"
          },
          "metadata": {
            "operationMetadataId": "202a4b13-0e74-4405-bcb4-838112b04697"
          },
          "type": "Recurrence"
        }
      },
      "actions": {
        "Initialize_variable": {
          "runAfter": {},
          "metadata": {
            "operationMetadataId": "9d91df1d-d631-4c2a-9188-f152517e4280"
          },
          "type": "InitializeVariable",
          "inputs": {
            "variables": [
              {
                "name": "varAssetsInfo",
                "type": "array"
              }
            ]
          }
        },
        "Initialize_variable_2": {
          "runAfter": {
            "Initialize_variable": [
              "Succeeded"
            ]
          },
          "metadata": {
            "operationMetadataId": "7123152d-732e-4026-a80d-b63bf455a739"
          },
          "type": "InitializeVariable",
          "inputs": {
            "variables": [
              {
                "name": "varAssetsInfo1",
                "type": "array"
              }
            ]
          }
        },
        "Try": {
          "actions": {
            "List_rows_2": {
              "runAfter": {},
              "metadata": {
                "operationMetadataId": "2f2b12f7-78a9-4edb-8bb4-6e9e91e8b54b"
              },
              "type": "OpenApiConnection",
              "inputs": {
                "host": {
                  "connectionName": "shared_commondataserviceforapps_2",
                  "operationId": "ListRecords",
                  "apiId": "/providers/Microsoft.PowerApps/apis/shared_commondataserviceforapps"
                },
                "parameters": {
                  "entityName": "ikam_assetrequests",
                  "$filter": "(ikam_effectivedate eq @{formatDateTime(addDays(utcNow(), 7), 'yyyy-M-d')} or ikam_effectivedate eq @{formatDateTime(addDays(utcNow(), 1), 'yyyy-M-d')}) and ikam_requesttype eq 989100000 and ikam_requeststatus eq 989100001"
                },
                "authentication": "@parameters('$authentication')"
              }
            },
            "Apply_to_each": {
              "foreach": "@outputs('List_rows_2')?['body/value']",
              "actions": {
                "List_Assets_rows": {
                  "runAfter": {},
                  "metadata": {
                    "operationMetadataId": "b0495d7b-ccc1-49a4-97f7-8bf3f06c7d49"
                  },
                  "type": "OpenApiConnection",
                  "inputs": {
                    "host": {
                      "connectionName": "shared_commondataserviceforapps_2",
                      "operationId": "ListRecords",
                      "apiId": "/providers/Microsoft.PowerApps/apis/shared_commondataserviceforapps"
                    },
                    "parameters": {
                      "entityName": "ikam_assetlineitemses",
                      "$filter": "_ikam_assetrequest_value eq @{items('Apply_to_each')?['ikam_assetrequestid']}"
                    },
                    "authentication": "@parameters('$authentication')"
                  }
                },
                "Select": {
                  "runAfter": {
                    "List_Assets_rows": [
                      "Succeeded"
                    ]
                  },
                  "metadata": {
                    "operationMetadataId": "d2141f02-f7b1-479e-8a2b-aa153fde472f"
                  },
                  "type": "Select",
                  "inputs": {
                    "from": "@outputs('List_Assets_rows')?['body/value']",
                    "select": {
                      "Category": "@item()?['_ikam_assettype_value@OData.Community.Display.V1.FormattedValue']"
                    }
                  }
                },
                "Create_HTML_table": {
                  "runAfter": {
                    "ComposeTableCss": [
                      "Succeeded"
                    ]
                  },
                  "metadata": {
                    "operationMetadataId": "974473b4-7994-43a7-9357-1b1f672f0038"
                  },
                  "type": "Table",
                  "inputs": {
                    "from": "@body('Select')",
                    "format": "HTML",
                    "columns": [
                      {
                        "header": "Asset Category",
                        "value": "@{item()?['Category']}@{if(equals(item()?['Category'],'Other'),concat('-',items('Apply_to_each')?['ikam_defineasset']),'')}"
                      }
                    ]
                  }
                },
                "Send_an_email_(V2)": {
                  "runAfter": {
                    "Compose": [
                      "Succeeded"
                    ]
                  },
                  "metadata": {
                    "operationMetadataId": "b7234e48-6416-4950-80ef-6c8af6aa39d9"
                  },
                  "type": "OpenApiConnection",
                  "inputs": {
                    "host": {
                      "connectionName": "shared_office365_1",
                      "operationId": "SendEmailV2",
                      "apiId": "/providers/Microsoft.PowerApps/apis/shared_office365"
                    },
                    "parameters": {
                      "emailMessage/To": "@body('Join')",
                      "emailMessage/Subject": "Hire | @{items('Apply_to_each')?['ikam_requestid']} | Reminder @{if(greater(int(split(dateDifference(formatDateTime(utcNow(),'yyyy-M-d'),items('Apply_to_each')?['ikam_effectivedate']),'.')[0]),1),1,2)} | @{items('Apply_to_each')?['ikam_requeststatus@OData.Community.Display.V1.FormattedValue']}_Asset Management",
                      "emailMessage/Body": "<p>Hello,<br>\n<br>\nReminder @{if(greater(int(split(dateDifference(formatDateTime(utcNow(),'yyyy-M-d'),items('Apply_to_each')?['ikam_effectivedate']),'.')[0]),1),7,1)} days notice!<br>\n<br>\nThe request @{items('Apply_to_each')?['ikam_requestid']} has not been completed for Co-worker ID: &nbsp;@{items('Apply_to_each')?['ikam_searchid']} joining on @{formatDateTime(items('Apply_to_each')?['ikam_effectivedate'],'yyyy-M-d')}.<br>\n<br>\nCo-worker need to be assigned assets:<br>\n@{body('Create_HTML_table')}@{outputs('ComposeTableCss')}<br>\n<br>\nBest regards,<br>\nPeople and Culture</p>",
                      "emailMessage/Importance": "Normal"
                    },
                    "authentication": "@parameters('$authentication')"
                  }
                },
                "Get_IT_Team_Email": {
                  "runAfter": {
                    "Create_HTML_table": [
                      "Succeeded"
                    ]
                  },
                  "metadata": {
                    "operationMetadataId": "cd65cccd-7f18-4732-b6d5-4f9217ed002e"
                  },
                  "type": "OpenApiConnection",
                  "inputs": {
                    "host": {
                      "connectionName": "shared_commondataserviceforapps_2",
                      "operationId": "ListRecords",
                      "apiId": "/providers/Microsoft.PowerApps/apis/shared_commondataserviceforapps"
                    },
                    "parameters": {
                      "entityName": "teams",
                      "$filter": "_ikam_location_value eq @{items('Apply_to_each')?['_ikam_location_value']} and (ikam_role eq 989100001 or ikam_role eq 989100003)"
                    },
                    "authentication": "@parameters('$authentication')"
                  }
                },
                "Compose": {
                  "runAfter": {
                    "Join": [
                      "Succeeded"
                    ]
                  },
                  "metadata": {
                    "operationMetadataId": "a7aba114-de92-42b9-bea7-d673b2c9c3a2"
                  },
                  "type": "Compose",
                  "inputs": "@dateDifference(formatDateTime(utcNow(),'yyyy-M-d'),items('Apply_to_each')?['ikam_effectivedate'])"
                },
                "ComposeTableCss": {
                  "runAfter": {
                    "Select": [
                      "Succeeded"
                    ]
                  },
                  "metadata": {
                    "operationMetadataId": "d36ad5c4-4c54-479b-9430-20e633f82ab3"
                  },
                  "type": "Compose",
                  "inputs": "<style>\nTable {\n  font-family: Arial, Helvetica, sans-serif;\n  background-color: #EEEEEE;\n  border-collapse: collapse;\n  width: 100%;\n}\n\nTable td, Table th {\n  border: 1px solid #ddd;\n  padding: 3px 3px;\n}\n\nTable th {\n  font-size: 15px;\n  font-weight: bold;\n  padding-top: 12px;\n  padding-bottom: 12px;\n  text-align: center;\n  background-color: #1C6EA4;\n  color: white;\n}\n</style>"
                },
                "Apply_to_each_2": {
                  "foreach": "@outputs('Get_IT_Team_Email')?['body/value']",
                  "actions": {
                    "Condition": {
                      "actions": {
                        "Append_to_array_variable": {
                          "runAfter": {},
                          "metadata": {
                            "operationMetadataId": "3d001de8-a7a0-4840-95fa-074f1ab170f6"
                          },
                          "type": "AppendToArrayVariable",
                          "inputs": {
                            "name": "varEmailDLs",
                            "value": "@items('Apply_to_each_2')?['emailaddress']"
                          }
                        }
                      },
                      "runAfter": {},
                      "expression": {
                        "not": {
                          "equals": [
                            "@items('Apply_to_each_2')?['emailaddress']",
                            "@null"
                          ]
                        }
                      },
                      "metadata": {
                        "operationMetadataId": "6882a321-acee-4a90-9b20-07f38e1dbd18"
                      },
                      "type": "If"
                    }
                  },
                  "runAfter": {
                    "Get_IT_Team_Email": [
                      "Succeeded"
                    ]
                  },
                  "metadata": {
                    "operationMetadataId": "46d9bff9-28d7-4a0a-8fd4-b6f233bedb38"
                  },
                  "type": "Foreach"
                },
                "Join": {
                  "runAfter": {
                    "Apply_to_each_2": [
                      "Succeeded"
                    ]
                  },
                  "metadata": {
                    "operationMetadataId": "96333c14-2d5f-40fe-8940-957b67556388"
                  },
                  "type": "Join",
                  "inputs": {
                    "from": "@variables('varEmailDLs')",
                    "joinWith": ";"
                  }
                },
                "Set_variable": {
                  "runAfter": {
                    "Send_an_email_(V2)": [
                      "Succeeded"
                    ]
                  },
                  "metadata": {
                    "operationMetadataId": "b3da6838-a4ee-404b-a052-50f87892c933"
                  },
                  "type": "SetVariable",
                  "inputs": {
                    "name": "varAssetsInfo",
                    "value": []
                  }
                },
                "Set_variable_2": {
                  "runAfter": {
                    "Set_variable": [
                      "Succeeded"
                    ]
                  },
                  "metadata": {
                    "operationMetadataId": "ea5fdf75-4af7-4014-9bba-baf7e7ec78bb"
                  },
                  "type": "SetVariable",
                  "inputs": {
                    "name": "varAssetsInfo1",
                    "value": []
                  }
                },
                "Set_variable_3": {
                  "runAfter": {
                    "Set_variable_2": [
                      "Succeeded"
                    ]
                  },
                  "metadata": {
                    "operationMetadataId": "8aabdfc9-f553-4f23-b855-88006c770c51"
                  },
                  "type": "SetVariable",
                  "inputs": {
                    "name": "varEmailDLs",
                    "value": []
                  }
                }
              },
              "runAfter": {
                "List_rows_2": [
                  "Succeeded"
                ]
              },
              "metadata": {
                "operationMetadataId": "10c5c9f9-821a-430f-8f88-1cd93251d078"
              },
              "type": "Foreach"
            }
          },
          "runAfter": {
            "Initialize_variable_3": [
              "Succeeded"
            ]
          },
          "metadata": {
            "operationMetadataId": "359ebd66-6cc9-448d-8967-cce9e6da213e"
          },
          "type": "Scope"
        },
        "Catch": {
          "actions": {
            "Filter_array": {
              "runAfter": {},
              "metadata": {
                "operationMetadataId": "609495ee-080a-4492-a0fb-46cad40f4ea4"
              },
              "type": "Query",
              "inputs": {
                "from": "@result('Try')",
                "where": "@or(equals(item()?['status'], 'Failed'), equals(item()?['status'], 'TimedOut'))"
              }
            },
            "Send_an_email_(V2)_2": {
              "runAfter": {
                "Compose_3": [
                  "Succeeded"
                ]
              },
              "metadata": {
                "operationMetadataId": "230eaf17-630b-4744-bea2-af319e9ab1f1"
              },
              "type": "OpenApiConnection",
              "inputs": {
                "host": {
                  "connectionName": "shared_office365_1",
                  "operationId": "SendEmailV2",
                  "apiId": "/providers/Microsoft.PowerApps/apis/shared_office365"
                },
                "parameters": {
                  "emailMessage/To": "l-iarobot-u-iosseelm@inter.ikea.com",
                  "emailMessage/Subject": "@{workflow()?['tags/flowDisplayName']}  failed",
                  "emailMessage/Body": "<p>Hi,<br>\n<br>\nThis flow is failed due to below error.<br>\n@{outputs('Compose_3')}<br>\n<br>\n<br>\nAdmin<br>\n</p>",
                  "emailMessage/Importance": "Normal"
                },
                "authentication": "@parameters('$authentication')"
              }
            },
            "Create_HTML_table_2": {
              "runAfter": {
                "Filter_array": [
                  "Succeeded"
                ]
              },
              "metadata": {
                "operationMetadataId": "9dc2ad69-ec6f-48cc-97eb-da83a98a3021"
              },
              "type": "Table",
              "inputs": {
                "from": "@body('Filter_array')",
                "format": "HTML",
                "columns": [
                  {
                    "header": "Action",
                    "value": "@item()?['name']"
                  },
                  {
                    "header": "Status",
                    "value": "@item()?['Status']"
                  },
                  {
                    "header": "ErrorMessage",
                    "value": "@item()?['error']?['message']"
                  }
                ]
              }
            },
            "Compose_3": {
              "runAfter": {
                "Create_HTML_table_2": [
                  "Succeeded"
                ]
              },
              "metadata": {
                "operationMetadataId": "2b5038ba-f1e3-4b07-8f37-1f92bdafbde0"
              },
              "type": "Compose",
              "inputs": "<style>\ntable {\n  border: 1px solid #1C6EA4;\n  background-color: #EEEEEE;\n  width: 100%;\n  text-align: left;\n  border-collapse: collapse;\n}\ntable td, table th {\n  border: 1px solid #AAAAAA;\n  padding: 3px 2px;\n}\ntable tbody td {\n  font-size: 13px;\n}\ntable thead {\n  background: #1C6EA4;\n  border-bottom: 2px solid #444444;\n}\ntable thead th {\n  font-size: 15px;\n  font-weight: bold;\n  color: #FFFFFF;\n  border-left: 2px solid #D0E4F5;\n}\ntable thead th:first-child {\n  border-left: none;\n}\n</style>\n@{body('Create_HTML_table_2')}"
            },
            "Terminate": {
              "runAfter": {
                "Send_an_email_(V2)_2": [
                  "Succeeded"
                ]
              },
              "metadata": {
                "operationMetadataId": "3726e804-b1f8-4d27-acbd-f7fba7da8ac5"
              },
              "type": "Terminate",
              "inputs": {
                "runStatus": "Failed"
              }
            }
          },
          "runAfter": {
            "Try": [
              "Failed"
            ]
          },
          "metadata": {
            "operationMetadataId": "c4037b97-8dae-49e7-be20-02f395f8eb21"
          },
          "type": "Scope"
        },
        "Initialize_variable_3": {
          "runAfter": {
            "Initialize_variable_2": [
              "Succeeded"
            ]
          },
          "metadata": {
            "operationMetadataId": "60a5e286-38de-43ec-aa9f-0cb822376810"
          },
          "type": "InitializeVariable",
          "inputs": {
            "variables": [
              {
                "name": "varEmailDLs",
                "type": "array"
              }
            ]
          }
        }
      }
    },
    "templateName": ""
  },
  "schemaVersion": "1.0.0.0"
}