{
  "properties": {
    "connectionReferences": {
      "shared_commondataserviceforapps_1": {
        "runtimeSource": "embedded",
        "connection": {
          "connectionReferenceLogicalName": "ikam_DataverseSAConnRef"
        },
        "api": {
          "name": "shared_commondataserviceforapps"
        }
      },
      "shared_office365": {
        "runtimeSource": "embedded",
        "connection": {
          "connectionReferenceLogicalName": "ikam_sharedoffice365_87502"
        },
        "api": {
          "name": "shared_office365"
        }
      },
      "shared_commondataserviceforapps_2": {
        "runtimeSource": "embedded",
        "connection": {
          "connectionReferenceLogicalName": "ikam_DataverseSAConnRef"
        },
        "api": {
          "name": "shared_commondataserviceforapps"
        }
      }
    },
    "definition": {
      "$schema": "https://schema.management.azure.com/providers/Microsoft.Logic/schemas/2016-06-01/workflowdefinition.json#",
      "contentVersion": "1.0.0.0",
      "parameters": {
        "$connections": {
          "defaultValue": {},
          "type": "Object"
        },
        "$authentication": {
          "defaultValue": {},
          "type": "SecureObject"
        },
        "varFirstReminder (ikam_varFirstReminder)": {
          "defaultValue": -1,
          "type": "Int",
          "metadata": {
            "schemaName": "ikam_varFirstReminder"
          }
        },
        "varSecondReminder (ikam_varSecondReminder)": {
          "defaultValue": -2,
          "type": "Int",
          "metadata": {
            "schemaName": "ikam_varSecondReminder"
          }
        }
      },
      "triggers": {
        "Recurrence": {
          "recurrence": {
            "frequency": "Day",
            "interval": 1,
            "startTime": "2023-07-24T04:30:00Z"
          },
          "metadata": {
            "operationMetadataId": "843548bc-5e8f-4d49-bdca-6f2de32560f9"
          },
          "type": "Recurrence"
        }
      },
      "actions": {
        "List_rows": {
          "runAfter": {
            "Initialize_variable_3": [
              "Succeeded"
            ]
          },
          "metadata": {
            "operationMetadataId": "fa106ed8-4314-47d3-97bb-ab17859b3c27"
          },
          "type": "OpenApiConnection",
          "inputs": {
            "host": {
              "connectionName": "shared_commondataserviceforapps_1",
              "operationId": "ListRecords",
              "apiId": "/providers/Microsoft.PowerApps/apis/shared_commondataserviceforapps"
            },
            "parameters": {
              "entityName": "ikam_assetrequests",
              "$select": "createdon,ikam_requestid,_createdby_value,ikam_requeststatus,ikam_isemployeefound,ikam_searchid,ikam_assetrequestid,ikam_Location,_ikam_location_value",
              "$filter": "createdon ge @{addDays(utcNow(),-15)} and ikam_requeststatus eq 989100000 and ikam_isemployeefound eq 'No'"
            },
            "authentication": "@parameters('$authentication')"
          }
        },
        "Apply_to_each_2": {
          "foreach": "@outputs('List_rows')?['body/value']",
          "actions": {
            "Scope_2": {
              "actions": {
                "HTTP": {
                  "runAfter": {},
                  "metadata": {
                    "operationMetadataId": "499a8ce9-1cd5-4762-87cd-e96da469ba47"
                  },
                  "type": "Http",
                  "inputs": {
                    "method": "GET",
                    "uri": "https://graph.microsoft.com/v1.0/users?$filter=(employeeID eq '@{items('Apply_to_each_2')?['ikam_searchid']}')&$select=employeeId,userId,mail",
                    "headers": {
                      "Content-Type": "application/json"
                    },
                    "authentication": {
                      "type": "ActiveDirectoryOAuth",
                      "authority": "https://login.microsoft.com",
                      "tenant": "a33c6ac4-a52e-45c5-af07-b972df9bd004",
                      "audience": "https://graph.microsoft.com",
                      "clientId": "03bd0295-496e-4418-97f7-efa2be6ef7af",
                      "secret": "KCF8Q~zsk6MCz4Asp~_XTy1L.q9swpYKqAtS_cJp"
                    }
                  }
                },
                "Set_variable": {
                  "runAfter": {
                    "HTTP": [
                      "Succeeded"
                    ]
                  },
                  "metadata": {
                    "operationMetadataId": "ba941a6a-3b80-4120-935f-fe80a808d93a"
                  },
                  "type": "SetVariable",
                  "inputs": {
                    "name": "varMail",
                    "value": "@{body('HTTP')?['value']?[0]?['mail']}"
                  }
                },
                "Condition_3": {
                  "actions": {
                    "Condition_4": {
                      "actions": {
                        "Get_a_row_by_ID_2": {
                          "runAfter": {},
                          "metadata": {
                            "operationMetadataId": "e546c609-2e50-4044-8529-4cfba36cad5d"
                          },
                          "type": "OpenApiConnection",
                          "inputs": {
                            "host": {
                              "connectionName": "shared_commondataserviceforapps_1",
                              "operationId": "GetItem",
                              "apiId": "/providers/Microsoft.PowerApps/apis/shared_commondataserviceforapps"
                            },
                            "parameters": {
                              "entityName": "systemusers",
                              "recordId": "@items('Apply_to_each_2')?['_createdby_value']"
                            },
                            "authentication": "@parameters('$authentication')"
                          }
                        },
                        "Send_an_email_(V2)_2": {
                          "runAfter": {
                            "Get_a_row_by_ID_2": [
                              "Succeeded"
                            ]
                          },
                          "metadata": {
                            "operationMetadataId": "7093019d-83c9-40b9-984d-4c684f936a89"
                          },
                          "type": "OpenApiConnection",
                          "inputs": {
                            "host": {
                              "connectionName": "shared_office365",
                              "operationId": "SendEmailV2",
                              "apiId": "/providers/Microsoft.PowerApps/apis/shared_office365"
                            },
                            "parameters": {
                              "emailMessage/To": "@body('Join')",
                              "emailMessage/Subject": "Hire | @{items('Apply_to_each_2')?['ikam_requestid']} | Draft Notice @{if(equals(split(items('Apply_to_each_2')?['createdon'], 'T')[0],formatDateTime(addDays(utcNow(), parameters('varFirstReminder (ikam_varFirstReminder)')), 'yyyy-MM-dd')),1,2)} | @{items('Apply_to_each_2')?['ikam_requeststatus@OData.Community.Display.V1.FormattedValue']}_Asset Management",
                              "emailMessage/Body": "<p>Hello,<br>\n<br>\nUnhappy!<br>\n<br>\nThe information about Co-worker ID: @{items('Apply_to_each_2')?['ikam_searchid']} &nbsp;has not been found or available from AD yet.<br>\n<br>\n<br>\nBest regards,<br>\nAsset Management System</p>",
                              "emailMessage/Importance": "Normal"
                            },
                            "authentication": "@parameters('$authentication')"
                          }
                        },
                        "Condition_7": {
                          "actions": {
                            "Update_a_row_3": {
                              "runAfter": {},
                              "metadata": {
                                "operationMetadataId": "e24a0bf9-3a07-4f46-99fb-05ac22d9fd0e"
                              },
                              "type": "OpenApiConnection",
                              "inputs": {
                                "host": {
                                  "connectionName": "shared_commondataserviceforapps_1",
                                  "operationId": "UpdateRecord",
                                  "apiId": "/providers/Microsoft.PowerApps/apis/shared_commondataserviceforapps"
                                },
                                "parameters": {
                                  "entityName": "ikam_assetrequests",
                                  "recordId": "@items('Apply_to_each_2')?['ikam_assetrequestid']",
                                  "item/ikam_requeststatus": 989100006,
                                  "item/statecode": 1
                                },
                                "authentication": "@parameters('$authentication')"
                              }
                            }
                          },
                          "runAfter": {
                            "Send_an_email_(V2)_2": [
                              "Succeeded"
                            ]
                          },
                          "expression": {
                            "equals": [
                              "@split(items('Apply_to_each_2')?['createdon'], 'T')[0]",
                              "@formatDateTime(addDays(utcNow(), parameters('varSecondReminder (ikam_varSecondReminder)')), 'yyyy-MM-dd')"
                            ]
                          },
                          "metadata": {
                            "operationMetadataId": "5db973a8-1025-4bed-904e-3884268e008e"
                          },
                          "type": "If"
                        }
                      },
                      "runAfter": {},
                      "expression": {
                        "or": [
                          {
                            "equals": [
                              "@split(items('Apply_to_each_2')?['createdon'], 'T')[0]",
                              "@formatDateTime(addDays(utcNow(), parameters('varFirstReminder (ikam_varFirstReminder)')), 'yyyy-MM-dd')"
                            ]
                          },
                          {
                            "equals": [
                              "@split(items('Apply_to_each_2')?['createdon'], 'T')[0]",
                              "@formatDateTime(addDays(utcNow(), parameters('varSecondReminder (ikam_varSecondReminder)')), 'yyyy-MM-dd')"
                            ]
                          }
                        ]
                      },
                      "metadata": {
                        "operationMetadataId": "525aafdf-b678-4d33-bd27-59b0936d01e6"
                      },
                      "type": "If"
                    },
                    "Compose_2": {
                      "runAfter": {
                        "Condition_4": [
                          "Succeeded"
                        ]
                      },
                      "metadata": {
                        "operationMetadataId": "25b41d8f-ba6a-448a-b2e3-974e7cf7f363"
                      },
                      "type": "Compose",
                      "inputs": "@formatDateTime(addDays(utcNow(), parameters('varFirstReminder (ikam_varFirstReminder)')), 'yyyy-MM-dd')"
                    }
                  },
                  "runAfter": {
                    "Set_variable": [
                      "Succeeded"
                    ]
                  },
                  "else": {
                    "actions": {
                      "Update_a_row_2": {
                        "runAfter": {},
                        "metadata": {
                          "operationMetadataId": "27fd0600-1a88-4e60-ab07-4268aea7992e"
                        },
                        "type": "OpenApiConnection",
                        "inputs": {
                          "host": {
                            "connectionName": "shared_commondataserviceforapps_1",
                            "operationId": "UpdateRecord",
                            "apiId": "/providers/Microsoft.PowerApps/apis/shared_commondataserviceforapps"
                          },
                          "parameters": {
                            "entityName": "ikam_assetrequests",
                            "recordId": "@items('Apply_to_each_2')?['ikam_assetrequestid']",
                            "item/ikam_isemployeefound": "Yes"
                          },
                          "authentication": "@parameters('$authentication')"
                        }
                      },
                      "Send_an_email_(V2)_3": {
                        "runAfter": {
                          "Get_a_row_by_ID_3": [
                            "Succeeded"
                          ]
                        },
                        "metadata": {
                          "operationMetadataId": "7093019d-83c9-40b9-984d-4c684f936a89"
                        },
                        "type": "OpenApiConnection",
                        "inputs": {
                          "host": {
                            "connectionName": "shared_office365",
                            "operationId": "SendEmailV2",
                            "apiId": "/providers/Microsoft.PowerApps/apis/shared_office365"
                          },
                          "parameters": {
                            "emailMessage/To": "@body('Join')",
                            "emailMessage/Subject": "Hire | @{items('Apply_to_each_2')?['ikam_requestid']} | Draft Notice | @{items('Apply_to_each_2')?['ikam_requeststatus@OData.Community.Display.V1.FormattedValue']}_Asset Management",
                            "emailMessage/Body": "<p>Hello,<br>\n<br>\nHappy!<br>\n<br>\nThe information about Co-worker ID: @{items('Apply_to_each_2')?['ikam_searchid']} &nbsp;has been found or available from AD. Please go to Asset Management Tool to review and submit the request.<br>\n<br>\n<br>\nBest regards,<br>\nAsset Management System</p>",
                            "emailMessage/Importance": "Normal"
                          },
                          "authentication": "@parameters('$authentication')"
                        }
                      },
                      "Get_a_row_by_ID_3": {
                        "runAfter": {
                          "Update_a_row_2": [
                            "Succeeded"
                          ]
                        },
                        "metadata": {
                          "operationMetadataId": "e546c609-2e50-4044-8529-4cfba36cad5d"
                        },
                        "type": "OpenApiConnection",
                        "inputs": {
                          "host": {
                            "connectionName": "shared_commondataserviceforapps_1",
                            "operationId": "GetItem",
                            "apiId": "/providers/Microsoft.PowerApps/apis/shared_commondataserviceforapps"
                          },
                          "parameters": {
                            "entityName": "systemusers",
                            "recordId": "@items('Apply_to_each_2')?['_createdby_value']"
                          },
                          "authentication": "@parameters('$authentication')"
                        }
                      }
                    }
                  },
                  "expression": {
                    "equals": [
                      "@empty(variables('varMail'))",
                      "@true"
                    ]
                  },
                  "metadata": {
                    "operationMetadataId": "2ca18805-c8f0-4177-a1a2-c18b515eea2a"
                  },
                  "type": "If"
                }
              },
              "runAfter": {
                "Scope": [
                  "Succeeded"
                ]
              },
              "metadata": {
                "operationMetadataId": "6a13c7c1-404d-4d7f-befd-0184bfac3e60"
              },
              "type": "Scope"
            },
            "Scope_3": {
              "actions": {
                "HTTP_2": {
                  "runAfter": {},
                  "metadata": {
                    "operationMetadataId": "499a8ce9-1cd5-4762-87cd-e96da469ba47"
                  },
                  "type": "Http",
                  "inputs": {
                    "method": "GET",
                    "uri": "https://graph.microsoft.com/v1.0/users?$filter=(mailNickname eq '@{items('Apply_to_each_2')?['ikam_searchid']}')&$select=employeeId,userId,mail",
                    "headers": {
                      "Content-Type": "application/json"
                    },
                    "authentication": {
                      "type": "ActiveDirectoryOAuth",
                      "authority": "https://login.microsoft.com",
                      "tenant": "a33c6ac4-a52e-45c5-af07-b972df9bd004",
                      "audience": "https://graph.microsoft.com",
                      "clientId": "03bd0295-496e-4418-97f7-efa2be6ef7af",
                      "secret": "KCF8Q~zsk6MCz4Asp~_XTy1L.q9swpYKqAtS_cJp"
                    }
                  }
                },
                "Set_variable_2": {
                  "runAfter": {
                    "HTTP_2": [
                      "Succeeded"
                    ]
                  },
                  "metadata": {
                    "operationMetadataId": "be203191-0096-4e48-b390-51e1b59f3cf9"
                  },
                  "type": "SetVariable",
                  "inputs": {
                    "name": "varMail",
                    "value": "@{body('HTTP_2')?['value']?[0]?['mail']}"
                  }
                },
                "Condition": {
                  "actions": {
                    "Condition_2": {
                      "actions": {
                        "Get_a_row_by_ID": {
                          "runAfter": {},
                          "metadata": {
                            "operationMetadataId": "e546c609-2e50-4044-8529-4cfba36cad5d"
                          },
                          "type": "OpenApiConnection",
                          "inputs": {
                            "host": {
                              "connectionName": "shared_commondataserviceforapps_1",
                              "operationId": "GetItem",
                              "apiId": "/providers/Microsoft.PowerApps/apis/shared_commondataserviceforapps"
                            },
                            "parameters": {
                              "entityName": "systemusers",
                              "recordId": "@items('Apply_to_each_2')?['_createdby_value']"
                            },
                            "authentication": "@parameters('$authentication')"
                          }
                        },
                        "Send_an_email_(V2)": {
                          "runAfter": {
                            "Get_a_row_by_ID": [
                              "Succeeded"
                            ]
                          },
                          "metadata": {
                            "operationMetadataId": "7093019d-83c9-40b9-984d-4c684f936a89"
                          },
                          "type": "OpenApiConnection",
                          "inputs": {
                            "host": {
                              "connectionName": "shared_office365",
                              "operationId": "SendEmailV2",
                              "apiId": "/providers/Microsoft.PowerApps/apis/shared_office365"
                            },
                            "parameters": {
                              "emailMessage/To": "@body('Join')",
                              "emailMessage/Subject": "Hire | @{items('Apply_to_each_2')?['ikam_requestid']} | Draft Notice @{if(equals(split(items('Apply_to_each_2')?['createdon'], 'T')[0],formatDateTime(addDays(utcNow(), parameters('varFirstReminder (ikam_varFirstReminder)')), 'yyyy-MM-dd')),1,2)} | @{items('Apply_to_each_2')?['ikam_requeststatus@OData.Community.Display.V1.FormattedValue']}_Asset Management",
                              "emailMessage/Body": "<p>Hello,<br>\n<br>\nUnhappy!<br>\n<br>\nThe information about Co-worker ID: @{items('Apply_to_each_2')?['ikam_searchid']} &nbsp;has not been found or available from AD yet.<br>\n<br>\n<br>\nBest regards,<br>\nAsset Management System</p>",
                              "emailMessage/Importance": "Normal"
                            },
                            "authentication": "@parameters('$authentication')"
                          }
                        },
                        "Condition_5": {
                          "actions": {
                            "Update_a_row_4": {
                              "runAfter": {},
                              "metadata": {
                                "operationMetadataId": "2e3c9d54-a298-44bb-888e-dc730a254846"
                              },
                              "type": "OpenApiConnection",
                              "inputs": {
                                "host": {
                                  "connectionName": "shared_commondataserviceforapps_1",
                                  "operationId": "UpdateRecord",
                                  "apiId": "/providers/Microsoft.PowerApps/apis/shared_commondataserviceforapps"
                                },
                                "parameters": {
                                  "entityName": "ikam_assetrequests",
                                  "recordId": "@items('Apply_to_each_2')?['ikam_assetrequestid']",
                                  "item/ikam_requeststatus": 989100006,
                                  "item/statecode": 1
                                },
                                "authentication": "@parameters('$authentication')"
                              }
                            }
                          },
                          "runAfter": {
                            "Send_an_email_(V2)": [
                              "Succeeded"
                            ]
                          },
                          "expression": {
                            "equals": [
                              "@split(items('Apply_to_each_2')?['createdon'], 'T')[0]",
                              "@formatDateTime(addDays(utcNow(), parameters('varSecondReminder (ikam_varSecondReminder)')), 'yyyy-MM-dd')"
                            ]
                          },
                          "metadata": {
                            "operationMetadataId": "8b7a3eac-f8f3-49b1-87b2-0a2c3d7dcb11"
                          },
                          "type": "If"
                        }
                      },
                      "runAfter": {},
                      "expression": {
                        "or": [
                          {
                            "equals": [
                              "@split(items('Apply_to_each_2')?['createdon'], 'T')[0]",
                              "@formatDateTime(addDays(utcNow(), parameters('varFirstReminder (ikam_varFirstReminder)')), 'yyyy-MM-dd')"
                            ]
                          },
                          {
                            "equals": [
                              "@split(items('Apply_to_each_2')?['createdon'], 'T')[0]",
                              "@formatDateTime(addDays(utcNow(), parameters('varSecondReminder (ikam_varSecondReminder)')), 'yyyy-MM-dd')"
                            ]
                          }
                        ]
                      },
                      "metadata": {
                        "operationMetadataId": "525aafdf-b678-4d33-bd27-59b0936d01e6"
                      },
                      "type": "If"
                    }
                  },
                  "runAfter": {
                    "Set_variable_2": [
                      "Succeeded"
                    ]
                  },
                  "else": {
                    "actions": {
                      "Update_a_row": {
                        "runAfter": {},
                        "metadata": {
                          "operationMetadataId": "27fd0600-1a88-4e60-ab07-4268aea7992e"
                        },
                        "type": "OpenApiConnection",
                        "inputs": {
                          "host": {
                            "connectionName": "shared_commondataserviceforapps_1",
                            "operationId": "UpdateRecord",
                            "apiId": "/providers/Microsoft.PowerApps/apis/shared_commondataserviceforapps"
                          },
                          "parameters": {
                            "entityName": "ikam_assetrequests",
                            "recordId": "@items('Apply_to_each_2')?['ikam_assetrequestid']",
                            "item/ikam_isemployeefound": "Yes"
                          },
                          "authentication": "@parameters('$authentication')"
                        }
                      },
                      "Get_a_row_by_ID_4": {
                        "runAfter": {
                          "Update_a_row": [
                            "Succeeded"
                          ]
                        },
                        "metadata": {
                          "operationMetadataId": "e546c609-2e50-4044-8529-4cfba36cad5d"
                        },
                        "type": "OpenApiConnection",
                        "inputs": {
                          "host": {
                            "connectionName": "shared_commondataserviceforapps_1",
                            "operationId": "GetItem",
                            "apiId": "/providers/Microsoft.PowerApps/apis/shared_commondataserviceforapps"
                          },
                          "parameters": {
                            "entityName": "systemusers",
                            "recordId": "@items('Apply_to_each_2')?['_createdby_value']"
                          },
                          "authentication": "@parameters('$authentication')"
                        }
                      },
                      "Send_an_email_(V2)_4": {
                        "runAfter": {
                          "Get_a_row_by_ID_4": [
                            "Succeeded"
                          ]
                        },
                        "metadata": {
                          "operationMetadataId": "7093019d-83c9-40b9-984d-4c684f936a89"
                        },
                        "type": "OpenApiConnection",
                        "inputs": {
                          "host": {
                            "connectionName": "shared_office365",
                            "operationId": "SendEmailV2",
                            "apiId": "/providers/Microsoft.PowerApps/apis/shared_office365"
                          },
                          "parameters": {
                            "emailMessage/To": "@body('Join')",
                            "emailMessage/Subject": "Hire | @{items('Apply_to_each_2')?['ikam_requestid']} | Draft Notice | @{items('Apply_to_each_2')?['ikam_requeststatus@OData.Community.Display.V1.FormattedValue']}_Asset Management",
                            "emailMessage/Body": "<p>Hello,<br>\n<br>\nHappy!<br>\n<br>\nThe information about Co-worker ID: @{items('Apply_to_each_2')?['ikam_searchid']} &nbsp;has been found or available from AD. Please go to Asset Management Tool to review and submit the request.<br>\n<br>\n<br>\n<br>\nBest regards,<br>\nAsset Management System</p>",
                            "emailMessage/Importance": "Normal"
                          },
                          "authentication": "@parameters('$authentication')"
                        }
                      }
                    }
                  },
                  "expression": {
                    "equals": [
                      "@empty(variables('varMail'))",
                      "@true"
                    ]
                  },
                  "metadata": {
                    "operationMetadataId": "2ca18805-c8f0-4177-a1a2-c18b515eea2a"
                  },
                  "type": "If"
                }
              },
              "runAfter": {
                "Scope": [
                  "Failed",
                  "Skipped",
                  "TimedOut"
                ]
              },
              "metadata": {
                "operationMetadataId": "95c79993-7654-43f8-9443-815d412a799f"
              },
              "type": "Scope"
            },
            "Get_PnC_Team_Email": {
              "runAfter": {},
              "metadata": {
                "operationMetadataId": "cd65cccd-7f18-4732-b6d5-4f9217ed002e"
              },
              "type": "OpenApiConnection",
              "inputs": {
                "host": {
                  "connectionName": "shared_commondataserviceforapps_2",
                  "operationId": "ListRecords",
                  "apiId": "/providers/Microsoft.PowerApps/apis/shared_commondataserviceforapps"
                },
                "parameters": {
                  "entityName": "teams",
                  "$filter": "_ikam_location_value eq @{items('Apply_to_each_2')?['_ikam_location_value']} and (ikam_role eq 989100000)"
                },
                "authentication": "@parameters('$authentication')"
              }
            },
            "Scope": {
              "actions": {
                "Compose": {
                  "runAfter": {},
                  "metadata": {
                    "operationMetadataId": "c0f2b02a-d715-4fe2-aed8-2bebe3a538e8"
                  },
                  "type": "Compose",
                  "inputs": "@int(items('Apply_to_each_2')?['ikam_searchid'])"
                }
              },
              "runAfter": {
                "Join": [
                  "Succeeded"
                ]
              },
              "metadata": {
                "operationMetadataId": "df2eee3a-f214-448b-be62-bd34ac684d40"
              },
              "type": "Scope"
            },
            "Apply_to_each": {
              "foreach": "@outputs('Get_PnC_Team_Email')?['body/value']",
              "actions": {
                "Condition_6": {
                  "actions": {
                    "Append_to_array_variable": {
                      "runAfter": {},
                      "metadata": {
                        "operationMetadataId": "3d001de8-a7a0-4840-95fa-074f1ab170f6"
                      },
                      "type": "AppendToArrayVariable",
                      "inputs": {
                        "name": "varEmailDLs",
                        "value": "@items('Apply_to_each')?['emailaddress']"
                      }
                    }
                  },
                  "runAfter": {},
                  "expression": {
                    "not": {
                      "equals": [
                        "@items('Apply_to_each')?['emailaddress']",
                        "@null"
                      ]
                    }
                  },
                  "metadata": {
                    "operationMetadataId": "6882a321-acee-4a90-9b20-07f38e1dbd18"
                  },
                  "type": "If"
                }
              },
              "runAfter": {
                "Get_PnC_Team_Email": [
                  "Succeeded"
                ]
              },
              "metadata": {
                "operationMetadataId": "46d9bff9-28d7-4a0a-8fd4-b6f233bedb38"
              },
              "type": "Foreach"
            },
            "Join": {
              "runAfter": {
                "Apply_to_each": [
                  "Succeeded"
                ]
              },
              "metadata": {
                "operationMetadataId": "96333c14-2d5f-40fe-8940-957b67556388"
              },
              "type": "Join",
              "inputs": {
                "from": "@variables('varEmailDLs')",
                "joinWith": ";"
              }
            },
            "Set_variable_3": {
              "runAfter": {
                "Scope_2": [
                  "Succeeded"
                ],
                "Scope_3": [
                  "Succeeded"
                ]
              },
              "metadata": {
                "operationMetadataId": "268f5b8e-07eb-44df-a19a-4fec9ce6d9fd"
              },
              "type": "SetVariable",
              "inputs": {
                "name": "varEmailDLs",
                "value": "@empty()"
              }
            }
          },
          "runAfter": {
            "List_rows": [
              "Succeeded"
            ]
          },
          "metadata": {
            "operationMetadataId": "12775ae0-ea8e-45f4-98ac-75ae733e4de6"
          },
          "type": "Foreach"
        },
        "Initialize_variable": {
          "runAfter": {
            "Condition_8": [
              "Succeeded"
            ]
          },
          "metadata": {
            "operationMetadataId": "b5408ed7-fd22-472f-a4d8-bde42fee6b64"
          },
          "type": "InitializeVariable",
          "inputs": {
            "variables": [
              {
                "name": "varMail",
                "type": "string"
              }
            ]
          }
        },
        "Terminate": {
          "runAfter": {
            "Apply_to_each_2": [
              "Failed"
            ]
          },
          "metadata": {
            "operationMetadataId": "745ef39c-4b92-4fa4-bb1e-40440863574b"
          },
          "type": "Terminate",
          "inputs": {
            "runStatus": "Succeeded"
          }
        },
        "Initialize_variable_3": {
          "runAfter": {
            "Initialize_variable": [
              "Succeeded"
            ]
          },
          "metadata": {
            "operationMetadataId": "60a5e286-38de-43ec-aa9f-0cb822376810"
          },
          "type": "InitializeVariable",
          "inputs": {
            "variables": [
              {
                "name": "varEmailDLs",
                "type": "array"
              }
            ]
          }
        },
        "Condition_8": {
          "actions": {},
          "runAfter": {},
          "expression": {
            "greater": [
              "@utcNow()",
              "@addDays(utcNow(),-1)"
            ]
          },
          "metadata": {
            "operationMetadataId": "a4af553f-4545-43af-be19-7aa3d177b899"
          },
          "type": "If"
        }
      }
    },
    "templateName": ""
  },
  "schemaVersion": "1.0.0.0"
}