{
  "properties": {
    "connectionReferences": {
      "shared_commondataserviceforapps": {
        "runtimeSource": "embedded",
        "connection": {
          "connectionReferenceLogicalName": "ikam_DataverseSAConnRef"
        },
        "api": {
          "name": "shared_commondataserviceforapps"
        }
      },
      "shared_office365_1": {
        "runtimeSource": "embedded",
        "connection": {
          "connectionReferenceLogicalName": "ikam_sharedoffice365_87502"
        },
        "api": {
          "name": "shared_office365"
        }
      },
      "shared_office365users_1": {
        "runtimeSource": "embedded",
        "connection": {
          "connectionReferenceLogicalName": "ikam_sharedoffice365users_480ae"
        },
        "api": {
          "name": "shared_office365users"
        }
      }
    },
    "definition": {
      "$schema": "https://schema.management.azure.com/providers/Microsoft.Logic/schemas/2016-06-01/workflowdefinition.json#",
      "contentVersion": "1.0.0.0",
      "parameters": {
        "$connections": {
          "defaultValue": {},
          "type": "Object"
        },
        "$authentication": {
          "defaultValue": {},
          "type": "SecureObject"
        }
      },
      "triggers": {
        "When_a_row_is_added,_modified_or_deleted": {
          "metadata": {
            "operationMetadataId": "0c3d0bb7-7720-4d27-9e9f-de513fa9c147"
          },
          "type": "OpenApiConnectionWebhook",
          "inputs": {
            "host": {
              "connectionName": "shared_commondataserviceforapps",
              "operationId": "SubscribeWebhookTrigger",
              "apiId": "/providers/Microsoft.PowerApps/apis/shared_commondataserviceforapps"
            },
            "parameters": {
              "subscriptionRequest/message": 3,
              "subscriptionRequest/entityname": "ikam_assetrequest",
              "subscriptionRequest/scope": 4,
              "subscriptionRequest/filteringattributes": "ikam_requeststatus"
            },
            "authentication": "@parameters('$authentication')"
          },
          "conditions": [
            {
              "expression": "@equals(triggerOutputs()?['body/ikam_requeststatus'],989100005)"
            }
          ]
        }
      },
      "actions": {
        "Try": {
          "actions": {
            "Get_Email_DLs": {
              "runAfter": {
                "Get_Coworker_Name": [
                  "Succeeded"
                ]
              },
              "metadata": {
                "operationMetadataId": "cd65cccd-7f18-4732-b6d5-4f9217ed002e"
              },
              "type": "OpenApiConnection",
              "inputs": {
                "host": {
                  "connectionName": "shared_commondataserviceforapps",
                  "operationId": "ListRecords",
                  "apiId": "/providers/Microsoft.PowerApps/apis/shared_commondataserviceforapps"
                },
                "parameters": {
                  "entityName": "teams",
                  "$filter": "_ikam_location_value eq @{triggerOutputs()?['body/_ikam_location_value']} and (ikam_role eq 989100001 or ikam_role eq 989100003 or ikam_role eq 989100004 or ikam_role eq 989100005 or ikam_role eq 989100006)"
                },
                "authentication": "@parameters('$authentication')"
              }
            },
            "Switch": {
              "runAfter": {
                "Condition": [
                  "Succeeded"
                ]
              },
              "cases": {
                "Hire": {
                  "case": 989100000,
                  "actions": {
                    "Send_an_email_(V2)": {
                      "runAfter": {},
                      "metadata": {
                        "operationMetadataId": "08a799d9-a8e7-4f09-bfa1-9a63b1582f66"
                      },
                      "type": "OpenApiConnection",
                      "inputs": {
                        "host": {
                          "connectionName": "shared_office365_1",
                          "operationId": "SendEmailV2",
                          "apiId": "/providers/Microsoft.PowerApps/apis/shared_office365"
                        },
                        "parameters": {
                          "emailMessage/To": "@{body('Join')};@{outputs('Get_manager_(V2)')?['body/mail']}",
                          "emailMessage/Subject": "Hire | @{triggerOutputs()?['body/ikam_requestid']} | Request is Cancelled | @{triggerOutputs()?['body/_ikam_requeststatus_label']}_Asset Management",
                          "emailMessage/Body": "<p>Hello,<br>\n<br>\nPlease kindly note that @{outputs('Get_Coworker_Name')?['body/givenName']} @{outputs('Get_Coworker_Name')?['body/surname']}, Co-worker ID: @{triggerOutputs()?['body/ikam_searchid']} won't join us.<br>\nPlease cancel the onboarding preparation.<br>\n<br>\nBest regards,<br>\nPeople and Culture<br>\n</p>",
                          "emailMessage/Importance": "Normal"
                        },
                        "authentication": "@parameters('$authentication')"
                      }
                    }
                  }
                },
                "Termination": {
                  "case": 989100001,
                  "actions": {
                    "Send_an_email_(V2)_3": {
                      "runAfter": {},
                      "metadata": {
                        "operationMetadataId": "55b959fb-3261-4436-b7ca-fd452bf242c4"
                      },
                      "type": "OpenApiConnection",
                      "inputs": {
                        "host": {
                          "connectionName": "shared_office365_1",
                          "operationId": "SendEmailV2",
                          "apiId": "/providers/Microsoft.PowerApps/apis/shared_office365"
                        },
                        "parameters": {
                          "emailMessage/To": "@{body('Join')};@{outputs('Get_manager_(V2)')?['body/mail']}",
                          "emailMessage/Subject": "Termination | @{triggerOutputs()?['body/ikam_requestid']} | Request is Cancelled | @{triggerOutputs()?['body/_ikam_requeststatus_label']}_Asset Management",
                          "emailMessage/Body": "<p>Hello,<br>\n<br>\nPlease kindly note that @{outputs('Get_Coworker_Name')?['body/givenName']} @{outputs('Get_Coworker_Name')?['body/surname']}, Co-worker ID: @{triggerOutputs()?['body/ikam_searchid']} withdraw the resignation.<br>\n<br>\nBest regards,<br>\nPeople and Culture<br>\n</p>",
                          "emailMessage/Importance": "Normal"
                        },
                        "authentication": "@parameters('$authentication')"
                      }
                    }
                  }
                }
              },
              "default": {
                "actions": {}
              },
              "expression": "@triggerOutputs()?['body/ikam_requesttype']",
              "metadata": {
                "operationMetadataId": "6cb1c960-2560-4160-acaf-3db53c185cff"
              },
              "type": "Switch"
            },
            "Get_Employee_Email": {
              "runAfter": {},
              "metadata": {
                "operationMetadataId": "95eb22dc-a987-48bc-bd23-bc7e74b0c275"
              },
              "type": "OpenApiConnection",
              "inputs": {
                "host": {
                  "connectionName": "shared_commondataserviceforapps",
                  "operationId": "GetItem",
                  "apiId": "/providers/Microsoft.PowerApps/apis/shared_commondataserviceforapps"
                },
                "parameters": {
                  "entityName": "ikam_employees",
                  "recordId": "@triggerOutputs()?['body/_ikam_empid_value']",
                  "$select": "ikam_mail,ikam_name"
                },
                "authentication": "@parameters('$authentication')"
              }
            },
            "Apply_to_each": {
              "foreach": "@outputs('Get_Email_DLs')?['body/value']",
              "actions": {
                "Condition_2": {
                  "actions": {
                    "Append_to_array_variable": {
                      "runAfter": {},
                      "metadata": {
                        "operationMetadataId": "f489d9ad-beb2-422e-9a0e-0dcc0d891d95"
                      },
                      "type": "AppendToArrayVariable",
                      "inputs": {
                        "name": "varEmailDLs",
                        "value": "@items('Apply_to_each')?['emailaddress']"
                      }
                    }
                  },
                  "runAfter": {},
                  "expression": {
                    "not": {
                      "equals": [
                        "@items('Apply_to_each')?['emailaddress']",
                        "@null"
                      ]
                    }
                  },
                  "metadata": {
                    "operationMetadataId": "d74f556f-4daf-4810-8ba7-ef40580657b9"
                  },
                  "type": "If"
                }
              },
              "runAfter": {
                "Get_Email_DLs": [
                  "Succeeded"
                ]
              },
              "metadata": {
                "operationMetadataId": "9dfa4889-c024-4f7f-8480-b4de21ed9f64"
              },
              "type": "Foreach"
            },
            "Join": {
              "runAfter": {
                "Apply_to_each": [
                  "Succeeded"
                ]
              },
              "metadata": {
                "operationMetadataId": "d56c3360-a257-4f16-b0eb-8dd7128cc99f"
              },
              "type": "Join",
              "inputs": {
                "from": "@variables('varEmailDLs')",
                "joinWith": ";"
              }
            },
            "Condition": {
              "actions": {
                "Get_manager_(V2)": {
                  "runAfter": {},
                  "metadata": {
                    "operationMetadataId": "2aad3981-9cbd-4112-8c33-764efcaa57e7"
                  },
                  "type": "OpenApiConnection",
                  "inputs": {
                    "host": {
                      "connectionName": "shared_office365users_1",
                      "operationId": "Manager_V2",
                      "apiId": "/providers/Microsoft.PowerApps/apis/shared_office365users"
                    },
                    "parameters": {
                      "id": "@outputs('Get_Employee_Email')?['body/ikam_mail']",
                      "$select": "mail"
                    },
                    "authentication": "@parameters('$authentication')"
                  }
                }
              },
              "runAfter": {
                "Join": [
                  "Succeeded"
                ]
              },
              "expression": {
                "and": [
                  {
                    "not": {
                      "equals": [
                        "@workflow()?['tags']['environmentName']",
                        "1005435c-3088-48c8-b232-9658bf10cdeb"
                      ]
                    }
                  },
                  {
                    "not": {
                      "equals": [
                        "@workflow()?['tags']['environmentName']",
                        "352066b7-5b8e-48be-966d-92b8917d2ad2"
                      ]
                    }
                  },
                  {
                    "equals": [
                      "@workflow()?['tags']['environmentName']",
                      "b87dca39-5896-43e4-8065-9b0bf77e3714"
                    ]
                  }
                ]
              },
              "metadata": {
                "operationMetadataId": "b59cbb8e-27e4-4b34-868a-335595008d96"
              },
              "type": "If"
            },
            "Get_Coworker_Name": {
              "runAfter": {
                "Get_Employee_Email": [
                  "Succeeded"
                ]
              },
              "metadata": {
                "operationMetadataId": "48100e5d-45dd-4bb2-a807-9046028c3fb8"
              },
              "type": "OpenApiConnection",
              "inputs": {
                "host": {
                  "connectionName": "shared_office365users_1",
                  "operationId": "UserProfile_V2",
                  "apiId": "/providers/Microsoft.PowerApps/apis/shared_office365users"
                },
                "parameters": {
                  "id": "@outputs('Get_Employee_Email')?['body/ikam_mail']",
                  "$select": "givenname,surname"
                },
                "authentication": "@parameters('$authentication')"
              }
            }
          },
          "runAfter": {
            "Initialize_variable": [
              "Succeeded"
            ]
          },
          "metadata": {
            "operationMetadataId": "c67f19b6-ba8a-4adb-b38d-35f12acd0cf2"
          },
          "type": "Scope"
        },
        "Catch": {
          "actions": {
            "Filter_array": {
              "runAfter": {},
              "metadata": {
                "operationMetadataId": "9ccda4ca-c802-4c52-8d19-2457994debf6"
              },
              "type": "Query",
              "inputs": {
                "from": "@result('Try')",
                "where": "@or(equals(item()?['status'], 'Failed'), equals(item()?['status'], 'TimedOut'))"
              }
            },
            "Send_an_email_(V2)_2": {
              "runAfter": {
                "Compose_3": [
                  "Succeeded"
                ]
              },
              "metadata": {
                "operationMetadataId": "230eaf17-630b-4744-bea2-af319e9ab1f1"
              },
              "type": "OpenApiConnection",
              "inputs": {
                "host": {
                  "connectionName": "shared_office365_1",
                  "operationId": "SendEmailV2",
                  "apiId": "/providers/Microsoft.PowerApps/apis/shared_office365"
                },
                "parameters": {
                  "emailMessage/To": "l-iarobot-u-iosseelm@inter.ikea.com",
                  "emailMessage/Subject": "@{workflow()?['tags/flowDisplayName']}  failed",
                  "emailMessage/Body": "<p>Hi,<br>\n<br>\nThis flow is failed due to below error.<br>\n@{outputs('Compose_3')}<br>\n<br>\n<br>\nAdmin<br>\n</p>",
                  "emailMessage/Importance": "Normal"
                },
                "authentication": "@parameters('$authentication')"
              }
            },
            "Create_HTML_table_2": {
              "runAfter": {
                "Filter_array": [
                  "Succeeded"
                ]
              },
              "metadata": {
                "operationMetadataId": "e3acde1e-89dd-4437-8bc7-235ae4f8152f"
              },
              "type": "Table",
              "inputs": {
                "from": "@body('Filter_array')",
                "format": "HTML",
                "columns": [
                  {
                    "header": "Action",
                    "value": "@item()?['name']"
                  },
                  {
                    "header": "Status",
                    "value": "@item()?['Status']"
                  },
                  {
                    "header": "ErrorMessage",
                    "value": "@item()?['error']?['message']"
                  }
                ]
              }
            },
            "Compose_3": {
              "runAfter": {
                "Create_HTML_table_2": [
                  "Succeeded"
                ]
              },
              "metadata": {
                "operationMetadataId": "73ed7ab9-58e9-4892-9dc2-0de2b1c02d66"
              },
              "type": "Compose",
              "inputs": "<style>\ntable {\n  border: 1px solid #1C6EA4;\n  background-color: #EEEEEE;\n  width: 100%;\n  text-align: left;\n  border-collapse: collapse;\n}\ntable td, table th {\n  border: 1px solid #AAAAAA;\n  padding: 3px 2px;\n}\ntable tbody td {\n  font-size: 13px;\n}\ntable thead {\n  background: #1C6EA4;\n  border-bottom: 2px solid #444444;\n}\ntable thead th {\n  font-size: 15px;\n  font-weight: bold;\n  color: #FFFFFF;\n  border-left: 2px solid #D0E4F5;\n}\ntable thead th:first-child {\n  border-left: none;\n}\n</style>\n@{body('Create_HTML_table_2')}"
            },
            "Terminate": {
              "runAfter": {
                "Send_an_email_(V2)_2": [
                  "Succeeded"
                ]
              },
              "metadata": {
                "operationMetadataId": "79c62a27-7028-43aa-8a88-9fc49d940bfd"
              },
              "type": "Terminate",
              "inputs": {
                "runStatus": "Failed"
              }
            }
          },
          "runAfter": {
            "Try": [
              "TimedOut",
              "Failed"
            ]
          },
          "metadata": {
            "operationMetadataId": "c4037b97-8dae-49e7-be20-02f395f8eb21"
          },
          "type": "Scope"
        },
        "Initialize_variable": {
          "runAfter": {},
          "metadata": {
            "operationMetadataId": "c26bd8fb-39eb-412d-94d0-fcf9e2e965d0"
          },
          "type": "InitializeVariable",
          "inputs": {
            "variables": [
              {
                "name": "varEmailDLs",
                "type": "array"
              }
            ]
          }
        }
      }
    },
    "templateName": ""
  },
  "schemaVersion": "1.0.0.0"
}