{
  "properties": {
    "connectionReferences": {
      "shared_commondataserviceforapps": {
        "runtimeSource": "embedded",
        "connection": {
          "connectionReferenceLogicalName": "ikam_DataverseSAConnRef"
        },
        "api": {
          "name": "shared_commondataserviceforapps"
        }
      },
      "shared_office365_1": {
        "runtimeSource": "embedded",
        "connection": {
          "connectionReferenceLogicalName": "ikam_sharedoffice365_87502"
        },
        "api": {
          "name": "shared_office365"
        }
      },
      "shared_office365users_1": {
        "runtimeSource": "embedded",
        "connection": {
          "connectionReferenceLogicalName": "ikam_sharedoffice365users_480ae"
        },
        "api": {
          "name": "shared_office365users"
        }
      }
    },
    "definition": {
      "$schema": "https://schema.management.azure.com/providers/Microsoft.Logic/schemas/2016-06-01/workflowdefinition.json#",
      "contentVersion": "1.0.0.0",
      "parameters": {
        "$connections": {
          "defaultValue": {},
          "type": "Object"
        },
        "$authentication": {
          "defaultValue": {},
          "type": "SecureObject"
        }
      },
      "triggers": {
        "When_a_row_is_added,_modified_or_deleted": {
          "metadata": {
            "operationMetadataId": "08099e0d-d70b-49a6-a69e-087caa25c21d"
          },
          "type": "OpenApiConnectionWebhook",
          "inputs": {
            "host": {
              "connectionName": "shared_commondataserviceforapps",
              "operationId": "SubscribeWebhookTrigger",
              "apiId": "/providers/Microsoft.PowerApps/apis/shared_commondataserviceforapps"
            },
            "parameters": {
              "subscriptionRequest/message": 3,
              "subscriptionRequest/entityname": "ikam_assetrequest",
              "subscriptionRequest/scope": 4,
              "subscriptionRequest/filteringattributes": "ikam_requeststatus"
            },
            "authentication": "@parameters('$authentication')"
          },
          "conditions": [
            {
              "expression": "@equals(triggerOutputs()?['body/ikam_requeststatus'],989100004)"
            }
          ]
        }
      },
      "actions": {
        "Try": {
          "actions": {
            "List_Assets_rows": {
              "runAfter": {},
              "metadata": {
                "operationMetadataId": "b0495d7b-ccc1-49a4-97f7-8bf3f06c7d49"
              },
              "type": "OpenApiConnection",
              "inputs": {
                "host": {
                  "connectionName": "shared_commondataserviceforapps",
                  "operationId": "ListRecords",
                  "apiId": "/providers/Microsoft.PowerApps/apis/shared_commondataserviceforapps"
                },
                "parameters": {
                  "entityName": "ikam_assetlineitemses",
                  "$filter": "_ikam_assetrequest_value eq @{triggerOutputs()?['body/ikam_assetrequestid']} and statuscode ne 989100007"
                },
                "authentication": "@parameters('$authentication')"
              }
            },
            "Create_HTML_table": {
              "runAfter": {
                "Filter_array_2": [
                  "Succeeded"
                ]
              },
              "metadata": {
                "operationMetadataId": "642f20dd-0bd1-4769-8579-aec7017164b9"
              },
              "type": "Table",
              "inputs": {
                "from": "@body('Filter_array_2')",
                "format": "HTML",
                "columns": [
                  {
                    "header": "Asset ID",
                    "value": "@item()?['AssetId']"
                  },
                  {
                    "header": "Serial number",
                    "value": "@item()?['SeriolNo']"
                  },
                  {
                    "header": "Asset Code",
                    "value": "@item()?['AssetCode']"
                  },
                  {
                    "header": "Model",
                    "value": "@item()?['Model']"
                  },
                  {
                    "header": "Asset Category",
                    "value": "@item()?['Category']"
                  }
                ]
              }
            },
            "Get_IT_Team_Email": {
              "runAfter": {
                "Get_Employee_Email": [
                  "Succeeded"
                ]
              },
              "metadata": {
                "operationMetadataId": "cd65cccd-7f18-4732-b6d5-4f9217ed002e"
              },
              "type": "OpenApiConnection",
              "inputs": {
                "host": {
                  "connectionName": "shared_commondataserviceforapps",
                  "operationId": "ListRecords",
                  "apiId": "/providers/Microsoft.PowerApps/apis/shared_commondataserviceforapps"
                },
                "parameters": {
                  "entityName": "teams",
                  "$filter": "_ikam_location_value eq @{triggerOutputs()?['body/_ikam_location_value']} and ikam_role eq 989100001",
                  "$top": 1
                },
                "authentication": "@parameters('$authentication')"
              }
            },
            "Filter_array_2": {
              "runAfter": {
                "ComposeTableCss": [
                  "Succeeded"
                ]
              },
              "metadata": {
                "operationMetadataId": "28ead7c8-a02e-4ae2-9c8f-fd7323a7aa4e"
              },
              "type": "Query",
              "inputs": {
                "from": "@variables('varAssetInfo')",
                "where": "@equals(item()?['StatusReason'], if(equals(triggerOutputs()?['body/ikam_requesttype'], 989100000), 2, 989100006))"
              }
            },
            "Apply_to_each_2": {
              "foreach": "@outputs('List_Assets_rows')?['body/value']",
              "actions": {
                "Condition": {
                  "actions": {
                    "Select_3": {
                      "runAfter": {
                        "List_rows": [
                          "Succeeded"
                        ]
                      },
                      "metadata": {
                        "operationMetadataId": "90a1f6e8-17b1-494b-aafb-93e70a16af71"
                      },
                      "type": "Select",
                      "inputs": {
                        "from": [
                          "@body('List_rows')"
                        ],
                        "select": {
                          "Category": "@{item()?['_ikam_assettype_value@OData.Community.Display.V1.FormattedValue']}-@{if(greater(length(item()?['ikam_description']),10),concat(substring(item()?['ikam_description'],0,10),'...'),item()?['ikam_description'])}",
                          "StatusReason": "@items('Apply_to_each_2')?['statuscode']",
                          "AssetId": "@item()?['ikam_name']",
                          "SeriolNo": "@item()?['ikam_serialno']",
                          "Model": "@item()?['ikam_modelnumber']",
                          "AssetCode": "@item()?['ikam_assetcode']",
                          "Reason": "@item()?['ikam_reason']",
                          "ReasonText": "@item()?['ikam_reason@OData.Community.Display.V1.FormattedValue']"
                        }
                      }
                    },
                    "Append_to_array_variable": {
                      "runAfter": {
                        "Compose": [
                          "Succeeded"
                        ]
                      },
                      "metadata": {
                        "operationMetadataId": "cbe706a4-ba46-4e77-bd67-3db71320b5fb"
                      },
                      "type": "AppendToArrayVariable",
                      "inputs": {
                        "name": "varAssetInfo",
                        "value": "@outputs('Compose')"
                      }
                    },
                    "Compose": {
                      "runAfter": {
                        "Select_3": [
                          "Succeeded"
                        ]
                      },
                      "metadata": {
                        "operationMetadataId": "1159362a-7472-4c4c-95eb-4c2e68607bdf"
                      },
                      "type": "Compose",
                      "inputs": "@json(replace(replace(replace(string(outputs('Select_3')),']},{\"body\":[',','),'{\"body\":[',''),'}]}]','}]'))"
                    },
                    "List_rows": {
                      "runAfter": {},
                      "metadata": {
                        "operationMetadataId": "04c0ac46-f129-4b42-b00d-86e1c789cbcf"
                      },
                      "type": "OpenApiConnection",
                      "inputs": {
                        "host": {
                          "connectionName": "shared_commondataserviceforapps",
                          "operationId": "GetItem",
                          "apiId": "/providers/Microsoft.PowerApps/apis/shared_commondataserviceforapps"
                        },
                        "parameters": {
                          "entityName": "ikam_assetinventories",
                          "recordId": "@items('Apply_to_each_2')?['_ikam_assetinventory_value']"
                        },
                        "authentication": "@parameters('$authentication')"
                      }
                    }
                  },
                  "runAfter": {},
                  "else": {
                    "actions": {
                      "Append_to_array_variable_2": {
                        "runAfter": {
                          "Compose_2": [
                            "Succeeded"
                          ]
                        },
                        "metadata": {
                          "operationMetadataId": "33df3e84-2a9b-4a81-9885-25ca90c68e97"
                        },
                        "type": "AppendToArrayVariable",
                        "inputs": {
                          "name": "varAssetInfo",
                          "value": "@outputs('Compose_2')"
                        }
                      },
                      "Select_2": {
                        "runAfter": {
                          "List_rows_2": [
                            "Succeeded"
                          ]
                        },
                        "metadata": {
                          "operationMetadataId": "90a1f6e8-17b1-494b-aafb-93e70a16af71"
                        },
                        "type": "Select",
                        "inputs": {
                          "from": [
                            "@body('List_rows_2')"
                          ],
                          "select": {
                            "Category": "@item()?['_ikam_assettype_value@OData.Community.Display.V1.FormattedValue']",
                            "StatusReason": "@items('Apply_to_each_2')?['statuscode']",
                            "AssetId": "@item()?['ikam_name']",
                            "SeriolNo": "@item()?['ikam_serialno']",
                            "Model": "@item()?['ikam_modelnumber']",
                            "AssetCode": "@item()?['ikam_assetcode']",
                            "Reason": "@item()?['ikam_reason']",
                            "ReasonText": "@item()?['ikam_reason@OData.Community.Display.V1.FormattedValue']"
                          }
                        }
                      },
                      "Compose_2": {
                        "runAfter": {
                          "Select_2": [
                            "Succeeded"
                          ]
                        },
                        "metadata": {
                          "operationMetadataId": "1d79e526-7b29-4dc5-9dfb-7d5da16d3524"
                        },
                        "type": "Compose",
                        "inputs": "@json(replace(replace(replace(string(outputs('Select_2')),']},{\"body\":[',','),'{\"body\":[',''),'}]}]','}]'))"
                      },
                      "List_rows_2": {
                        "runAfter": {},
                        "metadata": {
                          "operationMetadataId": "a16748dc-00d0-4ca3-ad81-2f8ecf09252a"
                        },
                        "type": "OpenApiConnection",
                        "inputs": {
                          "host": {
                            "connectionName": "shared_commondataserviceforapps",
                            "operationId": "GetItem",
                            "apiId": "/providers/Microsoft.PowerApps/apis/shared_commondataserviceforapps"
                          },
                          "parameters": {
                            "entityName": "ikam_assetinventories",
                            "recordId": "@items('Apply_to_each_2')?['_ikam_assetinventory_value']"
                          },
                          "authentication": "@parameters('$authentication')"
                        }
                      }
                    }
                  },
                  "expression": {
                    "equals": [
                      "@items('Apply_to_each_2')?['_ikam_assettype_value@OData.Community.Display.V1.FormattedValue']",
                      "Other"
                    ]
                  },
                  "metadata": {
                    "operationMetadataId": "f0e68301-2b79-460d-97d3-5288e6110208"
                  },
                  "type": "If"
                }
              },
              "runAfter": {
                "List_Assets_rows": [
                  "Succeeded"
                ]
              },
              "metadata": {
                "operationMetadataId": "048c0c66-b0d4-41a1-9262-9b3852a235e5"
              },
              "type": "Foreach"
            },
            "Switch": {
              "runAfter": {
                "Condition_2": [
                  "Succeeded"
                ]
              },
              "cases": {
                "Hire": {
                  "case": 989100000,
                  "actions": {
                    "Send_an_email_(V2)": {
                      "runAfter": {},
                      "metadata": {
                        "operationMetadataId": "e739a7bb-0ba6-4093-b27b-00c24362b3d7"
                      },
                      "type": "OpenApiConnection",
                      "inputs": {
                        "host": {
                          "connectionName": "shared_office365_1",
                          "operationId": "SendEmailV2",
                          "apiId": "/providers/Microsoft.PowerApps/apis/shared_office365"
                        },
                        "parameters": {
                          "emailMessage/To": "@{outputs('Get_Employee_Email')?['body/ikam_mail']};@{first(outputs('Get_PnC_Team_Email')?['body/value'])?['emailaddress']};@{outputs('Get_manager_(V2)_2')?['body/mail']}",
                          "emailMessage/Subject": "Hire | @{triggerOutputs()?['body/ikam_requestid']} | Request Completed | @{triggerOutputs()?['body/_ikam_requeststatus_label']}_Asset Management",
                          "emailMessage/Body": "<p>Hello,<br>\n<br>\nThis request @{triggerOutputs()?['body/ikam_requestid']} has been completed on @{formatDateTime(triggerOutputs()?['body/ModifiedOn'],'yyyy-M-dd')} Co-worker ID: @{outputs('Get_Employee_Email')?['body/ikam_name']} has assigned assets.<br>\n<br>\n@{if(greater(length(body('Filter_array_2')),0),body('Create_HTML_table'),'')}@{outputs('ComposeTableCss')}<br>\n<br>\n<br>\n<br>\nBest regards,<br>\nAsset Management System<br>\n</p>",
                          "emailMessage/Importance": "Normal"
                        },
                        "authentication": "@parameters('$authentication')"
                      }
                    }
                  }
                },
                "Termination": {
                  "case": 989100001,
                  "actions": {
                    "Filter_array_3": {
                      "runAfter": {},
                      "metadata": {
                        "operationMetadataId": "69327b20-98a3-4a8b-81b4-8c8e8f5312d3"
                      },
                      "type": "Query",
                      "inputs": {
                        "from": "@variables('varAssetInfo')",
                        "where": "@equals(item()?['StatusReason'], 989100004)"
                      }
                    },
                    "Send_an_email_(V2)_3": {
                      "runAfter": {
                        "Create_HTML_table_3": [
                          "Succeeded"
                        ]
                      },
                      "metadata": {
                        "operationMetadataId": "af0ed895-b421-4ad8-8747-908bd1105649"
                      },
                      "type": "OpenApiConnection",
                      "inputs": {
                        "host": {
                          "connectionName": "shared_office365_1",
                          "operationId": "SendEmailV2",
                          "apiId": "/providers/Microsoft.PowerApps/apis/shared_office365"
                        },
                        "parameters": {
                          "emailMessage/To": "@{outputs('Get_Employee_Email')?['body/ikam_mail']};@{outputs('Get_manager_(V2)_2')?['body/mail']};",
                          "emailMessage/Subject": "Termination | @{triggerOutputs()?['body/ikam_requestid']} | Request Completed | @{triggerOutputs()?['body/_ikam_requeststatus_label']}_Asset Management",
                          "emailMessage/Body": "<p>Hello,<br>\n<br>\nThis request @{triggerOutputs()?['body/ikam_requestid']} has been completed on @{formatDateTime(triggerOutputs()?['body/ModifiedOn'],'yyyy-M-dd')} Co-worker ID: @{outputs('Get_Employee_Email')?['body/ikam_name']} has returned assets.<br>\n<br>\n@{if(greater(length(body('Filter_array_2')),0),body('Create_HTML_table'),'')}<br>\n@{outputs('ComposeTableCss')}<br>\n<br>\n@{if(greater(length(outputs('Filter_array_3')?['body']),0),'Please note that these assets are not returned:','')}<br>\n@{if(greater(length(outputs('Filter_array_3')?['body']),0),body('create_HTML_table_3'),'')}<br>\n<br>\nBest regards,<br>\nPeople and Culture<br>\n</p>",
                          "emailMessage/Importance": "Normal"
                        },
                        "authentication": "@parameters('$authentication')"
                      }
                    },
                    "Create_HTML_table_3": {
                      "runAfter": {
                        "Filter_array_3": [
                          "Succeeded"
                        ]
                      },
                      "metadata": {
                        "operationMetadataId": "261312be-253e-4cc0-91ef-b09759d4979b"
                      },
                      "type": "Table",
                      "inputs": {
                        "from": "@body('Filter_array_3')",
                        "format": "HTML",
                        "columns": [
                          {
                            "header": "Asset ID",
                            "value": "@item()?['AssetId']"
                          },
                          {
                            "header": "Serial number",
                            "value": "@item()?['SeriolNo']"
                          },
                          {
                            "header": "Asset Code",
                            "value": "@item()?['AssetCode']"
                          },
                          {
                            "header": "Model",
                            "value": "@item()?['Model']"
                          },
                          {
                            "header": "Asset Category\n",
                            "value": "@item()?['Category']"
                          },
                          {
                            "header": "Reason",
                            "value": "@item()?['ReasonText']"
                          }
                        ]
                      }
                    }
                  }
                }
              },
              "default": {
                "actions": {}
              },
              "expression": "@triggerOutputs()?['body/ikam_requesttype']",
              "metadata": {
                "operationMetadataId": "add79211-1f44-4ac5-8e21-67dce34337d5"
              },
              "type": "Switch"
            },
            "Compose_4": {
              "runAfter": {
                "Apply_to_each_2": [
                  "Succeeded"
                ]
              },
              "metadata": {
                "operationMetadataId": "232026e9-7001-4424-8b0d-d62456d993ea"
              },
              "type": "Compose",
              "inputs": "@variables('varAssetInfo')"
            },
            "Get_Employee_Email": {
              "runAfter": {
                "Create_HTML_table": [
                  "Succeeded"
                ]
              },
              "metadata": {
                "operationMetadataId": "fc4ef336-70ce-4197-aeeb-b7cf80ccd378"
              },
              "type": "OpenApiConnection",
              "inputs": {
                "host": {
                  "connectionName": "shared_commondataserviceforapps",
                  "operationId": "GetItem",
                  "apiId": "/providers/Microsoft.PowerApps/apis/shared_commondataserviceforapps"
                },
                "parameters": {
                  "entityName": "ikam_employees",
                  "recordId": "@triggerOutputs()?['body/_ikam_empid_value']",
                  "$select": "ikam_mail,ikam_name"
                },
                "authentication": "@parameters('$authentication')"
              }
            },
            "ComposeTableCss": {
              "runAfter": {
                "Compose_4": [
                  "Succeeded"
                ]
              },
              "metadata": {
                "operationMetadataId": "fe6b3964-7368-4f79-a272-75bc6b24f539"
              },
              "type": "Compose",
              "inputs": "<style>\nTable {\n  font-family: Arial, Helvetica, sans-serif;\n  background-color: #EEEEEE;\n  border-collapse: collapse;\n  width: 100%;\n}\n\nTable td, Table th {\n  border: 1px solid #ddd;\n  padding: 3px 3px;\n}\n\nTable th {\n  font-size: 15px;\n  font-weight: bold;\n  padding-top: 12px;\n  padding-bottom: 12px;\n  text-align: center;\n  background-color: #1C6EA4;\n  color: white;\n}\n</style>"
            },
            "Condition_2": {
              "actions": {
                "Get_manager_(V2)_2": {
                  "runAfter": {},
                  "metadata": {
                    "operationMetadataId": "2aad3981-9cbd-4112-8c33-764efcaa57e7"
                  },
                  "type": "OpenApiConnection",
                  "inputs": {
                    "host": {
                      "connectionName": "shared_office365users_1",
                      "operationId": "Manager_V2",
                      "apiId": "/providers/Microsoft.PowerApps/apis/shared_office365users"
                    },
                    "parameters": {
                      "id": "@outputs('Get_Employee_Email')?['body/ikam_mail']",
                      "$select": "mail"
                    },
                    "authentication": "@parameters('$authentication')"
                  }
                }
              },
              "runAfter": {
                "Get_PnC_Team_Email": [
                  "Succeeded"
                ]
              },
              "expression": {
                "and": [
                  {
                    "not": {
                      "equals": [
                        "@workflow()?['tags']['environmentName']",
                        "1005435c-3088-48c8-b232-9658bf10cdeb"
                      ]
                    }
                  },
                  {
                    "not": {
                      "equals": [
                        "@workflow()?['tags']['environmentName']",
                        "352066b7-5b8e-48be-966d-92b8917d2ad2"
                      ]
                    }
                  },
                  {
                    "equals": [
                      "@workflow()?['tags']['environmentName']",
                      "b87dca39-5896-43e4-8065-9b0bf77e3714"
                    ]
                  }
                ]
              },
              "metadata": {
                "operationMetadataId": "02157d1f-baa0-404a-9c64-cfa5a0279aec"
              },
              "type": "If"
            },
            "Get_PnC_Team_Email": {
              "runAfter": {
                "Get_IT_Team_Email": [
                  "Succeeded"
                ]
              },
              "metadata": {
                "operationMetadataId": "cd65cccd-7f18-4732-b6d5-4f9217ed002e"
              },
              "type": "OpenApiConnection",
              "inputs": {
                "host": {
                  "connectionName": "shared_commondataserviceforapps",
                  "operationId": "ListRecords",
                  "apiId": "/providers/Microsoft.PowerApps/apis/shared_commondataserviceforapps"
                },
                "parameters": {
                  "entityName": "teams",
                  "$filter": "_ikam_location_value eq @{triggerOutputs()?['body/_ikam_location_value']} and ikam_role eq 989100000"
                },
                "authentication": "@parameters('$authentication')"
              }
            }
          },
          "runAfter": {
            "Initialize_variable": [
              "Succeeded"
            ]
          },
          "metadata": {
            "operationMetadataId": "9630ea6a-4b10-4e50-8e6a-546d68c4ae33"
          },
          "type": "Scope"
        },
        "Catch": {
          "actions": {
            "Filter_array": {
              "runAfter": {},
              "metadata": {
                "operationMetadataId": "609495ee-080a-4492-a0fb-46cad40f4ea4"
              },
              "type": "Query",
              "inputs": {
                "from": "@result('Try')",
                "where": "@or(equals(item()?['status'], 'Failed'), equals(item()?['status'], 'TimedOut'))"
              }
            },
            "Send_an_email_(V2)_2": {
              "runAfter": {
                "Compose_3": [
                  "Succeeded"
                ]
              },
              "metadata": {
                "operationMetadataId": "230eaf17-630b-4744-bea2-af319e9ab1f1"
              },
              "type": "OpenApiConnection",
              "inputs": {
                "host": {
                  "connectionName": "shared_office365_1",
                  "operationId": "SendEmailV2",
                  "apiId": "/providers/Microsoft.PowerApps/apis/shared_office365"
                },
                "parameters": {
                  "emailMessage/To": "l-iarobot-u-iosseelm@inter.ikea.com",
                  "emailMessage/Subject": "@{workflow()?['tags/flowDisplayName']}  failed",
                  "emailMessage/Body": "<p>Hi,<br>\n<br>\nThis flow is failed due to below error.<br>\n@{outputs('Compose_3')}<br>\n<br>\n<br>\nAdmin<br>\n</p>",
                  "emailMessage/Importance": "Normal"
                },
                "authentication": "@parameters('$authentication')"
              }
            },
            "Create_HTML_table_2": {
              "runAfter": {
                "Filter_array": [
                  "Succeeded"
                ]
              },
              "metadata": {
                "operationMetadataId": "9dc2ad69-ec6f-48cc-97eb-da83a98a3021"
              },
              "type": "Table",
              "inputs": {
                "from": "@body('Filter_array')",
                "format": "HTML",
                "columns": [
                  {
                    "header": "Action",
                    "value": "@item()?['name']"
                  },
                  {
                    "header": "Status",
                    "value": "@item()?['Status']"
                  },
                  {
                    "header": "ErrorMessage",
                    "value": "@item()?['error']?['message']"
                  }
                ]
              }
            },
            "Compose_3": {
              "runAfter": {
                "Create_HTML_table_2": [
                  "Succeeded"
                ]
              },
              "metadata": {
                "operationMetadataId": "2b5038ba-f1e3-4b07-8f37-1f92bdafbde0"
              },
              "type": "Compose",
              "inputs": "<style>\ntable {\n  border: 1px solid #1C6EA4;\n  background-color: #EEEEEE;\n  width: 100%;\n  text-align: left;\n  border-collapse: collapse;\n}\ntable td, table th {\n  border: 1px solid #AAAAAA;\n  padding: 3px 2px;\n}\ntable tbody td {\n  font-size: 13px;\n}\ntable thead {\n  background: #1C6EA4;\n  border-bottom: 2px solid #444444;\n}\ntable thead th {\n  font-size: 15px;\n  font-weight: bold;\n  color: #FFFFFF;\n  border-left: 2px solid #D0E4F5;\n}\ntable thead th:first-child {\n  border-left: none;\n}\n</style>\n@{body('Create_HTML_table_2')}"
            },
            "Terminate": {
              "runAfter": {
                "Send_an_email_(V2)_2": [
                  "Succeeded"
                ]
              },
              "metadata": {
                "operationMetadataId": "3726e804-b1f8-4d27-acbd-f7fba7da8ac5"
              },
              "type": "Terminate",
              "inputs": {
                "runStatus": "Failed"
              }
            }
          },
          "runAfter": {
            "Try": [
              "Failed",
              "TimedOut"
            ]
          },
          "metadata": {
            "operationMetadataId": "c4037b97-8dae-49e7-be20-02f395f8eb21"
          },
          "type": "Scope"
        },
        "Initialize_variable": {
          "runAfter": {},
          "metadata": {
            "operationMetadataId": "4c44cb3d-912f-42f6-b1cf-aca78b8ea313"
          },
          "type": "InitializeVariable",
          "inputs": {
            "variables": [
              {
                "name": "varAssetInfo",
                "type": "array"
              }
            ]
          }
        }
      }
    },
    "templateName": ""
  },
  "schemaVersion": "1.0.0.0"
}