{
  "properties": {
    "connectionReferences": {
      "shared_commondataserviceforapps": {
        "runtimeSource": "embedded",
        "connection": {
          "connectionReferenceLogicalName": "ikam_DataverseSAConnRef"
        },
        "api": {
          "name": "shared_commondataserviceforapps"
        }
      },
      "shared_office365_1": {
        "runtimeSource": "embedded",
        "connection": {
          "connectionReferenceLogicalName": "ikam_sharedoffice365_87502"
        },
        "api": {
          "name": "shared_office365"
        }
      },
      "shared_commondataserviceforapps_1": {
        "runtimeSource": "embedded",
        "connection": {
          "connectionReferenceLogicalName": "ikam_DataverseSAConnRef"
        },
        "api": {
          "name": "shared_commondataserviceforapps"
        }
      },
      "shared_office365users_1": {
        "runtimeSource": "embedded",
        "connection": {
          "connectionReferenceLogicalName": "ikam_sharedoffice365users_480ae"
        },
        "api": {
          "name": "shared_office365users"
        }
      }
    },
    "definition": {
      "$schema": "https://schema.management.azure.com/providers/Microsoft.Logic/schemas/2016-06-01/workflowdefinition.json#",
      "contentVersion": "1.0.0.0",
      "parameters": {
        "$connections": {
          "defaultValue": {},
          "type": "Object"
        },
        "$authentication": {
          "defaultValue": {},
          "type": "SecureObject"
        }
      },
      "triggers": {
        "When_a_row_is_added,_modified_or_deleted": {
          "metadata": {
            "operationMetadataId": "ce369111-792d-4aca-9041-d4520c7fe557"
          },
          "type": "OpenApiConnectionWebhook",
          "inputs": {
            "host": {
              "connectionName": "shared_commondataserviceforapps",
              "operationId": "SubscribeWebhookTrigger",
              "apiId": "/providers/Microsoft.PowerApps/apis/shared_commondataserviceforapps"
            },
            "parameters": {
              "subscriptionRequest/message": 3,
              "subscriptionRequest/entityname": "ikam_assetrequest",
              "subscriptionRequest/scope": 4,
              "subscriptionRequest/filteringattributes": "ikam_effectivedate"
            },
            "authentication": "@parameters('$authentication')"
          },
          "conditions": [
            {
              "expression": "@or(equals(triggerOutputs()?['body/ikam_requesttype'],989100000),equals(triggerOutputs()?['body/ikam_requesttype'],989100001))"
            }
          ]
        }
      },
      "actions": {
        "Initialize_variable": {
          "runAfter": {},
          "metadata": {
            "operationMetadataId": "e9017f7a-cc00-4cad-a505-8ac963e41bcf"
          },
          "type": "InitializeVariable",
          "inputs": {
            "variables": [
              {
                "name": "varEmailDLs",
                "type": "array"
              }
            ]
          }
        },
        "Try": {
          "actions": {
            "List_Assets_rows": {
              "runAfter": {},
              "metadata": {
                "operationMetadataId": "b0495d7b-ccc1-49a4-97f7-8bf3f06c7d49"
              },
              "type": "OpenApiConnection",
              "inputs": {
                "host": {
                  "connectionName": "shared_commondataserviceforapps",
                  "operationId": "ListRecords",
                  "apiId": "/providers/Microsoft.PowerApps/apis/shared_commondataserviceforapps"
                },
                "parameters": {
                  "entityName": "ikam_assetlineitemses",
                  "$filter": "_ikam_assetrequest_value eq @{triggerOutputs()?['body/ikam_assetrequestid']}"
                },
                "authentication": "@parameters('$authentication')"
              }
            },
            "Create_HTML_table": {
              "runAfter": {
                "ComposeTableCss": [
                  "Succeeded"
                ]
              },
              "metadata": {
                "operationMetadataId": "642f20dd-0bd1-4769-8579-aec7017164b9"
              },
              "type": "Table",
              "inputs": {
                "from": "@body('Select')",
                "format": "HTML",
                "columns": [
                  {
                    "header": "Asset Category",
                    "value": "@{item()?['Category']}@{if(equals(item()?['Category'],'Other'),concat('-',triggerOutputs()?['body/ikam_defineasset']),'')}"
                  }
                ]
              }
            },
            "Get_Email_DLs": {
              "runAfter": {
                "Get_Coworker_Name": [
                  "Succeeded"
                ]
              },
              "metadata": {
                "operationMetadataId": "cd65cccd-7f18-4732-b6d5-4f9217ed002e"
              },
              "type": "OpenApiConnection",
              "inputs": {
                "host": {
                  "connectionName": "shared_commondataserviceforapps",
                  "operationId": "ListRecords",
                  "apiId": "/providers/Microsoft.PowerApps/apis/shared_commondataserviceforapps"
                },
                "parameters": {
                  "entityName": "teams",
                  "$filter": "_ikam_location_value eq @{triggerOutputs()?['body/_ikam_location_value']} and (ikam_role eq 989100001 or ikam_role eq 989100003 or ikam_role eq 989100004 or ikam_role eq 989100005  or ikam_role eq 989100006)"
                },
                "authentication": "@parameters('$authentication')"
              }
            },
            "Select": {
              "runAfter": {
                "List_Assets_rows": [
                  "Succeeded"
                ]
              },
              "metadata": {
                "operationMetadataId": "5212e5e3-a779-4f5f-9da4-2ae09564fec4"
              },
              "type": "Select",
              "inputs": {
                "from": "@outputs('List_Assets_rows')?['body/value']",
                "select": {
                  "Category": "@item()?['_ikam_assettype_value@OData.Community.Display.V1.FormattedValue']"
                }
              }
            },
            "Switch": {
              "runAfter": {
                "Condition": [
                  "Succeeded"
                ]
              },
              "cases": {
                "Hire": {
                  "case": 989100000,
                  "actions": {
                    "Send_an_email_(V2)": {
                      "runAfter": {},
                      "metadata": {
                        "operationMetadataId": "08a799d9-a8e7-4f09-bfa1-9a63b1582f66"
                      },
                      "type": "OpenApiConnection",
                      "inputs": {
                        "host": {
                          "connectionName": "shared_office365_1",
                          "operationId": "SendEmailV2",
                          "apiId": "/providers/Microsoft.PowerApps/apis/shared_office365"
                        },
                        "parameters": {
                          "emailMessage/To": "@{body('Join')};@{outputs('Get_manager_(V2)')?['body/mail']}",
                          "emailMessage/Subject": "Hire | @{triggerOutputs()?['body/ikam_requestid']} | Start Date Updated | @{triggerOutputs()?['body/_ikam_requeststatus_label']}_Asset Management",
                          "emailMessage/Body": "<p>Hello,<br>\n<br>\nPlease kindly note that @{outputs('Get_Coworker_Name')?['body/givenName']} @{outputs('Get_Coworker_Name')?['body/surname']}, Co-worker ID: @{triggerOutputs()?['body/ikam_searchid']} onboarding date changed to @{formatDateTime(triggerOutputs()?['body/ikam_effectivedate'],'yyyy-M-d')}. Please help to support the on-boarding procedure.<br>\n<br>\nCo-worker need to be assigned assets:<br>\n@{body('Create_HTML_table')}@{outputs('ComposeTableCss')}<br>\n<br>\n+Action for on-boarding to be followed.<br>\n<br>\n<br>\nBest regards,<br>\nPeople and Culture</p>",
                          "emailMessage/Importance": "Normal"
                        },
                        "authentication": "@parameters('$authentication')"
                      }
                    }
                  }
                },
                "Termination": {
                  "case": 989100001,
                  "actions": {
                    "Send_an_email_(V2)_3": {
                      "runAfter": {},
                      "metadata": {
                        "operationMetadataId": "fbede7ce-3b1f-4214-8621-7b238be7fd4c"
                      },
                      "type": "OpenApiConnection",
                      "inputs": {
                        "host": {
                          "connectionName": "shared_office365_1",
                          "operationId": "SendEmailV2",
                          "apiId": "/providers/Microsoft.PowerApps/apis/shared_office365"
                        },
                        "parameters": {
                          "emailMessage/To": "@{outputs('Get_Employee_Email')?['body/ikam_mail']};@{body('Join')};@{outputs('Get_manager_(V2)')?['body/mail']}",
                          "emailMessage/Subject": "Termination | @{triggerOutputs()?['body/ikam_requestid']} | End Date Updated | @{triggerOutputs()?['body/_ikam_requeststatus_label']}_Asset Management",
                          "emailMessage/Body": "<p>Hello,<br>\n<br>\nPlease kindly note that the last day of @{outputs('Get_Coworker_Name')?['body/givenName']} @{outputs('Get_Coworker_Name')?['body/surname']}, Co-worker ID: @{triggerOutputs()?['body/ikam_searchid']} changed to @{formatDateTime(triggerOutputs()?['body/ikam_effectivedate'],'yyyy-M-d')}. Co-worker needs to return following assets and complete below procedures:<br>\n<br>\n@{body('Create_HTML_table')}@{outputs('ComposeTableCss')}<br>\n<br>\n+Action for off-boarding to be followed.<br>\n<br>\n<br>\nBest regards,<br>\nPeople and Culture</p>",
                          "emailMessage/Importance": "Normal"
                        },
                        "authentication": "@parameters('$authentication')"
                      }
                    }
                  }
                }
              },
              "default": {
                "actions": {}
              },
              "expression": "@triggerOutputs()?['body/ikam_requesttype']",
              "metadata": {
                "operationMetadataId": "d3f4b711-bafd-4bba-b7d4-34d599688de0"
              },
              "type": "Switch"
            },
            "Get_Employee_Email": {
              "runAfter": {
                "Create_HTML_table": [
                  "Succeeded"
                ]
              },
              "metadata": {
                "operationMetadataId": "50752412-a018-498b-ad9f-159cc46473d8"
              },
              "type": "OpenApiConnection",
              "inputs": {
                "host": {
                  "connectionName": "shared_commondataserviceforapps_1",
                  "operationId": "GetItem",
                  "apiId": "/providers/Microsoft.PowerApps/apis/shared_commondataserviceforapps"
                },
                "parameters": {
                  "entityName": "ikam_employees",
                  "recordId": "@triggerOutputs()?['body/_ikam_empid_value']",
                  "$select": "ikam_mail"
                },
                "authentication": "@parameters('$authentication')"
              }
            },
            "ComposeTableCss": {
              "runAfter": {
                "Select": [
                  "Succeeded"
                ]
              },
              "metadata": {
                "operationMetadataId": "fe6b3964-7368-4f79-a272-75bc6b24f539"
              },
              "type": "Compose",
              "inputs": "<style>\nTable {\n  font-family: Arial, Helvetica, sans-serif;\n  background-color: #EEEEEE;\n  border-collapse: collapse;\n  width: 100%;\n}\n\nTable td, Table th {\n  border: 1px solid #ddd;\n  padding: 3px 3px;\n}\n\nTable th {\n  font-size: 15px;\n  font-weight: bold;\n  padding-top: 12px;\n  padding-bottom: 12px;\n  text-align: center;\n  background-color: #1C6EA4;\n  color: white;\n}\n</style>"
            },
            "Apply_to_each": {
              "foreach": "@outputs('Get_Email_DLs')?['body/value']",
              "actions": {
                "Condition_2": {
                  "actions": {
                    "Append_to_array_variable": {
                      "runAfter": {},
                      "metadata": {
                        "operationMetadataId": "307e3350-eae8-4ee2-975d-556551d9a722"
                      },
                      "type": "AppendToArrayVariable",
                      "inputs": {
                        "name": "varEmailDLs",
                        "value": "@items('Apply_to_each')?['emailaddress']"
                      }
                    }
                  },
                  "runAfter": {},
                  "expression": {
                    "not": {
                      "equals": [
                        "@items('Apply_to_each')?['emailaddress']",
                        "@null"
                      ]
                    }
                  },
                  "metadata": {
                    "operationMetadataId": "843f7276-7f08-458b-b8f3-097898b7a51d"
                  },
                  "type": "If"
                }
              },
              "runAfter": {
                "Get_Email_DLs": [
                  "Succeeded"
                ]
              },
              "metadata": {
                "operationMetadataId": "658549b0-46ca-4e86-a7d7-3e73d6a830f5"
              },
              "type": "Foreach"
            },
            "Join": {
              "runAfter": {
                "Apply_to_each": [
                  "Succeeded"
                ]
              },
              "metadata": {
                "operationMetadataId": "c9871399-5a7e-4097-9fd6-36a942ac42ce"
              },
              "type": "Join",
              "inputs": {
                "from": "@variables('varEmailDLs')",
                "joinWith": ";"
              }
            },
            "Condition": {
              "actions": {
                "Get_manager_(V2)": {
                  "runAfter": {},
                  "metadata": {
                    "operationMetadataId": "2aad3981-9cbd-4112-8c33-764efcaa57e7"
                  },
                  "type": "OpenApiConnection",
                  "inputs": {
                    "host": {
                      "connectionName": "shared_office365users_1",
                      "operationId": "Manager_V2",
                      "apiId": "/providers/Microsoft.PowerApps/apis/shared_office365users"
                    },
                    "parameters": {
                      "id": "@outputs('Get_Employee_Email')?['body/ikam_mail']",
                      "$select": "mail"
                    },
                    "authentication": "@parameters('$authentication')"
                  }
                }
              },
              "runAfter": {
                "Join": [
                  "Succeeded"
                ]
              },
              "expression": {
                "and": [
                  {
                    "not": {
                      "equals": [
                        "@workflow()?['tags']['environmentName']",
                        "1005435c-3088-48c8-b232-9658bf10cdeb"
                      ]
                    }
                  },
                  {
                    "not": {
                      "equals": [
                        "@workflow()?['tags']['environmentName']",
                        "352066b7-5b8e-48be-966d-92b8917d2ad2"
                      ]
                    }
                  },
                  {
                    "not": {
                      "equals": [
                        "@workflow()?['tags']['environmentName']",
                        "b87dca39-5896-43e4-8065-9b0bf77e3714"
                      ]
                    }
                  }
                ]
              },
              "metadata": {
                "operationMetadataId": "50a8afef-ab7e-49d5-aad8-cd769b543193"
              },
              "type": "If"
            },
            "Get_Coworker_Name": {
              "runAfter": {
                "Get_Employee_Email": [
                  "Succeeded"
                ]
              },
              "metadata": {
                "operationMetadataId": "1b4a37c2-2ec2-4279-847f-c2632fdc5758"
              },
              "type": "OpenApiConnection",
              "inputs": {
                "host": {
                  "connectionName": "shared_office365users_1",
                  "operationId": "UserProfile_V2",
                  "apiId": "/providers/Microsoft.PowerApps/apis/shared_office365users"
                },
                "parameters": {
                  "id": "@outputs('Get_Employee_Email')?['body/ikam_mail']",
                  "$select": "givenname,surname"
                },
                "authentication": "@parameters('$authentication')"
              }
            }
          },
          "runAfter": {
            "Initialize_variable": [
              "Succeeded"
            ]
          },
          "metadata": {
            "operationMetadataId": "96fc5c13-4ec2-43cf-994c-ead335e6c76e"
          },
          "type": "Scope"
        },
        "Catch": {
          "actions": {
            "Filter_array": {
              "runAfter": {},
              "metadata": {
                "operationMetadataId": "9ccda4ca-c802-4c52-8d19-2457994debf6"
              },
              "type": "Query",
              "inputs": {
                "from": "@result('Try')",
                "where": "@or(equals(item()?['status'], 'Failed'), equals(item()?['status'], 'TimedOut'))"
              }
            },
            "Send_an_email_(V2)_2": {
              "runAfter": {
                "Compose_3": [
                  "Succeeded"
                ]
              },
              "metadata": {
                "operationMetadataId": "230eaf17-630b-4744-bea2-af319e9ab1f1"
              },
              "type": "OpenApiConnection",
              "inputs": {
                "host": {
                  "connectionName": "shared_office365_1",
                  "operationId": "SendEmailV2",
                  "apiId": "/providers/Microsoft.PowerApps/apis/shared_office365"
                },
                "parameters": {
                  "emailMessage/To": "l-iarobot-u-iosseelm@inter.ikea.com",
                  "emailMessage/Subject": "@{workflow()?['tags/flowDisplayName']}  failed",
                  "emailMessage/Body": "<p>Hi,<br>\n<br>\nThis flow is failed due to below error.<br>\n@{outputs('Compose_3')}<br>\n<br>\n<br>\nAdmin<br>\n</p>",
                  "emailMessage/Importance": "Normal"
                },
                "authentication": "@parameters('$authentication')"
              }
            },
            "Create_HTML_table_2": {
              "runAfter": {
                "Filter_array": [
                  "Succeeded"
                ]
              },
              "metadata": {
                "operationMetadataId": "e3acde1e-89dd-4437-8bc7-235ae4f8152f"
              },
              "type": "Table",
              "inputs": {
                "from": "@body('Filter_array')",
                "format": "HTML",
                "columns": [
                  {
                    "header": "Action",
                    "value": "@item()?['name']"
                  },
                  {
                    "header": "Status",
                    "value": "@item()?['Status']"
                  },
                  {
                    "header": "ErrorMessage",
                    "value": "@item()?['error']?['message']"
                  }
                ]
              }
            },
            "Compose_3": {
              "runAfter": {
                "Create_HTML_table_2": [
                  "Succeeded"
                ]
              },
              "metadata": {
                "operationMetadataId": "73ed7ab9-58e9-4892-9dc2-0de2b1c02d66"
              },
              "type": "Compose",
              "inputs": "<style>\ntable {\n  border: 1px solid #1C6EA4;\n  background-color: #EEEEEE;\n  width: 100%;\n  text-align: left;\n  border-collapse: collapse;\n}\ntable td, table th {\n  border: 1px solid #AAAAAA;\n  padding: 3px 2px;\n}\ntable tbody td {\n  font-size: 13px;\n}\ntable thead {\n  background: #1C6EA4;\n  border-bottom: 2px solid #444444;\n}\ntable thead th {\n  font-size: 15px;\n  font-weight: bold;\n  color: #FFFFFF;\n  border-left: 2px solid #D0E4F5;\n}\ntable thead th:first-child {\n  border-left: none;\n}\n</style>\n@{body('Create_HTML_table_2')}"
            },
            "Terminate": {
              "runAfter": {
                "Send_an_email_(V2)_2": [
                  "Succeeded"
                ]
              },
              "metadata": {
                "operationMetadataId": "79c62a27-7028-43aa-8a88-9fc49d940bfd"
              },
              "type": "Terminate",
              "inputs": {
                "runStatus": "Failed"
              }
            }
          },
          "runAfter": {
            "Try": [
              "Failed",
              "TimedOut"
            ]
          },
          "metadata": {
            "operationMetadataId": "c4037b97-8dae-49e7-be20-02f395f8eb21"
          },
          "type": "Scope"
        }
      }
    },
    "templateName": ""
  },
  "schemaVersion": "1.0.0.0"
}