{
  "properties": {
    "connectionReferences": {
      "shared_commondataserviceforapps_1": {
        "runtimeSource": "embedded",
        "connection": {
          "connectionReferenceLogicalName": "ikam_DataverseSAConnRef"
        },
        "api": {
          "name": "shared_commondataserviceforapps"
        }
      },
      "shared_office365_1": {
        "runtimeSource": "embedded",
        "connection": {
          "connectionReferenceLogicalName": "ikam_sharedoffice365_87502"
        },
        "api": {
          "name": "shared_office365"
        }
      },
      "shared_office365users_1": {
        "runtimeSource": "embedded",
        "connection": {
          "connectionReferenceLogicalName": "ikam_sharedoffice365users_480ae"
        },
        "api": {
          "name": "shared_office365users"
        }
      }
    },
    "definition": {
      "$schema": "https://schema.management.azure.com/providers/Microsoft.Logic/schemas/2016-06-01/workflowdefinition.json#",
      "contentVersion": "1.0.0.0",
      "parameters": {
        "$connections": {
          "defaultValue": {},
          "type": "Object"
        },
        "$authentication": {
          "defaultValue": {},
          "type": "SecureObject"
        },
        "varAssetManagementToolLink (ikam_varAssetManagementToolLink)": {
          "defaultValue": "https://apps.powerapps.com/play/e/352066b7-5b8e-48be-966d-92b8917d2ad2/a/853f3171-1d59-42d7-b599-1663d2816267?tenantId=a33c6ac4-a52e-45c5-af07-b972df9bd004&hint=c6136953-e6a7-43d5-b94e-b538907577b2&sourcetime=1714636777153",
          "type": "String",
          "metadata": {
            "schemaName": "ikam_varAssetManagementToolLink"
          }
        }
      },
      "triggers": {
        "When_a_row_is_added,_modified_or_deleted": {
          "metadata": {
            "operationMetadataId": "e3484b2a-7c16-4804-ac68-16621c1a87c4"
          },
          "type": "OpenApiConnectionWebhook",
          "inputs": {
            "host": {
              "connectionName": "shared_commondataserviceforapps_1",
              "operationId": "SubscribeWebhookTrigger",
              "apiId": "/providers/Microsoft.PowerApps/apis/shared_commondataserviceforapps"
            },
            "parameters": {
              "subscriptionRequest/message": 4,
              "subscriptionRequest/entityname": "ikam_assetrequest",
              "subscriptionRequest/scope": 4,
              "subscriptionRequest/filteringattributes": "ikam_requeststatus"
            },
            "authentication": "@parameters('$authentication')"
          },
          "conditions": [
            {
              "expression": "@or(equals(triggerOutputs()?['body/ikam_requesttype'],989100000),equals(triggerOutputs()?['body/ikam_requesttype'],989100001))"
            }
          ]
        }
      },
      "actions": {
        "Try": {
          "actions": {
            "Create_HTML_table": {
              "runAfter": {
                "ComposeTableCss": [
                  "Succeeded"
                ]
              },
              "metadata": {
                "operationMetadataId": "642f20dd-0bd1-4769-8579-aec7017164b9"
              },
              "type": "Table",
              "inputs": {
                "from": "@body('Select')",
                "format": "HTML",
                "columns": [
                  {
                    "header": "Asset Category",
                    "value": "@{item()?['Category']}@{if(equals(item()?['Category'],'Other'),concat('-',triggerOutputs()?['body/ikam_defineasset']),'')}"
                  }
                ]
              }
            },
            "Get_Email_DLs": {
              "runAfter": {
                "Get_Coworker_Name": [
                  "Succeeded"
                ]
              },
              "metadata": {
                "operationMetadataId": "cd65cccd-7f18-4732-b6d5-4f9217ed002e"
              },
              "type": "OpenApiConnection",
              "inputs": {
                "host": {
                  "connectionName": "shared_commondataserviceforapps_1",
                  "operationId": "ListRecords",
                  "apiId": "/providers/Microsoft.PowerApps/apis/shared_commondataserviceforapps"
                },
                "parameters": {
                  "entityName": "teams",
                  "$filter": "_ikam_location_value eq @{triggerOutputs()?['body/_ikam_location_value']} and (ikam_role eq 989100001 or ikam_role eq 989100003 or ikam_role eq 989100004 or ikam_role eq 989100005 or ikam_role eq 989100006)"
                },
                "authentication": "@parameters('$authentication')"
              }
            },
            "Select": {
              "runAfter": {
                "List_Assets_rows": [
                  "Succeeded"
                ]
              },
              "metadata": {
                "operationMetadataId": "5212e5e3-a779-4f5f-9da4-2ae09564fec4"
              },
              "type": "Select",
              "inputs": {
                "from": "@outputs('List_Assets_rows')?['body/value']",
                "select": {
                  "Category": "@item()?['_ikam_assettype_value@OData.Community.Display.V1.FormattedValue']"
                }
              }
            },
            "Switch": {
              "runAfter": {
                "Condition": [
                  "Succeeded"
                ]
              },
              "cases": {
                "Hire": {
                  "case": 989100000,
                  "actions": {
                    "Is_Pending_with_IT": {
                      "actions": {
                        "Condition_3": {
                          "actions": {
                            "Send_an_email_(V2)": {
                              "runAfter": {},
                              "metadata": {
                                "operationMetadataId": "08a799d9-a8e7-4f09-bfa1-9a63b1582f66"
                              },
                              "type": "OpenApiConnection",
                              "inputs": {
                                "host": {
                                  "connectionName": "shared_office365_1",
                                  "operationId": "SendEmailV2",
                                  "apiId": "/providers/Microsoft.PowerApps/apis/shared_office365"
                                },
                                "parameters": {
                                  "emailMessage/To": "@{body('Join')};@{outputs('Get_manager_(V2)')?['body/mail']}",
                                  "emailMessage/Subject": "Hire | @{triggerOutputs()?['body/ikam_requestid']} | Request Submitted | @{triggerOutputs()?['body/_ikam_requeststatus_label']}_Asset Management",
                                  "emailMessage/Body": "<p>Hello,<br>\n<br>\nPlease kindly note that @{outputs('Get_Coworker_Name')?['body/givenName']} @{outputs('Get_Coworker_Name')?['body/surname']}, Co-worker ID: @{triggerOutputs()?['body/ikam_searchid']} will join on @{formatDateTime(triggerOutputs()?['body/ikam_effectivedate'], 'yyyy-M-d')}.<br>\nPlease help to support the new comer's on-board, detail as follows:<br>\n<br>\nCo-worker need to be assigned assets:<br>\n@{body('Create_HTML_table')}@{outputs('ComposeTableCss')}<br>\n<br>\n+Action for on-boarding to be followed.<br>\n<br>\n<br>\nBest regards,<br>\nPeople and Culture<br>\n</p>",
                                  "emailMessage/Importance": "Normal"
                                },
                                "authentication": "@parameters('$authentication')"
                              }
                            }
                          },
                          "runAfter": {},
                          "expression": {
                            "equals": [
                              "@empty(body('Join'))",
                              "@false"
                            ]
                          },
                          "metadata": {
                            "operationMetadataId": "4189a1a7-d2e3-4061-a984-bf9399d7100c"
                          },
                          "type": "If"
                        },
                        "Condition_7": {
                          "actions": {
                            "Send_an_email_(V2)_4": {
                              "runAfter": {},
                              "metadata": {
                                "operationMetadataId": "08a799d9-a8e7-4f09-bfa1-9a63b1582f66"
                              },
                              "type": "OpenApiConnection",
                              "inputs": {
                                "host": {
                                  "connectionName": "shared_office365_1",
                                  "operationId": "SendEmailV2",
                                  "apiId": "/providers/Microsoft.PowerApps/apis/shared_office365"
                                },
                                "parameters": {
                                  "emailMessage/To": "@body('Join_IT_Admin_')",
                                  "emailMessage/Subject": "Hire | @{triggerOutputs()?['body/ikam_requestid']} | Request Submitted | @{triggerOutputs()?['body/_ikam_requeststatus_label']}_Asset Management",
                                  "emailMessage/Body": "<p>Hello,<br><br>Please kindly note that @{outputs('Get_Coworker_Name')?['body/givenName']} @{outputs('Get_Coworker_Name')?['body/surname']}, Co-worker ID: @{triggerOutputs()?['body/ikam_searchid']} will join on @{formatDateTime(triggerOutputs()?['body/ikam_effectivedate'], 'yyyy-M-d')}.<br>Please help to support the new comer's on-board, detail as follows:<br><br>Co-worker need to be assigned assets:<br>@{body('Create_HTML_table')}@{outputs('ComposeTableCss')}<br><br>+Action for on-boarding to be followed.</p><p><a href=\"@{parameters('varAssetManagementToolLink (ikam_varAssetManagementToolLink)')}\">Asset Management Tool Link</a><br><br><br>Best regards,<br>People and Culture</p><br>",
                                  "emailMessage/Importance": "Normal"
                                },
                                "authentication": "@parameters('$authentication')"
                              }
                            }
                          },
                          "runAfter": {
                            "Condition_3": [
                              "Succeeded"
                            ]
                          },
                          "expression": {
                            "equals": [
                              "@empty(body('Join_IT_Admin_'))",
                              "@false"
                            ]
                          },
                          "metadata": {
                            "operationMetadataId": "eaaa9489-2d5c-4b94-87e9-4b117b1e79b6"
                          },
                          "type": "If"
                        }
                      },
                      "runAfter": {},
                      "expression": {
                        "equals": [
                          "@triggerOutputs()?['body/ikam_requeststatus']",
                          989100001
                        ]
                      },
                      "metadata": {
                        "operationMetadataId": "2eae260c-fa91-45ed-bbd5-b0ad1b8f6187"
                      },
                      "type": "If"
                    }
                  }
                },
                "Termination": {
                  "case": 989100001,
                  "actions": {
                    "Is_In_Progress_with_IT": {
                      "actions": {
                        "Condition_4": {
                          "actions": {
                            "Send_an_email_(V2)_3": {
                              "runAfter": {},
                              "metadata": {
                                "operationMetadataId": "af0ed895-b421-4ad8-8747-908bd1105649"
                              },
                              "type": "OpenApiConnection",
                              "inputs": {
                                "host": {
                                  "connectionName": "shared_office365_1",
                                  "operationId": "SendEmailV2",
                                  "apiId": "/providers/Microsoft.PowerApps/apis/shared_office365"
                                },
                                "parameters": {
                                  "emailMessage/To": "@{body('Join')};@{outputs('Get_manager_(V2)')?['body/mail']}",
                                  "emailMessage/Subject": "Termination | @{triggerOutputs()?['body/ikam_requestid']} | Request Submitted | @{triggerOutputs()?['body/_ikam_requeststatus_label']}_Asset Management",
                                  "emailMessage/Body": "<p>Hello,<br>\n<br>\nPlease kindly note that @{outputs('Get_Coworker_Name')?['body/givenName']} @{outputs('Get_Coworker_Name')?['body/surname']}, Co-worker ID: @{triggerOutputs()?['body/ikam_searchid']} will quit office on @{formatDateTime(triggerOutputs()?['body/ikam_effectivedate'],'yyyy-M-d')}.<br>\nCo-worker needs to return following assets and complete below procedures:<br>\n<br>\n@{body('Create_HTML_table')}@{outputs('ComposeTableCss')}<br>\n<br>\n+Action for off-boarding to be followed.<br>\n<br>\n<br>\nBest regards,<br>\nPeople and Culture<br>\n</p>",
                                  "emailMessage/Importance": "Normal"
                                },
                                "authentication": "@parameters('$authentication')"
                              }
                            }
                          },
                          "runAfter": {},
                          "expression": {
                            "equals": [
                              "@empty(body('Join'))",
                              "@false"
                            ]
                          },
                          "metadata": {
                            "operationMetadataId": "dab1e815-0ba4-4d8e-808c-ef7214e07712"
                          },
                          "type": "If"
                        },
                        "Condition_8": {
                          "actions": {
                            "Send_an_email_(V2)_5": {
                              "runAfter": {},
                              "metadata": {
                                "operationMetadataId": "af0ed895-b421-4ad8-8747-908bd1105649"
                              },
                              "type": "OpenApiConnection",
                              "inputs": {
                                "host": {
                                  "connectionName": "shared_office365_1",
                                  "operationId": "SendEmailV2",
                                  "apiId": "/providers/Microsoft.PowerApps/apis/shared_office365"
                                },
                                "parameters": {
                                  "emailMessage/To": "@body('Join_IT_Admin_')",
                                  "emailMessage/Subject": "Termination | @{triggerOutputs()?['body/ikam_requestid']} | Request Submitted | @{triggerOutputs()?['body/_ikam_requeststatus_label']}_Asset Management",
                                  "emailMessage/Body": "<p>Hello,<br><br>Please kindly note that @{outputs('Get_Coworker_Name')?['body/givenName']} @{outputs('Get_Coworker_Name')?['body/surname']}, Co-worker ID: @{triggerOutputs()?['body/ikam_searchid']} will quit office on @{formatDateTime(triggerOutputs()?['body/ikam_effectivedate'], 'yyyy-M-d')}.<br>Co-worker needs to return following assets and complete below procedures:<br><br>@{body('Create_HTML_table')}@{outputs('ComposeTableCss')}<br><br>+Action for off-boarding to be followed.</p><p><a href=\"@{parameters('varAssetManagementToolLink (ikam_varAssetManagementToolLink)')}\">Asset Management Tool Link</a><br><br><br>Best regards,<br>People and Culture</p><br>",
                                  "emailMessage/Importance": "Normal"
                                },
                                "authentication": "@parameters('$authentication')"
                              }
                            }
                          },
                          "runAfter": {
                            "Condition_4": [
                              "Succeeded"
                            ]
                          },
                          "expression": {
                            "equals": [
                              "@empty(body('Join_IT_Admin_'))",
                              "@false"
                            ]
                          },
                          "metadata": {
                            "operationMetadataId": "5ac101d0-e4a1-4dc7-904a-d0688b6a07a4"
                          },
                          "type": "If"
                        }
                      },
                      "runAfter": {},
                      "expression": {
                        "equals": [
                          "@triggerOutputs()?['body/ikam_requeststatus']",
                          989100002
                        ]
                      },
                      "metadata": {
                        "operationMetadataId": "616a6e5a-f9ce-4952-a9d7-914cb0eb9bf0"
                      },
                      "type": "If"
                    }
                  }
                }
              },
              "default": {
                "actions": {}
              },
              "expression": "@triggerOutputs()?['body/ikam_requesttype']",
              "metadata": {
                "operationMetadataId": "ff4bd547-08b8-4822-8b4b-fbde54f70add"
              },
              "type": "Switch"
            },
            "Get_Employee_Email": {
              "runAfter": {
                "Create_HTML_table": [
                  "Succeeded"
                ]
              },
              "metadata": {
                "operationMetadataId": "fc4ef336-70ce-4197-aeeb-b7cf80ccd378"
              },
              "type": "OpenApiConnection",
              "inputs": {
                "host": {
                  "connectionName": "shared_commondataserviceforapps_1",
                  "operationId": "GetItem",
                  "apiId": "/providers/Microsoft.PowerApps/apis/shared_commondataserviceforapps"
                },
                "parameters": {
                  "entityName": "ikam_employees",
                  "recordId": "@triggerOutputs()?['body/_ikam_empid_value']",
                  "$select": "ikam_mail"
                },
                "authentication": "@parameters('$authentication')"
              }
            },
            "ComposeTableCss": {
              "runAfter": {
                "Select": [
                  "Succeeded"
                ]
              },
              "metadata": {
                "operationMetadataId": "fe6b3964-7368-4f79-a272-75bc6b24f539"
              },
              "type": "Compose",
              "inputs": "<style>\nTable {\n  font-family: Arial, Helvetica, sans-serif;\n  background-color: #EEEEEE;\n  border-collapse: collapse;\n  width: 100%;\n}\n\nTable td, Table th {\n  border: 1px solid #ddd;\n  padding: 3px 3px;\n}\n\nTable th {\n  font-size: 15px;\n  font-weight: bold;\n  padding-top: 12px;\n  padding-bottom: 12px;\n  text-align: center;\n  background-color: #1C6EA4;\n  color: white;\n}\n</style>"
            },
            "Condition": {
              "actions": {
                "Get_manager_(V2)": {
                  "runAfter": {},
                  "metadata": {
                    "operationMetadataId": "2aad3981-9cbd-4112-8c33-764efcaa57e7"
                  },
                  "type": "OpenApiConnection",
                  "inputs": {
                    "host": {
                      "connectionName": "shared_office365users_1",
                      "operationId": "Manager_V2",
                      "apiId": "/providers/Microsoft.PowerApps/apis/shared_office365users"
                    },
                    "parameters": {
                      "id": "@outputs('Get_Employee_Email')?['body/ikam_mail']",
                      "$select": "mail"
                    },
                    "authentication": "@parameters('$authentication')"
                  }
                }
              },
              "runAfter": {
                "Condition_6": [
                  "Succeeded"
                ]
              },
              "expression": {
                "and": [
                  {
                    "not": {
                      "equals": [
                        "@workflow()?['tags']['environmentName']",
                        "1005435c-3088-48c8-b232-9658bf10cdeb"
                      ]
                    }
                  },
                  {
                    "not": {
                      "equals": [
                        "@workflow()?['tags']['environmentName']",
                        "352066b7-5b8e-48be-966d-92b8917d2ad2"
                      ]
                    }
                  },
                  {
                    "equals": [
                      "@workflow()?['tags']['environmentName']",
                      "b87dca39-5896-43e4-8065-9b0bf77e3714"
                    ]
                  }
                ]
              },
              "metadata": {
                "operationMetadataId": "b0eca8c4-5f53-41e9-a184-f0f1dafa85e6"
              },
              "type": "If"
            },
            "Apply_to_each": {
              "foreach": "@outputs('Get_Email_DLs')?['body/value']",
              "actions": {
                "Condition_2": {
                  "actions": {
                    "Append_to_array_variable": {
                      "runAfter": {},
                      "metadata": {
                        "operationMetadataId": "ebbe0350-7c2e-4fcf-9034-b0bf16a20313"
                      },
                      "type": "AppendToArrayVariable",
                      "inputs": {
                        "name": "varEmailDLs",
                        "value": "@items('Apply_to_each')?['emailaddress']"
                      }
                    }
                  },
                  "runAfter": {},
                  "else": {
                    "actions": {
                      "Append_to_array_variable_2": {
                        "runAfter": {},
                        "metadata": {
                          "operationMetadataId": "6eb6909d-e97f-4253-88bf-928f232520d3"
                        },
                        "type": "AppendToArrayVariable",
                        "inputs": {
                          "name": "varEmailsITandAdmin",
                          "value": "@items('Apply_to_each')?['emailaddress']"
                        }
                      }
                    }
                  },
                  "expression": {
                    "and": [
                      {
                        "not": {
                          "equals": [
                            "@items('Apply_to_each')?['emailaddress']",
                            "@null"
                          ]
                        }
                      },
                      {
                        "not": {
                          "equals": [
                            "@items('Apply_to_each')?['ikam_role']",
                            989100001
                          ]
                        }
                      },
                      {
                        "not": {
                          "equals": [
                            "@items('Apply_to_each')?['ikam_role']",
                            989100003
                          ]
                        }
                      }
                    ]
                  },
                  "metadata": {
                    "operationMetadataId": "2a2d8d88-7d3a-4c46-a9f3-a15757c9c876"
                  },
                  "type": "If"
                }
              },
              "runAfter": {
                "Get_Email_DLs": [
                  "Succeeded"
                ]
              },
              "metadata": {
                "operationMetadataId": "293b08e4-72f9-48a4-93b7-15d413fc9940"
              },
              "type": "Foreach"
            },
            "Delay": {
              "runAfter": {},
              "metadata": {
                "operationMetadataId": "4a285ae0-d7ea-4378-afde-1f5cd3a63a86"
              },
              "type": "Wait",
              "inputs": {
                "interval": {
                  "count": 10,
                  "unit": "Second"
                }
              }
            },
            "List_Assets_rows": {
              "runAfter": {
                "Delay": [
                  "Succeeded"
                ]
              },
              "metadata": {
                "operationMetadataId": "b0495d7b-ccc1-49a4-97f7-8bf3f06c7d49"
              },
              "type": "OpenApiConnection",
              "inputs": {
                "host": {
                  "connectionName": "shared_commondataserviceforapps_1",
                  "operationId": "ListRecords",
                  "apiId": "/providers/Microsoft.PowerApps/apis/shared_commondataserviceforapps"
                },
                "parameters": {
                  "entityName": "ikam_assetlineitemses",
                  "$filter": "_ikam_assetrequest_value eq @{triggerOutputs()?['body/ikam_assetrequestid']}"
                },
                "authentication": "@parameters('$authentication')"
              }
            },
            "Get_Coworker_Name": {
              "runAfter": {
                "Get_Employee_Email": [
                  "Succeeded"
                ]
              },
              "metadata": {
                "operationMetadataId": "48100e5d-45dd-4bb2-a807-9046028c3fb8"
              },
              "type": "OpenApiConnection",
              "inputs": {
                "host": {
                  "connectionName": "shared_office365users_1",
                  "operationId": "UserProfile_V2",
                  "apiId": "/providers/Microsoft.PowerApps/apis/shared_office365users"
                },
                "parameters": {
                  "id": "@outputs('Get_Employee_Email')?['body/ikam_mail']",
                  "$select": "givenname,surname"
                },
                "authentication": "@parameters('$authentication')"
              }
            },
            "Condition_5": {
              "actions": {
                "Join": {
                  "runAfter": {},
                  "metadata": {
                    "operationMetadataId": "72a5237d-1ad1-4408-b351-ba626eb33571"
                  },
                  "type": "Join",
                  "inputs": {
                    "from": "@variables('varEmailDLs')",
                    "joinWith": ";"
                  }
                }
              },
              "runAfter": {
                "Apply_to_each": [
                  "Succeeded"
                ]
              },
              "expression": {
                "greater": [
                  "@length(variables('varEmailDLs'))",
                  0
                ]
              },
              "metadata": {
                "operationMetadataId": "cdbd13f0-9ec9-41cd-ae89-7e37efa4ece3"
              },
              "type": "If"
            },
            "Condition_6": {
              "actions": {
                "Join_IT_Admin_": {
                  "runAfter": {},
                  "metadata": {
                    "operationMetadataId": "9709e145-b306-4884-9e2c-ebf81ef45650"
                  },
                  "type": "Join",
                  "inputs": {
                    "from": "@variables('varEmailsITandAdmin')",
                    "joinWith": ";"
                  }
                }
              },
              "runAfter": {
                "Condition_5": [
                  "Succeeded"
                ]
              },
              "expression": {
                "greater": [
                  "@length(variables('varEmailsITandAdmin'))",
                  0
                ]
              },
              "metadata": {
                "operationMetadataId": "20114545-06bd-4dfe-9d04-a07392f0edbc"
              },
              "type": "If"
            }
          },
          "runAfter": {
            "Initialize_variable_2": [
              "Succeeded"
            ]
          },
          "metadata": {
            "operationMetadataId": "9630ea6a-4b10-4e50-8e6a-546d68c4ae33"
          },
          "type": "Scope"
        },
        "Catch": {
          "actions": {
            "Filter_array": {
              "runAfter": {},
              "metadata": {
                "operationMetadataId": "609495ee-080a-4492-a0fb-46cad40f4ea4"
              },
              "type": "Query",
              "inputs": {
                "from": "@result('Try')",
                "where": "@or(equals(item()?['status'], 'Failed'), equals(item()?['status'], 'TimedOut'))"
              }
            },
            "Send_an_email_(V2)_2": {
              "runAfter": {
                "Compose_3": [
                  "Succeeded"
                ]
              },
              "metadata": {
                "operationMetadataId": "230eaf17-630b-4744-bea2-af319e9ab1f1"
              },
              "type": "OpenApiConnection",
              "inputs": {
                "host": {
                  "connectionName": "shared_office365_1",
                  "operationId": "SendEmailV2",
                  "apiId": "/providers/Microsoft.PowerApps/apis/shared_office365"
                },
                "parameters": {
                  "emailMessage/To": "l-iarobot-u-iosseelm@inter.ikea.com",
                  "emailMessage/Subject": "@{workflow()?['tags/flowDisplayName']}  failed",
                  "emailMessage/Body": "<p>Hi,<br>\n<br>\nThis flow is failed due to below error.<br>\n@{outputs('Compose_3')}<br>\n<br>\n<br>\nAdmin<br>\n</p>",
                  "emailMessage/Importance": "Normal"
                },
                "authentication": "@parameters('$authentication')"
              }
            },
            "Create_HTML_table_2": {
              "runAfter": {
                "Filter_array": [
                  "Succeeded"
                ]
              },
              "metadata": {
                "operationMetadataId": "9dc2ad69-ec6f-48cc-97eb-da83a98a3021"
              },
              "type": "Table",
              "inputs": {
                "from": "@body('Filter_array')",
                "format": "HTML",
                "columns": [
                  {
                    "header": "Action",
                    "value": "@item()?['name']"
                  },
                  {
                    "header": "Status",
                    "value": "@item()?['Status']"
                  },
                  {
                    "header": "ErrorMessage",
                    "value": "@item()?['error']?['message']"
                  }
                ]
              }
            },
            "Compose_3": {
              "runAfter": {
                "Create_HTML_table_2": [
                  "Succeeded"
                ]
              },
              "metadata": {
                "operationMetadataId": "2b5038ba-f1e3-4b07-8f37-1f92bdafbde0"
              },
              "type": "Compose",
              "inputs": "<style>\ntable {\n  border: 1px solid #1C6EA4;\n  background-color: #EEEEEE;\n  width: 100%;\n  text-align: left;\n  border-collapse: collapse;\n}\ntable td, table th {\n  border: 1px solid #AAAAAA;\n  padding: 3px 2px;\n}\ntable tbody td {\n  font-size: 13px;\n}\ntable thead {\n  background: #1C6EA4;\n  border-bottom: 2px solid #444444;\n}\ntable thead th {\n  font-size: 15px;\n  font-weight: bold;\n  color: #FFFFFF;\n  border-left: 2px solid #D0E4F5;\n}\ntable thead th:first-child {\n  border-left: none;\n}\n</style>\n@{body('Create_HTML_table_2')}"
            },
            "Terminate": {
              "runAfter": {
                "Send_an_email_(V2)_2": [
                  "Succeeded"
                ]
              },
              "metadata": {
                "operationMetadataId": "3726e804-b1f8-4d27-acbd-f7fba7da8ac5"
              },
              "type": "Terminate",
              "inputs": {
                "runStatus": "Failed"
              }
            }
          },
          "runAfter": {
            "Try": [
              "Failed"
            ]
          },
          "metadata": {
            "operationMetadataId": "c4037b97-8dae-49e7-be20-02f395f8eb21"
          },
          "type": "Scope"
        },
        "Initialize_variable": {
          "runAfter": {},
          "metadata": {
            "operationMetadataId": "5c91ab1b-40fa-4d84-aace-6efea8aad6c7"
          },
          "type": "InitializeVariable",
          "inputs": {
            "variables": [
              {
                "name": "varEmailDLs",
                "type": "array"
              }
            ]
          }
        },
        "Initialize_variable_2": {
          "runAfter": {
            "Initialize_variable": [
              "Succeeded"
            ]
          },
          "metadata": {
            "operationMetadataId": "11a36615-c115-4f95-915c-b17607aac317"
          },
          "type": "InitializeVariable",
          "inputs": {
            "variables": [
              {
                "name": "varEmailsITandAdmin",
                "type": "array"
              }
            ]
          }
        }
      }
    },
    "templateName": ""
  },
  "schemaVersion": "1.0.0.0"
}