{
  "properties": {
    "connectionReferences": {
      "shared_commondataserviceforapps_1": {
        "runtimeSource": "embedded",
        "connection": {
          "connectionReferenceLogicalName": "ikam_DataverseSAConnRef"
        },
        "api": {
          "name": "shared_commondataserviceforapps"
        }
      },
      "shared_commondataserviceforapps_2": {
        "runtimeSource": "embedded",
        "connection": {
          "connectionReferenceLogicalName": "ikam_DataverseSAConnRef"
        },
        "api": {
          "name": "shared_commondataserviceforapps"
        }
      },
      "shared_office365_1": {
        "runtimeSource": "embedded",
        "connection": {
          "connectionReferenceLogicalName": "ikam_sharedoffice365_87502"
        },
        "api": {
          "name": "shared_office365"
        }
      }
    },
    "definition": {
      "$schema": "https://schema.management.azure.com/providers/Microsoft.Logic/schemas/2016-06-01/workflowdefinition.json#",
      "contentVersion": "1.0.0.0",
      "parameters": {
        "$connections": {
          "defaultValue": {},
          "type": "Object"
        },
        "$authentication": {
          "defaultValue": {},
          "type": "SecureObject"
        }
      },
      "triggers": {
        "Recurrence": {
          "recurrence": {
            "frequency": "Day",
            "interval": 1,
            "startTime": "2023-08-25T17:15:00Z",
            "schedule": {
              "hours": [
                "23"
              ],
              "minutes": [
                45
              ]
            }
          },
          "metadata": {
            "operationMetadataId": "214bcbaa-9284-4754-a67b-e3f44b4e1f9e"
          },
          "type": "Recurrence"
        }
      },
      "actions": {
        "Initialize_variable_2": {
          "runAfter": {},
          "metadata": {
            "operationMetadataId": "4c44cb3d-912f-42f6-b1cf-aca78b8ea313"
          },
          "type": "InitializeVariable",
          "inputs": {
            "variables": [
              {
                "name": "varAssetInfo2",
                "type": "array"
              }
            ]
          }
        },
        "Try": {
          "actions": {
            "List_rows": {
              "runAfter": {},
              "metadata": {
                "operationMetadataId": "c24c91ab-573e-44a8-9387-05f39d338c43"
              },
              "type": "OpenApiConnection",
              "inputs": {
                "host": {
                  "connectionName": "shared_commondataserviceforapps_1",
                  "operationId": "ListRecords",
                  "apiId": "/providers/Microsoft.PowerApps/apis/shared_commondataserviceforapps"
                },
                "parameters": {
                  "entityName": "ikam_assetrequests",
                  "$filter": "ikam_effectivedate le @{formatDateTime(addDays(utcNow(),-5),'yyyy-M-d')} and ikam_requesttype eq 989100001 and (ikam_requeststatus eq 989100001 or ikam_requeststatus eq 989100002)"
                },
                "authentication": "@parameters('$authentication')"
              }
            },
            "Apply_to_each_3": {
              "foreach": "@outputs('List_rows')?['body/value']",
              "actions": {
                "List_Assets_rows_2": {
                  "runAfter": {},
                  "metadata": {
                    "operationMetadataId": "b0495d7b-ccc1-49a4-97f7-8bf3f06c7d49"
                  },
                  "type": "OpenApiConnection",
                  "inputs": {
                    "host": {
                      "connectionName": "shared_commondataserviceforapps_2",
                      "operationId": "ListRecords",
                      "apiId": "/providers/Microsoft.PowerApps/apis/shared_commondataserviceforapps"
                    },
                    "parameters": {
                      "entityName": "ikam_assetlineitemses",
                      "$filter": "_ikam_assetrequest_value eq @{items('Apply_to_each_3')?['ikam_assetrequestid']} and (statuscode eq 989100006 or statuscode eq 989100003 or statuscode eq 989100004)"
                    },
                    "authentication": "@parameters('$authentication')"
                  }
                },
                "Apply_to_each_4": {
                  "foreach": "@outputs('List_Assets_rows_2')?['body/value']",
                  "actions": {
                    "Condition_2": {
                      "actions": {
                        "List_rows_5": {
                          "runAfter": {},
                          "metadata": {
                            "operationMetadataId": "04c0ac46-f129-4b42-b00d-86e1c789cbcf"
                          },
                          "type": "OpenApiConnection",
                          "inputs": {
                            "host": {
                              "connectionName": "shared_commondataserviceforapps_2",
                              "operationId": "ListRecords",
                              "apiId": "/providers/Microsoft.PowerApps/apis/shared_commondataserviceforapps"
                            },
                            "parameters": {
                              "entityName": "ikam_assetinventories",
                              "$filter": "ikam_assetinventoryid eq @{items('Apply_to_each_4')?['_ikam_assetinventory_value']}",
                              "$top": 1
                            },
                            "authentication": "@parameters('$authentication')"
                          }
                        },
                        "Select": {
                          "runAfter": {
                            "List_rows_5": [
                              "Succeeded"
                            ]
                          },
                          "metadata": {
                            "operationMetadataId": "90a1f6e8-17b1-494b-aafb-93e70a16af71"
                          },
                          "type": "Select",
                          "inputs": {
                            "from": "@outputs('List_rows_5')?['body/value']",
                            "select": {
                              "Category": "@{item()?['_ikam_assettype_value@OData.Community.Display.V1.FormattedValue']}-@{if(greater(length(item()?['ikam_description']), 10), concat(substring(item()?['ikam_description'], 0, 10), '...'), item()?['ikam_description'])}",
                              "StatusReason": "@items('Apply_to_each_4')?['statuscode']",
                              "AssetId": "@item()?['ikam_name']",
                              "SeriolNo": "@item()?['ikam_serialno']",
                              "Model": "@item()?['ikam_modelnumber']",
                              "ReasonText": "@item()?['ikam_reason@OData.Community.Display.V1.FormattedValue']"
                            }
                          }
                        },
                        "Append_to_array_variable_3": {
                          "runAfter": {
                            "Compose_3": [
                              "Succeeded"
                            ]
                          },
                          "metadata": {
                            "operationMetadataId": "cbe706a4-ba46-4e77-bd67-3db71320b5fb"
                          },
                          "type": "AppendToArrayVariable",
                          "inputs": {
                            "name": "varAssetInfo2",
                            "value": "@outputs('Compose_3')"
                          }
                        },
                        "Compose_3": {
                          "runAfter": {
                            "Select": [
                              "Succeeded"
                            ]
                          },
                          "metadata": {
                            "operationMetadataId": "1159362a-7472-4c4c-95eb-4c2e68607bdf"
                          },
                          "type": "Compose",
                          "inputs": "@json(replace(replace(replace(string(outputs('Select')),']},{\"body\":[',','),'{\"body\":[',''),'}]}]','}]'))"
                        }
                      },
                      "runAfter": {},
                      "else": {
                        "actions": {
                          "Append_to_array_variable_4": {
                            "runAfter": {
                              "Compose_4": [
                                "Succeeded"
                              ]
                            },
                            "metadata": {
                              "operationMetadataId": "33df3e84-2a9b-4a81-9885-25ca90c68e97"
                            },
                            "type": "AppendToArrayVariable",
                            "inputs": {
                              "name": "varAssetInfo2",
                              "value": "@outputs('Compose_4')"
                            }
                          },
                          "List_rows_6": {
                            "runAfter": {},
                            "metadata": {
                              "operationMetadataId": "04c0ac46-f129-4b42-b00d-86e1c789cbcf"
                            },
                            "type": "OpenApiConnection",
                            "inputs": {
                              "host": {
                                "connectionName": "shared_commondataserviceforapps_2",
                                "operationId": "ListRecords",
                                "apiId": "/providers/Microsoft.PowerApps/apis/shared_commondataserviceforapps"
                              },
                              "parameters": {
                                "entityName": "ikam_assetinventories",
                                "$filter": "ikam_assetinventoryid eq @{items('Apply_to_each_4')?['_ikam_assetinventory_value']}",
                                "$top": 1
                              },
                              "authentication": "@parameters('$authentication')"
                            }
                          },
                          "Select_4": {
                            "runAfter": {
                              "List_rows_6": [
                                "Succeeded"
                              ]
                            },
                            "metadata": {
                              "operationMetadataId": "90a1f6e8-17b1-494b-aafb-93e70a16af71"
                            },
                            "type": "Select",
                            "inputs": {
                              "from": "@outputs('List_rows_6')?['body/value']",
                              "select": {
                                "Category": "@item()?['_ikam_assettype_value@OData.Community.Display.V1.FormattedValue']",
                                "StatusReason": "@items('Apply_to_each_4')?['statuscode']",
                                "AssetId": "@item()?['ikam_name']",
                                "SeriolNo": "@item()?['ikam_serialno']",
                                "Model": "@item()?['ikam_modelnumber']",
                                "ReasonText": "@item()?['ikam_reason@OData.Community.Display.V1.FormattedValue']"
                              }
                            }
                          },
                          "Compose_4": {
                            "runAfter": {
                              "Select_4": [
                                "Succeeded"
                              ]
                            },
                            "metadata": {
                              "operationMetadataId": "1d79e526-7b29-4dc5-9dfb-7d5da16d3524"
                            },
                            "type": "Compose",
                            "inputs": "@json(replace(replace(replace(string(outputs('Select_4')),']},{\"body\":[',','),'{\"body\":[',''),'}]}]','}]'))"
                          }
                        }
                      },
                      "expression": {
                        "equals": [
                          "@items('Apply_to_each_4')?['_ikam_assettype_value@OData.Community.Display.V1.FormattedValue']",
                          "Other"
                        ]
                      },
                      "metadata": {
                        "operationMetadataId": "f0e68301-2b79-460d-97d3-5288e6110208"
                      },
                      "type": "If"
                    }
                  },
                  "runAfter": {
                    "List_Assets_rows_2": [
                      "Succeeded"
                    ]
                  },
                  "metadata": {
                    "operationMetadataId": "048c0c66-b0d4-41a1-9262-9b3852a235e5"
                  },
                  "type": "Foreach"
                },
                "Filter_array_3": {
                  "runAfter": {
                    "Apply_to_each_4": [
                      "Succeeded"
                    ]
                  },
                  "metadata": {
                    "operationMetadataId": "39d68c88-ec9e-48e6-9a12-bdbb03ca5553"
                  },
                  "type": "Query",
                  "inputs": {
                    "from": "@variables('varAssetInfo2')",
                    "where": "@equals(item()?['StatusReason'], 989100006)"
                  }
                },
                "Filter_array_4": {
                  "runAfter": {
                    "Create_HTML_table_4": [
                      "Succeeded"
                    ]
                  },
                  "metadata": {
                    "operationMetadataId": "6e18779d-7fdc-4a96-bf0c-a48e3d84b897"
                  },
                  "type": "Query",
                  "inputs": {
                    "from": "@variables('varAssetInfo2')",
                    "where": "@equals(item()?['StatusReason'], 989100003)"
                  }
                },
                "Create_HTML_table_3": {
                  "runAfter": {
                    "Filter_array_4": [
                      "Succeeded"
                    ]
                  },
                  "metadata": {
                    "operationMetadataId": "cfebfb63-1579-4df1-85f6-b543c59b89d6"
                  },
                  "type": "Table",
                  "inputs": {
                    "from": "@body('Filter_array_4')",
                    "format": "HTML",
                    "columns": [
                      {
                        "header": "Asset ID",
                        "value": "@item()?['AssetId']"
                      },
                      {
                        "header": "Serial number\t",
                        "value": "@item()?['SeriolNo']"
                      },
                      {
                        "header": "Asset Code",
                        "value": "@item()?['AssetCode']"
                      },
                      {
                        "header": "Model",
                        "value": "@item()?['Model']"
                      },
                      {
                        "header": "Asset Category",
                        "value": "@item()?['Category']"
                      }
                    ]
                  }
                },
                "Create_HTML_table_4": {
                  "runAfter": {
                    "Filter_array_3": [
                      "Succeeded"
                    ]
                  },
                  "metadata": {
                    "operationMetadataId": "ddb6308d-a59b-41c1-80af-499a7d513f00"
                  },
                  "type": "Table",
                  "inputs": {
                    "from": "@body('Filter_array_3')",
                    "format": "HTML",
                    "columns": [
                      {
                        "header": "Asset ID\t",
                        "value": "@item()?['AssetId']"
                      },
                      {
                        "header": "Serial number\t",
                        "value": "@item()?['SeriolNo']"
                      },
                      {
                        "header": "Asset Code\t",
                        "value": "@item()?['AssetCode']"
                      },
                      {
                        "header": "Model",
                        "value": "@item()?['Model']"
                      },
                      {
                        "header": "Asset Category\n",
                        "value": "@item()?['Category']"
                      }
                    ]
                  }
                },
                "Send_an_email_(V2)_2": {
                  "runAfter": {
                    "Join": [
                      "Succeeded"
                    ]
                  },
                  "metadata": {
                    "operationMetadataId": "0261f403-c82e-44b2-a053-dfbc9fd2d7ba"
                  },
                  "type": "OpenApiConnection",
                  "inputs": {
                    "host": {
                      "connectionName": "shared_office365_1",
                      "operationId": "SendEmailV2",
                      "apiId": "/providers/Microsoft.PowerApps/apis/shared_office365"
                    },
                    "parameters": {
                      "emailMessage/To": "@body('Join')",
                      "emailMessage/Subject": "Termination | @{items('Apply_to_each_3')?['ikam_requestid']} | Reminder 2 - Escalation | @{items('Apply_to_each_3')?['ikam_requeststatus@OData.Community.Display.V1.FormattedValue']}_Asset Management",
                      "emailMessage/Body": "<p>Hello,<br>\n<br>\nOverdue!<br>\n<br>\nThe request @{items('Apply_to_each_3')?['ikam_requestid']} has not been completed for Co-worker ID:<br>\n@{items('Apply_to_each_3')?['ikam_searchid']}.<br>\n<br>\n@{if(greater(length(outputs('Filter_array_3')?['body']),0),'Co-worker has returned these assets:','')}<br>\n@{if(greater(length(outputs('Filter_array_3')?['body']),0),body('create_HTML_table_4'),'')}<br>\n<br>\n@{if(greater(length(outputs('Filter_array_4')?['body']),0),'Co-worker still need to return these assets:','')}<br>\n@{if(greater(length(outputs('Filter_array_4')?['body']),0),body('create_HTML_table_3'),'')}<br>\n<br>\n@{if(greater(length(outputs('Filter_array_2')?['body']),0),'Please note that these assets are not returned:','')}<br>\n@{if(greater(length(outputs('Filter_array_2')?['body']),0),body('create_HTML_table'),'')}<br>\n@{outputs('ComposeTableCss')}<br>\n<br>\n<br>\nBest regards,<br>\nPeople and Culture</p>",
                      "emailMessage/Importance": "Normal"
                    },
                    "authentication": "@parameters('$authentication')"
                  }
                },
                "Get_IT_Team_Email": {
                  "runAfter": {
                    "Create_HTML_table": [
                      "Succeeded"
                    ]
                  },
                  "metadata": {
                    "operationMetadataId": "cd65cccd-7f18-4732-b6d5-4f9217ed002e"
                  },
                  "type": "OpenApiConnection",
                  "inputs": {
                    "host": {
                      "connectionName": "shared_commondataserviceforapps_2",
                      "operationId": "ListRecords",
                      "apiId": "/providers/Microsoft.PowerApps/apis/shared_commondataserviceforapps"
                    },
                    "parameters": {
                      "entityName": "teams",
                      "$filter": "_ikam_location_value eq @{items('Apply_to_each_3')?['_ikam_location_value']} and (ikam_role eq 989100001 or ikam_role eq 989100003)"
                    },
                    "authentication": "@parameters('$authentication')"
                  }
                },
                "Set_variable": {
                  "runAfter": {
                    "Send_an_email_(V2)_2": [
                      "Succeeded"
                    ]
                  },
                  "metadata": {
                    "operationMetadataId": "08ddb076-d786-43cd-ab99-e894c236b11b"
                  },
                  "type": "SetVariable",
                  "inputs": {
                    "name": "varAssetInfo2",
                    "value": []
                  }
                },
                "Apply_to_each": {
                  "foreach": "@outputs('Get_IT_Team_Email')?['body/value']",
                  "actions": {
                    "Condition": {
                      "actions": {
                        "Append_to_array_variable": {
                          "runAfter": {},
                          "metadata": {
                            "operationMetadataId": "3d001de8-a7a0-4840-95fa-074f1ab170f6"
                          },
                          "type": "AppendToArrayVariable",
                          "inputs": {
                            "name": "varEmailDLs",
                            "value": "@items('Apply_to_each')?['emailaddress']"
                          }
                        }
                      },
                      "runAfter": {},
                      "expression": {
                        "not": {
                          "equals": [
                            "@items('Apply_to_each')?['emailaddress']",
                            "@null"
                          ]
                        }
                      },
                      "metadata": {
                        "operationMetadataId": "6882a321-acee-4a90-9b20-07f38e1dbd18"
                      },
                      "type": "If"
                    }
                  },
                  "runAfter": {
                    "Get_IT_Team_Email": [
                      "Succeeded"
                    ]
                  },
                  "metadata": {
                    "operationMetadataId": "46d9bff9-28d7-4a0a-8fd4-b6f233bedb38"
                  },
                  "type": "Foreach"
                },
                "Join": {
                  "runAfter": {
                    "Apply_to_each": [
                      "Succeeded"
                    ]
                  },
                  "metadata": {
                    "operationMetadataId": "96333c14-2d5f-40fe-8940-957b67556388"
                  },
                  "type": "Join",
                  "inputs": {
                    "from": "@variables('varEmailDLs')",
                    "joinWith": ";"
                  }
                },
                "Set_variable_2": {
                  "runAfter": {
                    "Set_variable": [
                      "Succeeded"
                    ]
                  },
                  "metadata": {
                    "operationMetadataId": "9df19eab-ed46-4a2b-ab4d-5c530e0c0ad6"
                  },
                  "type": "SetVariable",
                  "inputs": {
                    "name": "varEmailDLs",
                    "value": []
                  }
                },
                "Filter_array_2": {
                  "runAfter": {
                    "Create_HTML_table_3": [
                      "Succeeded"
                    ]
                  },
                  "metadata": {
                    "operationMetadataId": "6e18779d-7fdc-4a96-bf0c-a48e3d84b897"
                  },
                  "type": "Query",
                  "inputs": {
                    "from": "@variables('varAssetInfo2')",
                    "where": "@equals(item()?['StatusReason'], 989100004)"
                  }
                },
                "Create_HTML_table": {
                  "runAfter": {
                    "Filter_array_2": [
                      "Succeeded"
                    ]
                  },
                  "metadata": {
                    "operationMetadataId": "cfebfb63-1579-4df1-85f6-b543c59b89d6"
                  },
                  "type": "Table",
                  "inputs": {
                    "from": "@body('Filter_array_2')",
                    "format": "HTML",
                    "columns": [
                      {
                        "header": "Asset ID",
                        "value": "@item()?['AssetId']"
                      },
                      {
                        "header": "Serial number\t",
                        "value": "@item()?['SeriolNo']"
                      },
                      {
                        "header": "Asset Code",
                        "value": "@item()?['AssetCode']"
                      },
                      {
                        "header": "Model",
                        "value": "@item()?['Model']"
                      },
                      {
                        "header": "Asset Category",
                        "value": "@item()?['Category']"
                      },
                      {
                        "header": "Reason",
                        "value": "@item()?['ReasonText']"
                      }
                    ]
                  }
                }
              },
              "runAfter": {
                "ComposeTableCss": [
                  "Succeeded"
                ]
              },
              "metadata": {
                "operationMetadataId": "ef635316-01bc-4456-9e0e-6d2941329285"
              },
              "type": "Foreach"
            },
            "ComposeTableCss": {
              "runAfter": {
                "List_rows": [
                  "Succeeded"
                ]
              },
              "metadata": {
                "operationMetadataId": "fe6b3964-7368-4f79-a272-75bc6b24f539"
              },
              "type": "Compose",
              "inputs": "<style>\nTable {\n  font-family: Arial, Helvetica, sans-serif;\n  background-color: #EEEEEE;\n  border-collapse: collapse;\n  width: 100%;\n}\n\nTable td, Table th {\n  border: 1px solid #ddd;\n  padding: 3px 3px;\n}\n\nTable th {\n  font-size: 15px;\n  font-weight: bold;\n  padding-top: 12px;\n  padding-bottom: 12px;\n  text-align: center;\n  background-color: #1C6EA4;\n  color: white;\n}\n</style>"
            }
          },
          "runAfter": {
            "Initialize_variable": [
              "Succeeded"
            ]
          },
          "metadata": {
            "operationMetadataId": "93551452-ff55-4efc-86d2-d53d339eae52"
          },
          "type": "Scope"
        },
        "Catch": {
          "actions": {
            "Filter_array": {
              "runAfter": {},
              "metadata": {
                "operationMetadataId": "609495ee-080a-4492-a0fb-46cad40f4ea4"
              },
              "type": "Query",
              "inputs": {
                "from": "@result('Try')",
                "where": "@or(equals(item()?['status'], 'Failed'), equals(item()?['status'], 'TimedOut'))"
              }
            },
            "Send_an_email_(V2)": {
              "runAfter": {
                "Compose": [
                  "Succeeded"
                ]
              },
              "metadata": {
                "operationMetadataId": "230eaf17-630b-4744-bea2-af319e9ab1f1"
              },
              "type": "OpenApiConnection",
              "inputs": {
                "host": {
                  "connectionName": "shared_office365_1",
                  "operationId": "SendEmailV2",
                  "apiId": "/providers/Microsoft.PowerApps/apis/shared_office365"
                },
                "parameters": {
                  "emailMessage/To": "l-iarobot-u-iosseelm@inter.ikea.com",
                  "emailMessage/Subject": "@{workflow()?['tags/flowDisplayName']}  failed",
                  "emailMessage/Body": "<p>Hi,<br>\n<br>\nThis flow is failed due to below error.<br>\n@{outputs('Compose')}<br>\n<br>\n<br>\nAdmin<br>\n</p>",
                  "emailMessage/Importance": "Normal"
                },
                "authentication": "@parameters('$authentication')"
              }
            },
            "Create_HTML_table_2": {
              "runAfter": {
                "Filter_array": [
                  "Succeeded"
                ]
              },
              "metadata": {
                "operationMetadataId": "9dc2ad69-ec6f-48cc-97eb-da83a98a3021"
              },
              "type": "Table",
              "inputs": {
                "from": "@body('Filter_array')",
                "format": "HTML",
                "columns": [
                  {
                    "header": "Action",
                    "value": "@item()?['name']"
                  },
                  {
                    "header": "Status",
                    "value": "@item()?['Status']"
                  },
                  {
                    "header": "ErrorMessage",
                    "value": "@item()?['error']?['message']"
                  }
                ]
              }
            },
            "Compose": {
              "runAfter": {
                "Create_HTML_table_2": [
                  "Succeeded"
                ]
              },
              "metadata": {
                "operationMetadataId": "2b5038ba-f1e3-4b07-8f37-1f92bdafbde0"
              },
              "type": "Compose",
              "inputs": "<style>\ntable {\n  border: 1px solid #1C6EA4;\n  background-color: #EEEEEE;\n  width: 100%;\n  text-align: left;\n  border-collapse: collapse;\n}\ntable td, table th {\n  border: 1px solid #AAAAAA;\n  padding: 3px 2px;\n}\ntable tbody td {\n  font-size: 13px;\n}\ntable thead {\n  background: #1C6EA4;\n  border-bottom: 2px solid #444444;\n}\ntable thead th {\n  font-size: 15px;\n  font-weight: bold;\n  color: #FFFFFF;\n  border-left: 2px solid #D0E4F5;\n}\ntable thead th:first-child {\n  border-left: none;\n}\n</style>\n@{body('Create_HTML_table_2')}"
            },
            "Terminate": {
              "runAfter": {
                "Send_an_email_(V2)": [
                  "Succeeded"
                ]
              },
              "metadata": {
                "operationMetadataId": "3726e804-b1f8-4d27-acbd-f7fba7da8ac5"
              },
              "type": "Terminate",
              "inputs": {
                "runStatus": "Failed"
              }
            }
          },
          "runAfter": {
            "Try": [
              "Failed",
              "TimedOut"
            ]
          },
          "metadata": {
            "operationMetadataId": "c4037b97-8dae-49e7-be20-02f395f8eb21"
          },
          "type": "Scope"
        },
        "Initialize_variable": {
          "runAfter": {
            "Initialize_variable_2": [
              "Succeeded"
            ]
          },
          "metadata": {
            "operationMetadataId": "60a5e286-38de-43ec-aa9f-0cb822376810"
          },
          "type": "InitializeVariable",
          "inputs": {
            "variables": [
              {
                "name": "varEmailDLs",
                "type": "array"
              }
            ]
          }
        }
      }
    },
    "templateName": ""
  },
  "schemaVersion": "1.0.0.0"
}