{
  "properties": {
    "connectionReferences": {
      "shared_commondataserviceforapps_2": {
        "runtimeSource": "embedded",
        "connection": {
          "connectionReferenceLogicalName": "ikam_DataverseSAConnRef"
        },
        "api": {
          "name": "shared_commondataserviceforapps"
        }
      },
      "shared_commondataserviceforapps": {
        "runtimeSource": "embedded",
        "connection": {
          "connectionReferenceLogicalName": "ikam_DataverseSAConnRef"
        },
        "api": {
          "name": "shared_commondataserviceforapps"
        }
      },
      "shared_office365_1": {
        "runtimeSource": "embedded",
        "connection": {
          "connectionReferenceLogicalName": "ikam_sharedoffice365_87502"
        },
        "api": {
          "name": "shared_office365"
        }
      }
    },
    "definition": {
      "$schema": "https://schema.management.azure.com/providers/Microsoft.Logic/schemas/2016-06-01/workflowdefinition.json#",
      "contentVersion": "1.0.0.0",
      "parameters": {
        "$connections": {
          "defaultValue": {},
          "type": "Object"
        },
        "$authentication": {
          "defaultValue": {},
          "type": "SecureObject"
        }
      },
      "triggers": {
        "Recurrence": {
          "recurrence": {
            "frequency": "Day",
            "interval": 1,
            "startTime": "2023-08-09T06:15:00Z",
            "schedule": {
              "hours": [
                "23"
              ],
              "minutes": [
                45
              ]
            }
          },
          "metadata": {
            "operationMetadataId": "d2dcdd71-08f5-4a8a-82cb-33105458afdb"
          },
          "type": "Recurrence"
        }
      },
      "actions": {
        "Try": {
          "actions": {
            "List_rows_2": {
              "runAfter": {},
              "metadata": {
                "operationMetadataId": "2f2b12f7-78a9-4edb-8bb4-6e9e91e8b54b"
              },
              "type": "OpenApiConnection",
              "inputs": {
                "host": {
                  "connectionName": "shared_commondataserviceforapps_2",
                  "operationId": "ListRecords",
                  "apiId": "/providers/Microsoft.PowerApps/apis/shared_commondataserviceforapps"
                },
                "parameters": {
                  "entityName": "ikam_assetrequests",
                  "$filter": "ikam_effectivedate eq @{formatDateTime(addDays(utcNow(),1),'yyyy-M-d')} and ikam_requesttype eq 989100001 and (ikam_requeststatus eq 989100001 or ikam_requeststatus eq 989100002)"
                },
                "authentication": "@parameters('$authentication')"
              }
            },
            "Apply_to_each": {
              "foreach": "@outputs('List_rows_2')?['body/value']",
              "actions": {
                "List_Assets_rows": {
                  "runAfter": {},
                  "metadata": {
                    "operationMetadataId": "b0495d7b-ccc1-49a4-97f7-8bf3f06c7d49"
                  },
                  "type": "OpenApiConnection",
                  "inputs": {
                    "host": {
                      "connectionName": "shared_commondataserviceforapps_2",
                      "operationId": "ListRecords",
                      "apiId": "/providers/Microsoft.PowerApps/apis/shared_commondataserviceforapps"
                    },
                    "parameters": {
                      "entityName": "ikam_assetlineitemses",
                      "$filter": "_ikam_assetrequest_value eq @{items('Apply_to_each')?['ikam_assetrequestid']} and (statuscode eq 989100006 or statuscode eq 989100003 or statuscode eq 989100004)"
                    },
                    "authentication": "@parameters('$authentication')"
                  }
                },
                "Apply_to_each_2": {
                  "foreach": "@outputs('List_Assets_rows')?['body/value']",
                  "actions": {
                    "Condition": {
                      "actions": {
                        "Select_3": {
                          "runAfter": {
                            "List_rows": [
                              "Succeeded"
                            ]
                          },
                          "metadata": {
                            "operationMetadataId": "90a1f6e8-17b1-494b-aafb-93e70a16af71"
                          },
                          "type": "Select",
                          "inputs": {
                            "from": [
                              "@body('List_rows')"
                            ],
                            "select": {
                              "Category": "@{item()?['_ikam_assettype_value@OData.Community.Display.V1.FormattedValue']}-@{if(greater(length(item()?['ikam_description']), 10), concat(substring(item()?['ikam_description'], 0, 10), '...'), item()?['ikam_description'])}",
                              "StatusReason": "@items('Apply_to_each_2')?['statuscode']",
                              "AssetId": "@item()?['ikam_name']",
                              "SeriolNo": "@item()?['ikam_serialno']",
                              "Model": "@item()?['ikam_modelnumber']",
                              "ReasonText": "@item()?['ikam_reason@OData.Community.Display.V1.FormattedValue']"
                            }
                          }
                        },
                        "Append_to_array_variable": {
                          "runAfter": {
                            "Compose": [
                              "Succeeded"
                            ]
                          },
                          "metadata": {
                            "operationMetadataId": "cbe706a4-ba46-4e77-bd67-3db71320b5fb"
                          },
                          "type": "AppendToArrayVariable",
                          "inputs": {
                            "name": "varAssetInfo",
                            "value": "@outputs('Compose')"
                          }
                        },
                        "Compose": {
                          "runAfter": {
                            "Select_3": [
                              "Succeeded"
                            ]
                          },
                          "metadata": {
                            "operationMetadataId": "1159362a-7472-4c4c-95eb-4c2e68607bdf"
                          },
                          "type": "Compose",
                          "inputs": "@json(replace(replace(replace(string(outputs('Select_3')),']},{\"body\":[',','),'{\"body\":[',''),'}]}]','}]'))"
                        },
                        "List_rows": {
                          "runAfter": {},
                          "metadata": {
                            "operationMetadataId": "04c0ac46-f129-4b42-b00d-86e1c789cbcf"
                          },
                          "type": "OpenApiConnection",
                          "inputs": {
                            "host": {
                              "connectionName": "shared_commondataserviceforapps",
                              "operationId": "GetItem",
                              "apiId": "/providers/Microsoft.PowerApps/apis/shared_commondataserviceforapps"
                            },
                            "parameters": {
                              "entityName": "ikam_assetinventories",
                              "recordId": "@items('Apply_to_each_2')?['_ikam_assetinventory_value']"
                            },
                            "authentication": "@parameters('$authentication')"
                          }
                        }
                      },
                      "runAfter": {},
                      "else": {
                        "actions": {
                          "Append_to_array_variable_2": {
                            "runAfter": {
                              "Compose_2": [
                                "Succeeded"
                              ]
                            },
                            "metadata": {
                              "operationMetadataId": "33df3e84-2a9b-4a81-9885-25ca90c68e97"
                            },
                            "type": "AppendToArrayVariable",
                            "inputs": {
                              "name": "varAssetInfo",
                              "value": "@outputs('Compose_2')"
                            }
                          },
                          "Select_2": {
                            "runAfter": {
                              "List_rows_5": [
                                "Succeeded"
                              ]
                            },
                            "metadata": {
                              "operationMetadataId": "90a1f6e8-17b1-494b-aafb-93e70a16af71"
                            },
                            "type": "Select",
                            "inputs": {
                              "from": [
                                "@body('List_rows_5')"
                              ],
                              "select": {
                                "Category": "@item()?['_ikam_assettype_value@OData.Community.Display.V1.FormattedValue']",
                                "StatusReason": "@items('Apply_to_each_2')?['statuscode']",
                                "AssetId": "@item()?['ikam_name']",
                                "SeriolNo": "@item()?['ikam_serialno']",
                                "Model": "@item()?['ikam_modelnumber']",
                                "ReasonText": "@item()?['ikam_reason@OData.Community.Display.V1.FormattedValue']"
                              }
                            }
                          },
                          "Compose_2": {
                            "runAfter": {
                              "Select_2": [
                                "Succeeded"
                              ]
                            },
                            "metadata": {
                              "operationMetadataId": "1d79e526-7b29-4dc5-9dfb-7d5da16d3524"
                            },
                            "type": "Compose",
                            "inputs": "@json(replace(replace(replace(string(outputs('Select_2')),']},{\"body\":[',','),'{\"body\":[',''),'}]}]','}]'))"
                          },
                          "List_rows_5": {
                            "runAfter": {},
                            "metadata": {
                              "operationMetadataId": "04c0ac46-f129-4b42-b00d-86e1c789cbcf"
                            },
                            "type": "OpenApiConnection",
                            "inputs": {
                              "host": {
                                "connectionName": "shared_commondataserviceforapps",
                                "operationId": "GetItem",
                                "apiId": "/providers/Microsoft.PowerApps/apis/shared_commondataserviceforapps"
                              },
                              "parameters": {
                                "entityName": "ikam_assetinventories",
                                "recordId": "@items('Apply_to_each_2')?['_ikam_assetinventory_value']"
                              },
                              "authentication": "@parameters('$authentication')"
                            }
                          }
                        }
                      },
                      "expression": {
                        "equals": [
                          "@items('Apply_to_each_2')?['_ikam_assettype_value@OData.Community.Display.V1.FormattedValue']",
                          "Other"
                        ]
                      },
                      "metadata": {
                        "operationMetadataId": "f0e68301-2b79-460d-97d3-5288e6110208"
                      },
                      "type": "If"
                    }
                  },
                  "runAfter": {
                    "List_Assets_rows": [
                      "Succeeded"
                    ]
                  },
                  "metadata": {
                    "operationMetadataId": "048c0c66-b0d4-41a1-9262-9b3852a235e5"
                  },
                  "type": "Foreach"
                },
                "Filter_array": {
                  "runAfter": {
                    "Apply_to_each_2": [
                      "Succeeded"
                    ]
                  },
                  "metadata": {
                    "operationMetadataId": "39d68c88-ec9e-48e6-9a12-bdbb03ca5553"
                  },
                  "type": "Query",
                  "inputs": {
                    "from": "@variables('varAssetInfo')",
                    "where": "@equals(item()?['StatusReason'], 989100006)"
                  }
                },
                "Filter_array_2": {
                  "runAfter": {
                    "Create_HTML_table_2": [
                      "Succeeded"
                    ]
                  },
                  "metadata": {
                    "operationMetadataId": "6e18779d-7fdc-4a96-bf0c-a48e3d84b897"
                  },
                  "type": "Query",
                  "inputs": {
                    "from": "@variables('varAssetInfo')",
                    "where": "@equals(item()?['StatusReason'], 989100003)"
                  }
                },
                "Create_HTML_table": {
                  "runAfter": {
                    "Filter_array_2": [
                      "Succeeded"
                    ]
                  },
                  "metadata": {
                    "operationMetadataId": "cfebfb63-1579-4df1-85f6-b543c59b89d6"
                  },
                  "type": "Table",
                  "inputs": {
                    "from": "@body('Filter_array_2')",
                    "format": "HTML",
                    "columns": [
                      {
                        "header": "Asset ID",
                        "value": "@item()?['AssetId']"
                      },
                      {
                        "header": "Serial number",
                        "value": "@item()?['SeriolNo']"
                      },
                      {
                        "header": "Asset Code",
                        "value": "@item()?['AssetCode']"
                      },
                      {
                        "header": "Model",
                        "value": "@item()?['Model']"
                      },
                      {
                        "header": "Asset Category",
                        "value": "@item()?['Category']"
                      }
                    ]
                  }
                },
                "Send_an_email_(V2)": {
                  "runAfter": {
                    "Get_IT_Team_Email": [
                      "Succeeded"
                    ]
                  },
                  "metadata": {
                    "operationMetadataId": "0261f403-c82e-44b2-a053-dfbc9fd2d7ba"
                  },
                  "type": "OpenApiConnection",
                  "inputs": {
                    "host": {
                      "connectionName": "shared_office365_1",
                      "operationId": "SendEmailV2",
                      "apiId": "/providers/Microsoft.PowerApps/apis/shared_office365"
                    },
                    "parameters": {
                      "emailMessage/To": "@{outputs('Get_Employee_Email')?['body/ikam_mail']};",
                      "emailMessage/Subject": "Termination | @{items('Apply_to_each')?['ikam_requestid']} | Reminder 1 | @{items('Apply_to_each')?['ikam_requeststatus@OData.Community.Display.V1.FormattedValue']}_Asset Management",
                      "emailMessage/Body": "<p>Hello,<br>\n<br>\nReminder 1 days notice!<br>\n<br>\nThe request @{items('Apply_to_each')?['ikam_requestid']} has not been completed for Co-worker ID:@{items('Apply_to_each')?['ikam_searchid']} leaving @{formatDateTime(items('Apply_to_each')?['ikam_effectivedate'],'yyyy-M-d')}.<br>\n<br>\n@{if(greater(length(outputs('Filter_array')?['body']),0),'Co-worker has returned these assets:','')}<br>\n@{if(greater(length(outputs('Filter_array')?['body']),0),body('create_HTML_table_2'),'')}<br>\n<br>\n@{if(greater(length(outputs('Filter_array_2')?['body']),0),'Co-worker still needs to return these assets:','')}<br>\n@{if(greater(length(outputs('Filter_array_2')?['body']),0),body('create_HTML_table'),'')}<br>\n<br>\n@{if(greater(length(outputs('Filter_array_3')?['body']),0),'Please note that these assets are not returned:','')}<br>\n@{if(greater(length(outputs('Filter_array_3')?['body']),0),body('create_HTML_table_3'),'')}<br>\n@{outputs('ComposeTableCss')}<br>\n<br>\n<br>\nBest regards,<br>\nPeople and Culture</p>",
                      "emailMessage/Importance": "Normal"
                    },
                    "authentication": "@parameters('$authentication')"
                  }
                },
                "Get_IT_Team_Email": {
                  "runAfter": {
                    "Get_Employee_Email": [
                      "Succeeded"
                    ]
                  },
                  "metadata": {
                    "operationMetadataId": "cd65cccd-7f18-4732-b6d5-4f9217ed002e"
                  },
                  "type": "OpenApiConnection",
                  "inputs": {
                    "host": {
                      "connectionName": "shared_commondataserviceforapps_2",
                      "operationId": "ListRecords",
                      "apiId": "/providers/Microsoft.PowerApps/apis/shared_commondataserviceforapps"
                    },
                    "parameters": {
                      "entityName": "teams",
                      "$filter": "_ikam_location_value eq @{items('Apply_to_each')?['_ikam_location_value']} and ikam_role eq 989100001",
                      "$top": 1
                    },
                    "authentication": "@parameters('$authentication')"
                  }
                },
                "Set_variable_2": {
                  "runAfter": {
                    "Send_an_email_(V2)": [
                      "Succeeded"
                    ]
                  },
                  "metadata": {
                    "operationMetadataId": "55628edb-7028-4df7-8bbe-540684699b5c"
                  },
                  "type": "SetVariable",
                  "inputs": {
                    "name": "varAssetInfo",
                    "value": []
                  }
                },
                "Get_Employee_Email": {
                  "runAfter": {
                    "Create_HTML_table_3": [
                      "Succeeded"
                    ]
                  },
                  "metadata": {
                    "operationMetadataId": "a1cb53c5-6222-4c37-a146-d596cc807bad"
                  },
                  "type": "OpenApiConnection",
                  "inputs": {
                    "host": {
                      "connectionName": "shared_commondataserviceforapps_2",
                      "operationId": "GetItem",
                      "apiId": "/providers/Microsoft.PowerApps/apis/shared_commondataserviceforapps"
                    },
                    "parameters": {
                      "entityName": "ikam_employees",
                      "recordId": "@items('Apply_to_each')?['_ikam_empid_value']",
                      "$select": "ikam_mail,ikam_name"
                    },
                    "authentication": "@parameters('$authentication')"
                  }
                },
                "ComposeTableCss": {
                  "runAfter": {
                    "Filter_array": [
                      "Succeeded"
                    ]
                  },
                  "metadata": {
                    "operationMetadataId": "fe6b3964-7368-4f79-a272-75bc6b24f539"
                  },
                  "type": "Compose",
                  "inputs": "<style>\nTable {\n  font-family: Arial, Helvetica, sans-serif;\n  background-color: #EEEEEE;\n  border-collapse: collapse;\n  width: 100%;\n}\n\nTable td, Table th {\n  border: 1px solid #ddd;\n  padding: 3px 3px;\n}\n\nTable th {\n  font-size: 15px;\n  font-weight: bold;\n  padding-top: 12px;\n  padding-bottom: 12px;\n  text-align: center;\n  background-color: #1C6EA4;\n  color: white;\n}\n</style>"
                },
                "Create_HTML_table_2": {
                  "runAfter": {
                    "ComposeTableCss": [
                      "Succeeded"
                    ]
                  },
                  "metadata": {
                    "operationMetadataId": "642f20dd-0bd1-4769-8579-aec7017164b9"
                  },
                  "type": "Table",
                  "inputs": {
                    "from": "@body('Filter_array')",
                    "format": "HTML",
                    "columns": [
                      {
                        "header": "Asset ID",
                        "value": "@item()?['AssetId']"
                      },
                      {
                        "header": "Serial number",
                        "value": "@item()?['SeriolNo']"
                      },
                      {
                        "header": "Asset Code",
                        "value": "@item()?['AssetCode']"
                      },
                      {
                        "header": "Model",
                        "value": "@item()?['Model']"
                      },
                      {
                        "header": "Asset Category",
                        "value": "@item()?['Category']"
                      }
                    ]
                  }
                },
                "Filter_array_3": {
                  "runAfter": {
                    "Create_HTML_table": [
                      "Succeeded"
                    ]
                  },
                  "metadata": {
                    "operationMetadataId": "6e18779d-7fdc-4a96-bf0c-a48e3d84b897"
                  },
                  "type": "Query",
                  "inputs": {
                    "from": "@variables('varAssetInfo')",
                    "where": "@equals(item()?['StatusReason'], 989100004)"
                  }
                },
                "Create_HTML_table_3": {
                  "runAfter": {
                    "Filter_array_3": [
                      "Succeeded"
                    ]
                  },
                  "metadata": {
                    "operationMetadataId": "cfebfb63-1579-4df1-85f6-b543c59b89d6"
                  },
                  "type": "Table",
                  "inputs": {
                    "from": "@body('Filter_array_3')",
                    "format": "HTML",
                    "columns": [
                      {
                        "header": "Asset ID",
                        "value": "@item()?['AssetId']"
                      },
                      {
                        "header": "Serial number",
                        "value": "@item()?['SeriolNo']"
                      },
                      {
                        "header": "Asset Code",
                        "value": "@item()?['AssetCode']"
                      },
                      {
                        "header": "Model",
                        "value": "@item()?['Model']"
                      },
                      {
                        "header": "Asset Category",
                        "value": "@item()?['Category']"
                      },
                      {
                        "header": "Reason",
                        "value": "@item()?['ReasonText']"
                      }
                    ]
                  }
                }
              },
              "runAfter": {
                "List_rows_2": [
                  "Succeeded"
                ]
              },
              "metadata": {
                "operationMetadataId": "ef635316-01bc-4456-9e0e-6d2941329285"
              },
              "type": "Foreach"
            }
          },
          "runAfter": {
            "Initialize_variable_2": [
              "Succeeded"
            ]
          },
          "metadata": {
            "operationMetadataId": "3155d2d8-8ef6-4536-91d9-01982bab853d"
          },
          "type": "Scope"
        },
        "Initialize_variable": {
          "runAfter": {},
          "metadata": {
            "operationMetadataId": "4c44cb3d-912f-42f6-b1cf-aca78b8ea313"
          },
          "type": "InitializeVariable",
          "inputs": {
            "variables": [
              {
                "name": "varAssetInfo",
                "type": "array"
              }
            ]
          }
        },
        "Initialize_variable_2": {
          "runAfter": {
            "Initialize_variable": [
              "Succeeded"
            ]
          },
          "metadata": {
            "operationMetadataId": "4c44cb3d-912f-42f6-b1cf-aca78b8ea313"
          },
          "type": "InitializeVariable",
          "inputs": {
            "variables": [
              {
                "name": "varAssetInfo2",
                "type": "array"
              }
            ]
          }
        },
        "Catch": {
          "actions": {
            "Send_an_email_(V2)_3": {
              "runAfter": {},
              "metadata": {
                "operationMetadataId": "758d9f8e-7153-464e-baee-51e62d539d5a"
              },
              "type": "OpenApiConnection",
              "inputs": {
                "host": {
                  "connectionName": "shared_office365_1",
                  "operationId": "SendEmailV2",
                  "apiId": "/providers/Microsoft.PowerApps/apis/shared_office365"
                },
                "parameters": {
                  "emailMessage/To": "l-iarobot-u-iosseelm@inter.ikea.com",
                  "emailMessage/Subject": "@{workflow()?['tags/flowDisplayName']} failed",
                  "emailMessage/Body": "<p>Hi,<br>\n<br>\nThis flow is failed.<br>\n<br>\n<br>\nAdmin<br>\n</p>",
                  "emailMessage/Importance": "Normal"
                },
                "authentication": "@parameters('$authentication')"
              }
            }
          },
          "runAfter": {
            "Try": [
              "Failed"
            ]
          },
          "metadata": {
            "operationMetadataId": "29d43d63-f4c7-41e7-9509-334b616e1f6b"
          },
          "type": "Scope"
        }
      }
    },
    "templateName": ""
  },
  "schemaVersion": "1.0.0.0"
}