{
  "properties": {
    "connectionReferences": {
      "shared_commondataserviceforapps_1": {
        "runtimeSource": "embedded",
        "connection": {
          "connectionReferenceLogicalName": "ikam_DataverseSAConnRef"
        },
        "api": {
          "name": "shared_commondataserviceforapps"
        }
      }
    },
    "definition": {
      "$schema": "https://schema.management.azure.com/providers/Microsoft.Logic/schemas/2016-06-01/workflowdefinition.json#",
      "contentVersion": "1.0.0.0",
      "parameters": {
        "$connections": {
          "defaultValue": {},
          "type": "Object"
        },
        "$authentication": {
          "defaultValue": {},
          "type": "SecureObject"
        }
      },
      "triggers": {
        "manual": {
          "metadata": {
            "operationMetadataId": "0d5c50dd-8a6d-4a6b-877d-594550ba16c4"
          },
          "type": "Request",
          "kind": "Button",
          "inputs": {
            "schema": {
              "type": "object",
              "properties": {},
              "required": []
            }
          }
        }
      },
      "actions": {
        "Get_Users": {
          "runAfter": {
            "Apply_to_each_3": [
              "Succeeded"
            ]
          },
          "metadata": {
            "operationMetadataId": "40187023-a1ea-4270-a14f-bff05bcd495b"
          },
          "type": "OpenApiConnection",
          "inputs": {
            "host": {
              "connectionName": "shared_commondataserviceforapps_1",
              "operationId": "ListRecords",
              "apiId": "/providers/Microsoft.PowerApps/apis/shared_commondataserviceforapps"
            },
            "parameters": {
              "entityName": "systemusers",
              "fetchXml": "<fetch version=\"1.0\" output-format=\"xml-platform\" mapping=\"logical\" distinct=\"true\">\n  <entity name=\"systemuser\">\n    <attribute name=\"fullname\" />\n    <attribute name=\"businessunitid\" />\n    <attribute name=\"title\" />\n    <attribute name=\"address1_telephone1\" />\n    <attribute name=\"positionid\" />\n    <attribute name=\"systemuserid\" />\n    <order attribute=\"fullname\" descending=\"false\" />\n    <filter type=\"and\">\n      <condition attribute=\"businessunitid\" operator=\"eq-businessid\" />\n      <condition attribute=\"systemuserid\" operator=\"ne-userid\" />\n    </filter>\n    <link-entity name=\"teammembership\" from=\"systemuserid\" to=\"systemuserid\" visible=\"false\" intersect=\"true\">\n      <link-entity name=\"team\" from=\"teamid\" to=\"teamid\" alias=\"ae\">\n        <filter type=\"and\">\n          <condition attribute=\"ikam_role\" operator=\"in\">\n            <value>989100003</value>\n            <value>989100001</value>\n            <value>989100006</value>\n            <value>989100004</value>\n            <value>989100005</value>\n            <value>989100000</value>\n            <value>989100002</value>\n          </condition>\n        </filter>\n      </link-entity>\n    </link-entity>\n  </entity>\n</fetch>"
            },
            "authentication": {
              "type": "Raw",
              "value": "@json(decodeBase64(triggerOutputs().headers['X-MS-APIM-Tokens']))['$ConnectionKey']"
            }
          }
        },
        "Apply_to_each": {
          "foreach": "@outputs('Get_Users')?['body/value']",
          "actions": {
            "Apply_to_each_2": {
              "foreach": "@outputs('Get_ROW_BU_')?['body/value']",
              "actions": {
                "Update_a_row": {
                  "runAfter": {},
                  "metadata": {
                    "operationMetadataId": "0cdd394a-ac80-4ef3-832e-ac6762e030a1"
                  },
                  "type": "OpenApiConnection",
                  "inputs": {
                    "host": {
                      "connectionName": "shared_commondataserviceforapps_1",
                      "operationId": "UpdateRecord",
                      "apiId": "/providers/Microsoft.PowerApps/apis/shared_commondataserviceforapps"
                    },
                    "parameters": {
                      "entityName": "systemusers",
                      "recordId": "@items('Apply_to_each')?['systemuserid']"
                    },
                    "authentication": {
                      "type": "Raw",
                      "value": "@json(decodeBase64(triggerOutputs().headers['X-MS-APIM-Tokens']))['$ConnectionKey']"
                    }
                  }
                }
              },
              "runAfter": {},
              "metadata": {
                "operationMetadataId": "5f8ea671-ee34-46cb-a654-659d0ffe6cab"
              },
              "type": "Foreach"
            }
          },
          "runAfter": {
            "Get_Users": [
              "Succeeded"
            ]
          },
          "metadata": {
            "operationMetadataId": "715faf48-5a80-425b-8e8e-8db7c9254bb4"
          },
          "type": "Foreach"
        },
        "Get_ROW_BU_": {
          "runAfter": {
            "Initialize_variable": [
              "Succeeded"
            ]
          },
          "metadata": {
            "operationMetadataId": "dbb88de7-c470-42a6-be2e-0ab717e51254"
          },
          "type": "OpenApiConnection",
          "inputs": {
            "host": {
              "connectionName": "shared_commondataserviceforapps_1",
              "operationId": "ListRecords",
              "apiId": "/providers/Microsoft.PowerApps/apis/shared_commondataserviceforapps"
            },
            "parameters": {
              "entityName": "businessunits",
              "fetchXml": "<fetch version=\"1.0\" output-format=\"xml-platform\" mapping=\"logical\" distinct=\"false\">\n  <entity name=\"businessunit\">\n    <attribute name=\"name\" />\n    <attribute name=\"address1_telephone1\" />\n    <attribute name=\"websiteurl\" />\n    <attribute name=\"parentbusinessunitid\" />\n    <attribute name=\"businessunitid\" />\n    <order attribute=\"name\" descending=\"false\" />\n    <filter type=\"and\">\n      <condition attribute=\"name\" operator=\"like\" value=\"%row%\" />\n    </filter>\n  </entity>\n</fetch>"
            },
            "authentication": {
              "type": "Raw",
              "value": "@json(decodeBase64(triggerOutputs().headers['X-MS-APIM-Tokens']))['$ConnectionKey']"
            }
          }
        },
        "Initialize_variable": {
          "runAfter": {},
          "metadata": {
            "operationMetadataId": "d5c275f7-1963-4189-903c-2ee4fea4cf53"
          },
          "type": "InitializeVariable",
          "inputs": {
            "variables": [
              {
                "name": "BU ID",
                "type": "string"
              }
            ]
          }
        },
        "Apply_to_each_3": {
          "foreach": "@outputs('Get_ROW_BU_')?['body/value']",
          "actions": {
            "Set_variable": {
              "runAfter": {},
              "metadata": {
                "operationMetadataId": "658728dc-e312-4b93-bc7b-2e1cdf86c4a2"
              },
              "type": "SetVariable",
              "inputs": {
                "name": "BU ID",
                "value": "@items('Apply_to_each_3')?['businessunitid']"
              }
            }
          },
          "runAfter": {
            "Get_ROW_BU_": [
              "Succeeded"
            ]
          },
          "metadata": {
            "operationMetadataId": "2b813746-9892-4c9c-b2ec-5ca29796db23"
          },
          "type": "Foreach"
        }
      }
    },
    "templateName": null
  },
  "schemaVersion": "1.0.0.0"
}