{
  "properties": {
    "connectionReferences": {
      "shared_commondataserviceforapps_1": {
        "runtimeSource": "embedded",
        "connection": {
          "connectionReferenceLogicalName": "ikam_DataverseSAConnRef"
        },
        "api": {
          "name": "shared_commondataserviceforapps"
        }
      }
    },
    "definition": {
      "$schema": "https://schema.management.azure.com/providers/Microsoft.Logic/schemas/2016-06-01/workflowdefinition.json#",
      "contentVersion": "1.0.0.0",
      "parameters": {
        "$connections": {
          "defaultValue": {},
          "type": "Object"
        },
        "$authentication": {
          "defaultValue": {},
          "type": "SecureObject"
        }
      },
      "triggers": {
        "manual": {
          "metadata": {
            "operationMetadataId": "2e0e78c5-36ba-45e0-a2f8-b142dc03a155"
          },
          "type": "Request",
          "kind": "Button",
          "inputs": {
            "schema": {
              "type": "object",
              "properties": {},
              "required": []
            }
          }
        }
      },
      "actions": {
        "List_rows": {
          "runAfter": {},
          "metadata": {
            "operationMetadataId": "bc8ddc8e-088c-494c-acf3-ead8c6d11729"
          },
          "type": "OpenApiConnection",
          "inputs": {
            "host": {
              "connectionName": "shared_commondataserviceforapps_1",
              "operationId": "ListRecords",
              "apiId": "/providers/Microsoft.PowerApps/apis/shared_commondataserviceforapps"
            },
            "parameters": {
              "entityName": "ikam_assetinventories",
              "$select": "statuscode,ikam_reason,ikam_assetinventoryid",
              "$filter": "statuscode eq 2 and (ikam_reason eq 989100000 or ikam_reason eq 989100001 or ikam_reason eq 989100002)"
            },
            "authentication": {
              "type": "Raw",
              "value": "@json(decodeBase64(triggerOutputs().headers['X-MS-APIM-Tokens']))['$ConnectionKey']"
            }
          }
        },
        "Compose": {
          "runAfter": {
            "List_rows": [
              "Succeeded"
            ]
          },
          "metadata": {
            "operationMetadataId": "6d24804a-f075-4b29-a96d-7b479f1a3624"
          },
          "type": "Compose",
          "inputs": "@length(outputs('List_rows')?['body/value'])"
        },
        "Apply_to_each": {
          "foreach": "@outputs('List_rows')?['body/value']",
          "actions": {
            "Update_a_row": {
              "runAfter": {},
              "metadata": {
                "operationMetadataId": "c37898ef-ffbd-420e-bc24-a9985314adeb"
              },
              "type": "OpenApiConnection",
              "inputs": {
                "host": {
                  "connectionName": "shared_commondataserviceforapps_1",
                  "operationId": "UpdateRecord",
                  "apiId": "/providers/Microsoft.PowerApps/apis/shared_commondataserviceforapps"
                },
                "parameters": {
                  "entityName": "ikam_assetinventories",
                  "recordId": "@items('Apply_to_each')?['ikam_assetinventoryid']",
                  "item/statuscode": "@if(equals(items('Apply_to_each')?['ikam_reason'],989100000),989100008,if(equals(items('Apply_to_each')?['ikam_reason'],989100001),989100009,989100010))"
                },
                "authentication": {
                  "type": "Raw",
                  "value": "@json(decodeBase64(triggerOutputs().headers['X-MS-APIM-Tokens']))['$ConnectionKey']"
                }
              }
            }
          },
          "runAfter": {
            "Compose": [
              "Succeeded"
            ]
          },
          "metadata": {
            "operationMetadataId": "30e0eb6f-4e76-4151-95ee-4cf98d5e70bf"
          },
          "type": "Foreach"
        }
      }
    },
    "templateName": ""
  },
  "schemaVersion": "1.0.0.0"
}