{
  "properties": {
    "connectionReferences": {
      "shared_commondataserviceforapps_1": {
        "runtimeSource": "embedded",
        "connection": {
          "connectionReferenceLogicalName": "ikam_DataverseSAConnRef"
        },
        "api": {
          "name": "shared_commondataserviceforapps"
        }
      }
    },
    "definition": {
      "$schema": "https://schema.management.azure.com/providers/Microsoft.Logic/schemas/2016-06-01/workflowdefinition.json#",
      "contentVersion": "1.0.0.0",
      "parameters": {
        "$connections": {
          "defaultValue": {},
          "type": "Object"
        },
        "$authentication": {
          "defaultValue": {},
          "type": "SecureObject"
        }
      },
      "triggers": {
        "manual": {
          "metadata": {
            "operationMetadataId": "5702a068-c8a4-45b3-b681-d463aec26113"
          },
          "type": "Request",
          "kind": "PowerAppV2",
          "inputs": {
            "schema": {
              "type": "object",
              "properties": {
                "text": {
                  "title": "employeeid",
                  "type": "string",
                  "x-ms-dynamically-added": true,
                  "description": "Please enter your input",
                  "x-ms-content-hint": "TEXT"
                },
                "text_1": {
                  "title": "isemplid",
                  "type": "string",
                  "x-ms-dynamically-added": true,
                  "description": "Please enter your input",
                  "x-ms-content-hint": "TEXT"
                }
              },
              "required": [
                "text",
                "text_1"
              ]
            }
          }
        }
      },
      "actions": {
        "Condition_1": {
          "actions": {
            "Condition": {
              "actions": {
                "HTTP": {
                  "runAfter": {},
                  "metadata": {
                    "operationMetadataId": "499a8ce9-1cd5-4762-87cd-e96da469ba47"
                  },
                  "type": "Http",
                  "inputs": {
                    "method": "GET",
                    "uri": "https://graph.microsoft.com/v1.0/users?$filter=(employeeID eq '@{triggerBody()['text']}')&$select=employeeId,userId,givenName,surname,mobilePhone,mail,jobTitle,department,costCenter,costCentre,companyName,location,country,manager,userPrincipalName,city,usageLocation,officeLocation,region,mailNickname,countryName",
                    "headers": {
                      "Content-Type": "application/json"
                    },
                    "authentication": {
                      "type": "ActiveDirectoryOAuth",
                      "authority": "https://login.microsoft.com",
                      "tenant": "a33c6ac4-a52e-45c5-af07-b972df9bd004",
                      "audience": "https://graph.microsoft.com",
                      "clientId": "03bd0295-496e-4418-97f7-efa2be6ef7af",
                      "secret": "KCF8Q~zsk6MCz4Asp~_XTy1L.q9swpYKqAtS_cJp"
                    }
                  }
                },
                "Response": {
                  "runAfter": {
                    "HTTP": [
                      "Succeeded"
                    ]
                  },
                  "metadata": {
                    "operationMetadataId": "00c2fd28-2ad9-450f-a66c-80de927bc11e"
                  },
                  "type": "Response",
                  "kind": "Http",
                  "inputs": {
                    "statusCode": 200,
                    "body": "@body('HTTP')?['value']?[0]",
                    "schema": {
                      "type": "object",
                      "properties": {
                        "employeeId": {
                          "type": "string"
                        },
                        "givenName": {
                          "type": "string"
                        },
                        "surname": {
                          "type": "string"
                        },
                        "mobilePhone": {
                          "type": "string"
                        },
                        "mail": {
                          "type": "string"
                        },
                        "jobTitle": {
                          "type": "string"
                        },
                        "department": {
                          "type": "string"
                        },
                        "companyName": {
                          "type": "string"
                        },
                        "country": {
                          "type": "string"
                        },
                        "userPrincipalName": {
                          "type": "string"
                        },
                        "city": {
                          "type": "string"
                        },
                        "usageLocation": {
                          "type": "string"
                        },
                        "officeLocation": {
                          "type": "string"
                        },
                        "mailNickname": {
                          "type": "string"
                        },
                        "environmentid": {
                          "type": "string"
                        }
                      }
                    }
                  }
                }
              },
              "runAfter": {},
              "else": {
                "actions": {
                  "HTTP_2": {
                    "runAfter": {},
                    "metadata": {
                      "operationMetadataId": "418656ee-c2ba-4c8e-8a29-be5fa25b69ac"
                    },
                    "type": "Http",
                    "inputs": {
                      "method": "GET",
                      "uri": "https://graph.microsoft.com/v1.0/users?$filter=(mailNickname eq '@{triggerBody()['text']}')&$select=employeeId,userId,givenName,surname,mobilePhone,mail,jobTitle,department,costCenter,costCentre,companyName,location,country,manager,userPrincipalName,city,usageLocation,officeLocation,region,mailNickname,countryName",
                      "authentication": {
                        "type": "ActiveDirectoryOAuth",
                        "authority": "https://login.microsoft.com",
                        "tenant": "a33c6ac4-a52e-45c5-af07-b972df9bd004",
                        "audience": "https://graph.microsoft.com",
                        "clientId": "03bd0295-496e-4418-97f7-efa2be6ef7af",
                        "secret": "KCF8Q~zsk6MCz4Asp~_XTy1L.q9swpYKqAtS_cJp"
                      }
                    }
                  },
                  "Response_2": {
                    "runAfter": {
                      "HTTP_2": [
                        "Succeeded"
                      ]
                    },
                    "metadata": {
                      "operationMetadataId": "00c2fd28-2ad9-450f-a66c-80de927bc11e"
                    },
                    "type": "Response",
                    "kind": "Http",
                    "inputs": {
                      "statusCode": 200,
                      "body": "@body('HTTP_2')?['value']?[0]",
                      "schema": {
                        "type": "object",
                        "properties": {
                          "employeeId": {
                            "type": "string"
                          },
                          "givenName": {
                            "type": "string"
                          },
                          "surname": {
                            "type": "string"
                          },
                          "mobilePhone": {
                            "type": "string"
                          },
                          "mail": {
                            "type": "string"
                          },
                          "jobTitle": {
                            "type": "string"
                          },
                          "department": {
                            "type": "string"
                          },
                          "companyName": {
                            "type": "string"
                          },
                          "country": {
                            "type": "string"
                          },
                          "userPrincipalName": {
                            "type": "string"
                          },
                          "city": {
                            "type": "string"
                          },
                          "usageLocation": {
                            "type": "string"
                          },
                          "officeLocation": {
                            "type": "string"
                          },
                          "mailNickname": {
                            "type": "string"
                          },
                          "environmentid": {
                            "type": "string"
                          }
                        }
                      }
                    }
                  }
                }
              },
              "expression": {
                "equals": [
                  "@triggerBody()['text_1']",
                  "yes"
                ]
              },
              "metadata": {
                "operationMetadataId": "663626a4-7270-4cf5-baa9-20cdfe36296f"
              },
              "type": "If"
            }
          },
          "runAfter": {
            "Initialize_variable": [
              "Succeeded"
            ]
          },
          "else": {
            "actions": {
              "List_rows": {
                "runAfter": {},
                "metadata": {
                  "operationMetadataId": "f09afa8e-9e98-4bc3-bb8a-3196bc0cb1ae"
                },
                "type": "OpenApiConnection",
                "inputs": {
                  "host": {
                    "connectionName": "shared_commondataserviceforapps_1",
                    "operationId": "ListRecords",
                    "apiId": "/providers/Microsoft.PowerApps/apis/shared_commondataserviceforapps"
                  },
                  "parameters": {
                    "entityName": "ikam_employees",
                    "$filter": "ikam_name eq '@{triggerBody()['text']}'",
                    "$top": 1
                  },
                  "authentication": "@parameters('$authentication')"
                }
              },
              "Condition_2": {
                "actions": {
                  "Response_3": {
                    "runAfter": {},
                    "metadata": {
                      "operationMetadataId": "00c2fd28-2ad9-450f-a66c-80de927bc11e"
                    },
                    "type": "Response",
                    "kind": "Http",
                    "inputs": {
                      "statusCode": 200,
                      "body": {
                        "employeeId": null,
                        "givenName": "@{first(outputs('List_rows')?['body/value'])?['ikam_name']}",
                        "surname": "@{first(outputs('List_rows')?['body/value'])?['ikam_surname']}",
                        "mobilePhone": null,
                        "mail": "@{first(outputs('List_rows')?['body/value'])?['ikam_mail']}",
                        "jobTitle": "@{first(outputs('List_rows')?['body/value'])?['ikam_jobtitle']}",
                        "department": "@{first(outputs('List_rows')?['body/value'])?['ikam_department']}",
                        "companyName": null,
                        "country": "@{first(outputs('List_rows')?['body/value'])?['ikam_country']}",
                        "userPrincipalName": null,
                        "city": null,
                        "usageLocation": null,
                        "officeLocation": "@{first(outputs('List_rows')?['body/value'])?['_ikam_officelocation_value@OData.Community.Display.V1.FormattedValue']}",
                        "mailNickname": "@{first(outputs('List_rows')?['body/value'])?['ikam_name']}",
                        "environmentid": "@{workflow()['tags']['environmentName']}"
                      },
                      "schema": {
                        "type": "object",
                        "properties": {
                          "employeeId": {
                            "type": "string"
                          },
                          "givenName": {
                            "type": "string"
                          },
                          "surname": {
                            "type": "string"
                          },
                          "mobilePhone": {
                            "type": "string"
                          },
                          "mail": {
                            "type": "string"
                          },
                          "jobTitle": {
                            "type": "string"
                          },
                          "department": {
                            "type": "string"
                          },
                          "companyName": {
                            "type": "string"
                          },
                          "country": {
                            "type": "string"
                          },
                          "userPrincipalName": {
                            "type": "string"
                          },
                          "city": {
                            "type": "string"
                          },
                          "usageLocation": {
                            "type": "string"
                          },
                          "officeLocation": {
                            "type": "string"
                          },
                          "mailNickname": {
                            "type": "string"
                          },
                          "environmentid": {
                            "type": "string"
                          }
                        }
                      }
                    }
                  }
                },
                "runAfter": {
                  "List_rows": [
                    "Succeeded"
                  ]
                },
                "else": {
                  "actions": {
                    "List_rows_2": {
                      "runAfter": {},
                      "metadata": {
                        "operationMetadataId": "99d39520-6419-4414-a76d-5a22b7387e15"
                      },
                      "type": "OpenApiConnection",
                      "inputs": {
                        "host": {
                          "connectionName": "shared_commondataserviceforapps_1",
                          "operationId": "ListRecords",
                          "apiId": "/providers/Microsoft.PowerApps/apis/shared_commondataserviceforapps"
                        },
                        "parameters": {
                          "entityName": "ikam_dummyemployees",
                          "$filter": "ikam_name eq '@{triggerBody()['text']}'"
                        },
                        "authentication": "@parameters('$authentication')"
                      }
                    },
                    "Condition_3": {
                      "actions": {
                        "Response_5": {
                          "runAfter": {},
                          "metadata": {
                            "operationMetadataId": "00c2fd28-2ad9-450f-a66c-80de927bc11e"
                          },
                          "type": "Response",
                          "kind": "Http",
                          "inputs": {
                            "statusCode": 200,
                            "body": {
                              "employeeId": null,
                              "givenName": "@{first(outputs('List_rows_2')?['body/value'])?['ikam_name']}",
                              "surname": "@{first(outputs('List_rows_2')?['body/value'])?['ikam_surname']}",
                              "mobilePhone": null,
                              "mail": "@{first(outputs('List_rows_2')?['body/value'])?['ikam_mail']}",
                              "jobTitle": "@{first(outputs('List_rows_2')?['body/value'])?['ikam_jobtitle']}",
                              "department": "@{first(outputs('List_rows_2')?['body/value'])?['ikam_department']}",
                              "companyName": null,
                              "country": "@{first(outputs('List_rows_2')?['body/value'])?['ikam_country']}",
                              "userPrincipalName": null,
                              "city": null,
                              "usageLocation": null,
                              "officeLocation": "@{first(outputs('List_rows_2')?['body/value'])?['_ikam_officelocation_value@OData.Community.Display.V1.FormattedValue']}",
                              "mailNickname": "@{first(outputs('List_rows_2')?['body/value'])?['ikam_name']}",
                              "environmentid": "@{workflow()['tags']['environmentName']}"
                            },
                            "schema": {
                              "type": "object",
                              "properties": {
                                "employeeId": {
                                  "type": "string"
                                },
                                "givenName": {
                                  "type": "string"
                                },
                                "surname": {
                                  "type": "string"
                                },
                                "mobilePhone": {
                                  "type": "string"
                                },
                                "mail": {
                                  "type": "string"
                                },
                                "jobTitle": {
                                  "type": "string"
                                },
                                "department": {
                                  "type": "string"
                                },
                                "companyName": {
                                  "type": "string"
                                },
                                "country": {
                                  "type": "string"
                                },
                                "userPrincipalName": {
                                  "type": "string"
                                },
                                "city": {
                                  "type": "string"
                                },
                                "usageLocation": {
                                  "type": "string"
                                },
                                "officeLocation": {
                                  "type": "string"
                                },
                                "mailNickname": {
                                  "type": "string"
                                },
                                "environmentid": {
                                  "type": "string"
                                }
                              }
                            }
                          }
                        }
                      },
                      "runAfter": {
                        "List_rows_2": [
                          "Succeeded"
                        ]
                      },
                      "else": {
                        "actions": {
                          "List_rows_3": {
                            "runAfter": {},
                            "metadata": {
                              "operationMetadataId": "e2c7a517-ea90-45fb-bef9-f91bf308bd57"
                            },
                            "type": "OpenApiConnection",
                            "inputs": {
                              "host": {
                                "connectionName": "shared_commondataserviceforapps_1",
                                "operationId": "ListRecords",
                                "apiId": "/providers/Microsoft.PowerApps/apis/shared_commondataserviceforapps"
                              },
                              "parameters": {
                                "entityName": "ikam_dummyemployees",
                                "$orderby": "createdon desc",
                                "$top": 1
                              },
                              "authentication": "@parameters('$authentication')"
                            }
                          },
                          "Add_a_new_row": {
                            "runAfter": {
                              "Condition_4": [
                                "Succeeded"
                              ]
                            },
                            "metadata": {
                              "operationMetadataId": "bfa346f5-da6a-49b4-9a14-ad84c2f15186"
                            },
                            "type": "OpenApiConnection",
                            "inputs": {
                              "host": {
                                "connectionName": "shared_commondataserviceforapps_1",
                                "operationId": "CreateRecord",
                                "apiId": "/providers/Microsoft.PowerApps/apis/shared_commondataserviceforapps"
                              },
                              "parameters": {
                                "entityName": "ikam_dummyemployees",
                                "item/ikam_name": "@triggerBody()['text']",
                                "item/ikam_country": "Sweden",
                                "item/ikam_department": "AMT",
                                "item/ikam_jobtitle": "AMT",
                                "item/ikam_mail": "user@{variables('varDummyCount')}@amt.com",
                                "item/statuscode": 1,
                                "item/ikam_surname": "@{triggerBody()['text']}Surname"
                              },
                              "authentication": "@parameters('$authentication')"
                            }
                          },
                          "Condition_4": {
                            "actions": {
                              "Compose": {
                                "runAfter": {},
                                "metadata": {
                                  "operationMetadataId": "8a833b89-dce3-4396-9b79-921e92e42cb3"
                                },
                                "type": "Compose",
                                "inputs": "@first(split(outputs('List_rows_3')?['body/value'][0]?['ikam_mail'],'@'))"
                              },
                              "Set_variable": {
                                "runAfter": {
                                  "Compose_2": [
                                    "Succeeded"
                                  ]
                                },
                                "metadata": {
                                  "operationMetadataId": "d561bd4a-c8ac-4207-bc75-63aca8479418"
                                },
                                "type": "SetVariable",
                                "inputs": {
                                  "name": "varDummyCount",
                                  "value": "@int(outputs('Compose_2'))"
                                }
                              },
                              "Compose_2": {
                                "runAfter": {
                                  "Compose": [
                                    "Succeeded"
                                  ]
                                },
                                "metadata": {
                                  "operationMetadataId": "95706217-de15-4a11-adfb-fd3b925becb9"
                                },
                                "type": "Compose",
                                "inputs": "@substring(outputs('Compose'),4)"
                              },
                              "Increment_variable": {
                                "runAfter": {
                                  "Set_variable": [
                                    "Succeeded"
                                  ]
                                },
                                "metadata": {
                                  "operationMetadataId": "06dc0132-3352-45db-b293-cc1004004d23"
                                },
                                "type": "IncrementVariable",
                                "inputs": {
                                  "name": "varDummyCount",
                                  "value": 1
                                }
                              }
                            },
                            "runAfter": {
                              "List_rows_3": [
                                "Succeeded"
                              ]
                            },
                            "else": {
                              "actions": {
                                "Set_variable_2": {
                                  "runAfter": {},
                                  "metadata": {
                                    "operationMetadataId": "90de671b-7ac1-45cc-ae9b-78a0aa46d032"
                                  },
                                  "type": "SetVariable",
                                  "inputs": {
                                    "name": "varDummyCount",
                                    "value": 1
                                  }
                                }
                              }
                            },
                            "expression": {
                              "greater": [
                                "@length(outputs('List_rows_3')?['body/value'])",
                                0
                              ]
                            },
                            "metadata": {
                              "operationMetadataId": "78a90b6b-a94e-400e-a681-f7022019af6b"
                            },
                            "type": "If"
                          },
                          "Response_6": {
                            "runAfter": {
                              "Add_a_new_row": [
                                "Succeeded"
                              ]
                            },
                            "metadata": {
                              "operationMetadataId": "00c2fd28-2ad9-450f-a66c-80de927bc11e"
                            },
                            "type": "Response",
                            "kind": "Http",
                            "inputs": {
                              "statusCode": 200,
                              "body": {
                                "employeeId": null,
                                "givenName": "@{outputs('Add_a_new_row')?['body/ikam_name']}",
                                "surname": "@{outputs('Add_a_new_row')?['body/ikam_surname']}",
                                "mobilePhone": null,
                                "mail": "@{outputs('Add_a_new_row')?['body/ikam_mail']}",
                                "jobTitle": "@{outputs('Add_a_new_row')?['body/ikam_jobtitle']}",
                                "department": "@{outputs('Add_a_new_row')?['body/ikam_department']}",
                                "companyName": null,
                                "country": "@{outputs('Add_a_new_row')?['body/ikam_country']}",
                                "userPrincipalName": null,
                                "city": null,
                                "usageLocation": null,
                                "officeLocation": "",
                                "mailNickname": "@{outputs('Add_a_new_row')?['body/ikam_name']}",
                                "environmentid": "@{workflow()['tags']['environmentName']}"
                              },
                              "schema": {
                                "type": "object",
                                "properties": {
                                  "employeeId": {
                                    "type": "string"
                                  },
                                  "givenName": {
                                    "type": "string"
                                  },
                                  "surname": {
                                    "type": "string"
                                  },
                                  "mobilePhone": {
                                    "type": "string"
                                  },
                                  "mail": {
                                    "type": "string"
                                  },
                                  "jobTitle": {
                                    "type": "string"
                                  },
                                  "department": {
                                    "type": "string"
                                  },
                                  "companyName": {
                                    "type": "string"
                                  },
                                  "country": {
                                    "type": "string"
                                  },
                                  "userPrincipalName": {
                                    "type": "string"
                                  },
                                  "city": {
                                    "type": "string"
                                  },
                                  "usageLocation": {
                                    "type": "string"
                                  },
                                  "officeLocation": {
                                    "type": "string"
                                  },
                                  "mailNickname": {
                                    "type": "string"
                                  },
                                  "environmentid": {
                                    "type": "string"
                                  }
                                }
                              }
                            }
                          }
                        }
                      },
                      "expression": {
                        "greater": [
                          "@length(outputs('List_rows_2')?['body/value'])",
                          0
                        ]
                      },
                      "metadata": {
                        "operationMetadataId": "ba6384f9-740a-42c9-b4e5-ae140149a81e"
                      },
                      "type": "If"
                    }
                  }
                },
                "expression": {
                  "greater": [
                    "@length(outputs('List_rows')?['body/value'])",
                    0
                  ]
                },
                "metadata": {
                  "operationMetadataId": "83ff7bac-9cfb-460e-90fd-499b34aa97ac"
                },
                "type": "If"
              }
            }
          },
          "expression": {
            "and": [
              {
                "equals": [
                  "@workflow()['tags']['environmentName']",
                  "4f7a37ab-5a05-490a-adf0-b5c5e8b64892"
                ]
              }
            ]
          },
          "metadata": {
            "operationMetadataId": "1dbc0d45-3da8-4aa9-a6d7-f3a4d49af997"
          },
          "type": "If"
        },
        "Initialize_variable": {
          "runAfter": {},
          "metadata": {
            "operationMetadataId": "5c642732-46d1-4c47-84b7-c51ad13d5bfb"
          },
          "type": "InitializeVariable",
          "inputs": {
            "variables": [
              {
                "name": "varDummyCount",
                "type": "integer"
              }
            ]
          }
        }
      }
    },
    "templateName": ""
  },
  "schemaVersion": "1.0.0.0"
}