{
  "properties": {
    "connectionReferences": {
      "shared_commondataserviceforapps_1": {
        "runtimeSource": "embedded",
        "connection": {
          "connectionReferenceLogicalName": "ikam_DataverseSAConnRef"
        },
        "api": {
          "name": "shared_commondataserviceforapps"
        }
      }
    },
    "definition": {
      "$schema": "https://schema.management.azure.com/providers/Microsoft.Logic/schemas/2016-06-01/workflowdefinition.json#",
      "contentVersion": "1.0.0.0",
      "parameters": {
        "$connections": {
          "defaultValue": {},
          "type": "Object"
        },
        "$authentication": {
          "defaultValue": {},
          "type": "SecureObject"
        }
      },
      "triggers": {
        "manual": {
          "metadata": {
            "operationMetadataId": "378168e8-38db-424e-b5ff-0276d6ef650d"
          },
          "type": "Request",
          "kind": "PowerAppV2",
          "inputs": {
            "schema": {
              "type": "object",
              "properties": {
                "text": {
                  "title": "jsonInput",
                  "type": "string",
                  "x-ms-dynamically-added": true,
                  "description": "Please enter your input",
                  "x-ms-content-hint": "TEXT"
                },
                "text_1": {
                  "title": "assetRequest",
                  "type": "string",
                  "x-ms-dynamically-added": true,
                  "description": "Please enter your input",
                  "x-ms-content-hint": "TEXT"
                }
              },
              "required": [
                "text",
                "text_1"
              ]
            }
          }
        }
      },
      "actions": {
        "Compose_2": {
          "runAfter": {
            "Initialize_variable": [
              "Succeeded"
            ]
          },
          "metadata": {
            "operationMetadataId": "55408bab-e571-4a0a-90b2-772bde6493ef"
          },
          "type": "Compose",
          "inputs": "@triggerBody()['text']"
        },
        "Parse_JSON": {
          "runAfter": {
            "Compose_2": [
              "Succeeded"
            ]
          },
          "metadata": {
            "operationMetadataId": "0e90118c-e16c-4d32-ab11-3c3395bafd6c"
          },
          "type": "ParseJson",
          "inputs": {
            "content": "@outputs('Compose_2')",
            "schema": {
              "type": "array",
              "items": {
                "type": "object",
                "properties": {
                  "Name": {
                    "type": "string"
                  },
                  "base64": {
                    "type": "string"
                  }
                },
                "required": [
                  "Name",
                  "base64"
                ]
              }
            }
          }
        },
        "Apply_to_each": {
          "foreach": "@body('Parse_JSON')",
          "actions": {
            "Condition": {
              "actions": {
                "Add_a_new_row": {
                  "runAfter": {},
                  "metadata": {
                    "operationMetadataId": "871f3fd7-2a92-41f5-b8d1-93ae7fe352b2"
                  },
                  "type": "OpenApiConnection",
                  "inputs": {
                    "host": {
                      "connectionName": "shared_commondataserviceforapps_1",
                      "operationId": "CreateRecord",
                      "apiId": "/providers/Microsoft.PowerApps/apis/shared_commondataserviceforapps"
                    },
                    "parameters": {
                      "entityName": "annotations",
                      "item/subject": "@items('Apply_to_each')['Name']",
                      "item/isdocument": true,
                      "item/documentbody": "@decodeBase64(base64(items('Apply_to_each')['base64']))",
                      "item/filename": "@items('Apply_to_each')['Name']",
                      "item/objectid_ikam_assetrequest@odata.bind": "ikam_assetrequests(@{triggerBody()['text_1']})"
                    },
                    "authentication": "@parameters('$authentication')"
                  }
                }
              },
              "runAfter": {
                "Append_to_array_variable": [
                  "Succeeded"
                ]
              },
              "expression": {
                "equals": [
                  "@length(body('Filter_array_2'))",
                  0
                ]
              },
              "metadata": {
                "operationMetadataId": "1b988d6a-ec2e-4e33-a48c-91e5300ed841"
              },
              "type": "If"
            },
            "Append_to_array_variable": {
              "runAfter": {
                "Filter_array_2": [
                  "Succeeded"
                ]
              },
              "metadata": {
                "operationMetadataId": "7a498c4d-ca87-43f7-9efa-27c6b39d5f33"
              },
              "type": "AppendToArrayVariable",
              "inputs": {
                "name": "inputFilesArray",
                "value": "@items('Apply_to_each')['Name']"
              }
            },
            "Filter_array_2": {
              "runAfter": {},
              "metadata": {
                "operationMetadataId": "b6275288-1f23-404a-9182-8a2b7fa6d4dd"
              },
              "type": "Query",
              "inputs": {
                "from": "@body('Select')",
                "where": "@equals(item()?['fileName'], string(items('Apply_to_each')?['Name']))"
              }
            }
          },
          "runAfter": {
            "Select": [
              "Succeeded"
            ]
          },
          "metadata": {
            "operationMetadataId": "4c20919d-5ea4-4904-994c-61119c5c5014"
          },
          "type": "Foreach"
        },
        "List_rows_2": {
          "runAfter": {
            "Parse_JSON": [
              "Succeeded"
            ]
          },
          "metadata": {
            "operationMetadataId": "bc3e07b1-eeeb-4038-af06-73b651abb4ef"
          },
          "type": "OpenApiConnection",
          "inputs": {
            "host": {
              "connectionName": "shared_commondataserviceforapps_1",
              "operationId": "ListRecords",
              "apiId": "/providers/Microsoft.PowerApps/apis/shared_commondataserviceforapps"
            },
            "parameters": {
              "entityName": "annotations",
              "fetchXml": "<fetch version=\"1.0\" output-format=\"xml-platform\" mapping=\"logical\" distinct=\"false\">\n<entity name=\"annotation\">\n<attribute name=\"filename\"/>\n<attribute name=\"annotationid\"/>\n<order attribute=\"filename\" descending=\"false\"/>\n<filter type=\"and\">\n<condition attribute=\"filename\" operator=\"not-null\"/>\n</filter>\n<link-entity name=\"ikam_assetrequest\" from=\"ikam_assetrequestid\" to=\"objectid\" link-type=\"inner\" alias=\"af\">\n<filter type=\"and\">\n<condition attribute=\"ikam_assetrequestid\" operator=\"eq\" value=\"@{triggerBody()['text_1']}\"/>\n</filter>\n</link-entity>\n</entity>\n</fetch>"
            },
            "authentication": "@parameters('$authentication')"
          }
        },
        "Initialize_variable": {
          "runAfter": {},
          "metadata": {
            "operationMetadataId": "c5de728e-c3e4-47fb-b7d5-ce07e523927b"
          },
          "type": "InitializeVariable",
          "inputs": {
            "variables": [
              {
                "name": "inputFilesArray",
                "type": "array"
              }
            ]
          }
        },
        "Filter_array": {
          "runAfter": {
            "Apply_to_each": [
              "Succeeded"
            ]
          },
          "metadata": {
            "operationMetadataId": "cec57e85-4400-40ca-ae80-7da821226cf7"
          },
          "type": "Query",
          "inputs": {
            "from": "@body('Select')",
            "where": "@not(contains(variables('inputFilesArray'), item()?['fileName']))"
          }
        },
        "Select": {
          "runAfter": {
            "List_rows_2": [
              "Succeeded"
            ]
          },
          "metadata": {
            "operationMetadataId": "ef6b1002-775f-47a4-a419-1210ffda85ac"
          },
          "type": "Select",
          "inputs": {
            "from": "@outputs('List_rows_2')?['body/value']",
            "select": {
              "fileName": "@item()?['filename']",
              "notesId": "@item()?['annotationid']"
            }
          }
        },
        "Condition_2": {
          "actions": {},
          "runAfter": {
            "Filter_array": [
              "Succeeded"
            ]
          },
          "else": {
            "actions": {
              "Apply_to_each_2": {
                "foreach": "@body('Filter_array')",
                "actions": {
                  "Delete_a_row": {
                    "runAfter": {},
                    "metadata": {
                      "operationMetadataId": "e2fb697c-4d83-4a6d-bfa3-46f6571e5082"
                    },
                    "type": "OpenApiConnection",
                    "inputs": {
                      "host": {
                        "connectionName": "shared_commondataserviceforapps_1",
                        "operationId": "DeleteRecord",
                        "apiId": "/providers/Microsoft.PowerApps/apis/shared_commondataserviceforapps"
                      },
                      "parameters": {
                        "entityName": "annotations",
                        "recordId": "@items('Apply_to_each_2')?['notesId']"
                      },
                      "authentication": "@parameters('$authentication')"
                    }
                  }
                },
                "runAfter": {},
                "metadata": {
                  "operationMetadataId": "a5d1cff3-9a2a-43eb-abca-f3a669022a37"
                },
                "type": "Foreach"
              }
            }
          },
          "expression": {
            "equals": [
              "@length(body('Filter_array'))",
              0
            ]
          },
          "metadata": {
            "operationMetadataId": "0bbdfa09-2925-4ec7-9925-c78f7d24db8d"
          },
          "type": "If"
        }
      },
      "outputs": {}
    },
    "templateName": ""
  },
  "schemaVersion": "1.0.0.0"
}