<environmentvariabledefinition schemaname="ikam_varEnv_PnC_PBILink">
  <description default="Power bi embed link for P&amp;C Report">
    <label description="Power bi embed link for P&amp;C Report" languagecode="1033" />
  </description>
  <displayname default="varEnv_PnC_PBILink">
    <label description="varEnv_PnC_PBILink" languagecode="1033" />
  </displayname>
  <introducedversion>1.1.4.3</introducedversion>
  <iscustomizable>1</iscustomizable>
  <isrequired>0</isrequired>
  <secretstore>0</secretstore>
  <type>100000000</type>
</environmentvariabledefinition>