<environmentvariabledefinition schemaname="ikam_varEnv_IT_PBILink">
  <description default="IT Report power BI embed link">
    <label description="IT Report power BI embed link" languagecode="1033" />
  </description>
  <displayname default="varEnv_IT_PBILink">
    <label description="varEnv_IT_PBILink" languagecode="1033" />
  </displayname>
  <introducedversion>1.1.4.3</introducedversion>
  <iscustomizable>1</iscustomizable>
  <isrequired>0</isrequired>
  <secretstore>0</secretstore>
  <type>100000000</type>
</environmentvariabledefinition>