<appaction uniquename="ikam__SenttoDispose!00356f6643c44b1dbc104588928dde41!ikam_AssetInventoryManagement!ikam_assetinventory!0">
  <appmoduleid>
    <uniquename>ikam_AssetInventoryManagement</uniquename>
  </appmoduleid>
  <buttonlabeltext default="Sent for disposal">
    <label description="Sent for disposal" languagecode="1033" />
  </buttonlabeltext>
  <context>1</context>
  <contextentity>
    <logicalname>ikam_assetinventory</logicalname>
  </contextentity>
  <contextvalue>ikam_assetinventory</contextvalue>
  <fonticon>$clientsvg:Delete</fonticon>
  <hidden>0</hidden>
  <iscustomizable>1</iscustomizable>
  <isdisabled>0</isdisabled>
  <isgrouptitlehidden>0</isgrouptitlehidden>
  <location>0</location>
  <name>SenttoDispose!00356f6643c44b1dbc104588928dde41</name>
  <onclickeventformulacomponentlibraryid>
    <name>cr851_assetinventorymanagementdefaultcommandlibrary_3659f</name>
  </onclickeventformulacomponentlibraryid>
  <onclickeventformulacomponentname>781d518dddaa44c497c3958c78b2ba55</onclickeventformulacomponentname>
  <onclickeventformulafunctionname>OnSelect</onclickeventformulafunctionname>
  <onclickeventtype>1</onclickeventtype>
  <origin>0</origin>
  <parentappactionid>
    <uniquename>ikam__NewGroup!e933a2accb7b4948bb054e33740b82c9!ikam_AssetInventoryManagement!ikam_assetinventory!0</uniquename>
  </parentappactionid>
  <sequence>50000.0000000000</sequence>
  <statecode>0</statecode>
  <statuscode>1</statuscode>
  <type>0</type>
  <visibilityformulacomponentlibraryid>
    <name>cr851_assetinventorymanagementdefaultcommandlibrary_3659f</name>
  </visibilityformulacomponentlibraryid>
  <visibilityformulacomponentname>781d518dddaa44c497c3958c78b2ba55</visibilityformulacomponentname>
  <visibilityformulafunctionname>Visible</visibilityformulafunctionname>
  <visibilitytype>1</visibilitytype>
</appaction>