<environmentvariabledefinition schemaname="ikam_varNewAssetInventoryURL">
  <description default="link to redirect from canvas app when asset to be purchased">
    <label description="link to redirect from canvas app when asset to be purchased" languagecode="1033" />
  </description>
  <displayname default="varNewAssetInventoryURL">
    <label description="varNewAssetInventoryURL" languagecode="1033" />
  </displayname>
  <introducedversion>1.0.1.76</introducedversion>
  <iscustomizable>1</iscustomizable>
  <isrequired>0</isrequired>
  <secretstore>0</secretstore>
  <type>100000000</type>
</environmentvariabledefinition>