<appaction uniquename="ikam__ToBeDisposed!08730263e106421792946864a36ef6fe!ikam_AssetInventoryManagement!ikam_assetinventory!0">
  <appmoduleid>
    <uniquename>ikam_AssetInventoryManagement</uniquename>
  </appmoduleid>
  <buttonlabeltext default="To be disposed">
    <label description="To be disposed" languagecode="1033" />
  </buttonlabeltext>
  <context>1</context>
  <contextentity>
    <logicalname>ikam_assetinventory</logicalname>
  </contextentity>
  <contextvalue>ikam_assetinventory</contextvalue>
  <fonticon>$clientsvg:Delete</fonticon>
  <hidden>0</hidden>
  <iscustomizable>1</iscustomizable>
  <isdisabled>0</isdisabled>
  <isgrouptitlehidden>0</isgrouptitlehidden>
  <location>0</location>
  <name>ToBeDisposed!08730263e106421792946864a36ef6fe</name>
  <onclickeventjavascriptfunctionname>openPage</onclickeventjavascriptfunctionname>
  <onclickeventjavascriptparameters>[{"type":5}]</onclickeventjavascriptparameters>
  <onclickeventjavascriptwebresourceid>
    <webresourceid>2c801780-b75e-ee11-be6f-000d3adf7f4b</webresourceid>
  </onclickeventjavascriptwebresourceid>
  <onclickeventtype>2</onclickeventtype>
  <origin>0</origin>
  <parentappactionid>
    <uniquename>ikam__NewGroup!e933a2accb7b4948bb054e33740b82c9!ikam_AssetInventoryManagement!ikam_assetinventory!0</uniquename>
  </parentappactionid>
  <sequence>40000.0000000000</sequence>
  <statecode>0</statecode>
  <statuscode>1</statuscode>
  <type>0</type>
  <visibilityformulacomponentlibraryid>
    <name>cr851_assetinventorymanagementdefaultcommandlibrary_3659f</name>
  </visibilityformulacomponentlibraryid>
  <visibilityformulacomponentname>ad20f63779074cab80f1d0105dc069d2</visibilityformulacomponentname>
  <visibilityformulafunctionname>Visible</visibilityformulafunctionname>
  <visibilitytype>1</visibilitytype>
</appaction>