<environmentvariabledefinition schemaname="ikam_varInsights_PBILink">
  <description default="Power BI link for Asset Inventory Insights">
    <label description="Power BI link for Asset Inventory Insights" languagecode="1033" />
  </description>
  <displayname default="varInsights_PBILink">
    <label description="varInsights_PBILink" languagecode="1033" />
  </displayname>
  <introducedversion>1.2.1.7</introducedversion>
  <iscustomizable>1</iscustomizable>
  <isrequired>0</isrequired>
  <secretstore>0</secretstore>
  <type>100000000</type>
</environmentvariabledefinition>