<appaction uniquename="ikam__NewCommand!f71fcd59abfb480fb8975f9127cd08f6!ikam_AssetInventoryManagement!ikam_employee!1">
  <appmoduleid>
    <uniquename>ikam_AssetInventoryManagement</uniquename>
  </appmoduleid>
  <buttonlabeltext default="Add Co-worker">
    <label description="Add Co-worker" languagecode="1033" />
  </buttonlabeltext>
  <context>1</context>
  <contextentity>
    <logicalname>ikam_employee</logicalname>
  </contextentity>
  <contextvalue>ikam_employee</contextvalue>
  <fonticon>GuestUser</fonticon>
  <hidden>0</hidden>
  <iscustomizable>1</iscustomizable>
  <isdisabled>0</isdisabled>
  <isgrouptitlehidden>0</isgrouptitlehidden>
  <location>1</location>
  <name>NewCommand!f71fcd59abfb480fb8975f9127cd08f6</name>
  <onclickeventjavascriptfunctionname>openPage</onclickeventjavascriptfunctionname>
  <onclickeventjavascriptparameters>[]</onclickeventjavascriptparameters>
  <onclickeventjavascriptwebresourceid>
    <webresourceid>5418d4c1-5663-ee11-8df0-000d3adf796b</webresourceid>
  </onclickeventjavascriptwebresourceid>
  <onclickeventtype>2</onclickeventtype>
  <origin>0</origin>
  <sequence>1000100015.2500000000</sequence>
  <statecode>0</statecode>
  <statuscode>1</statuscode>
  <type>0</type>
  <visibilitytype>0</visibilitytype>
</appaction>